asin,product_type,purchase_rows
0439738628,PUZZLES,1
0553509799,PUZZLES,1
0692189823,PUZZLES,1
073533305X,PUZZLES,1
0735333416,PUZZLES,3
0735340080,PUZZLES,1
0735345724,PUZZLES,1
0735345759,PUZZLES,1
0735347468,PUZZLES,1
0735348200,PUZZLES,1
0735348804,PUZZLES,1
0735348944,PUZZLES,3
0735349088,PUZZLES,4
0735349606,PUZZLES,3
0735349959,PUZZLES,1
0735351228,PUZZLES,1
0735351937,PUZZLES,1
0735351953,PUZZLES,1
0735351961,PUZZLES,2
0735353247,PUZZLES,1
0735353263,PUZZLES,1
0735353522,PUZZLES,1
0735354251,PUZZLES,1
0735355320,PUZZLES,3
0735355339,PUZZLES,1
0735355657,PUZZLES,1
0735355681,PUZZLES,1
0735355800,PUZZLES,1
0735356866,PUZZLES,1
0735356955,PUZZLES,1
073535703X,PUZZLES,1
0735357064,PUZZLES,5
0735357145,PUZZLES,1
0735357153,PUZZLES,1
0735357226,PUZZLES,1
073535751X,PUZZLES,1
073535765X,PUZZLES,2
0735357811,PUZZLES,3
073535782X,PUZZLES,1
073535961X,PUZZLES,3
0735359644,PUZZLES,1
0735360537,PUZZLES,1
0735360847,PUZZLES,1
073536107X,PUZZLES,1
073536110X,PUZZLES,1
0735362335,PUZZLES,1
0735362343,PUZZLES,1
073536267X,PUZZLES,1
0735362688,PUZZLES,1
073536334X,PUZZLES,1
0735364494,PUZZLES,2
073536463X,PUZZLES,1
0735364761,PUZZLES,3
0735364842,PUZZLES,1
0735364907,PUZZLES,1
073536642X,PUZZLES,1
0735366489,PUZZLES,1
0735366543,PUZZLES,1
0735366667,PUZZLES,2
0735367078,PUZZLES,1
0735367086,PUZZLES,2
0735367094,PUZZLES,1
0735367523,PUZZLES,2
0735368635,DRINKING_CUP,1
0735369305,PUZZLES,1
0735369607,PUZZLES,1
0735370117,PUZZLES,1
0735370133,PUZZLES,1
073537046X,PUZZLES,1
0735370745,PUZZLES,1
073538309X,PUZZLES,1
0764932233,PUZZLES,1
076494617X,PUZZLES,1
0764954237,PUZZLES,2
0764974289,PUZZLES,1
1223062503,PUZZLES,12
1250093678,PUZZLES,1
1440560870,PUZZLES,2
1441330615,PUZZLES,1
1441330674,PUZZLES,1
1450802281,PUZZLES,4
1452174644,PUZZLES,1
1452179700,PUZZLES,2
1452182272,PUZZLES,4
1454923717,DRINKING_CUP,1
1495006204,PUZZLES,1
1524763594,PUZZLES,1
1597259411,PUZZLES,1
1598696475,PUZZLES,1
1629796271,PUZZLES,1
1635448743,PUZZLES,1
1645171612,PUZZLES,1
1645580814,PUZZLES,2
1684378893,PUZZLES,1
1786276585,PUZZLES,2
1786277492,PUZZLES,1
1797210181,PUZZLES,2
179721019X,PUZZLES,3
1797210726,PUZZLES,3
1797212222,PUZZLES,2
1797214209,PUZZLES,1
735348944,PUZZLES,1
735349088,PUZZLES,1
735353239,PUZZLES,1
735355320,PUZZLES,1
735357811,PUZZLES,1
735363560,PUZZLES,2
762463651,PUZZLES,1
764999427,PUZZLES,1
9178891655,DRINKING_CUP,1
B00000IWI3,PUZZLES,1
B00000JGWY,PUZZLES,2
B00000JJ66,PUZZLES,1
B00004OCKR,DRINKING_CUP,7
B00004R8LX,PUZZLES,7
B00004RFPY,BAKING_PAN,2
B00004RFQ4,BAKING_PAN,2
B00004S1BT,BAKING_PAN,6
B00004S1BU,BAKING_PAN,6
B00004S1D5,BAKING_PAN,1
B00004S7YO,BAKING_PAN,1
B00004S7YS,BAKING_PAN,2
B00004S9CA,DRINKING_CUP,1
B00004S9CB,DRINKING_CUP,1
B00004WHN9,PUZZLES,6
B00004WKNN,PUZZLES,1
B00005NCWY,BAKING_PAN,1
B000063SKQ,BAKING_PAN,1
B0000658L4,BAKING_PAN,8
B000067QC0,PUZZLES,1
B000069AJV,PUZZLES,2
B00006FWW2,BAKING_PAN,1
B00006G958,BAKING_PAN,3
B00006JSVI,BAKING_PAN,1
B00007L5WU,BLANKET,1
B000084JMC,PUZZLES,4
B000088UPW,PUZZLES,2
B00008KWO6,BLANKET,1
B00008UA40,BAKING_PAN,1
B00008UA41,BAKING_PAN,1
B00008W70F,BAKING_PAN,1
B00008W70G,BAKING_PAN,2
B00008W70H,BAKING_PAN,4
B00008W70J,BAKING_PAN,1
B000096LWJ,DRINKING_CUP,1
B000096M2Z,DRINKING_CUP,7
B000096M59,DRINKING_CUP,17
B000096QJQ,PUZZLES,3
B000096QQ1,PUZZLES,2
B00009B1UI,PUZZLES,5
B00009X3XY,PUZZLES,2
B00009ZKRO,PUZZLES,21
B0000A4NC9,DRINKING_CUP,1
B0000AE611,DRINKING_CUP,1
B0000B2T9O,DRINKING_CUP,1
B0000BX8MS,BLANKET,1
B0000C513K,PUZZLES,1
B0000CFMLH,BAKING_PAN,3
B0000CFN59,BAKING_PAN,2
B0000CFN5E,BAKING_PAN,1
B0000CFSMY,BAKING_PAN,3
B0000CFU6X,BAKING_PAN,1
B0000D8CAO,BAKING_PAN,6
B0000DDVQA,BAKING_PAN,1
B0000DE2QM,BAKING_PAN,1
B0000DIX6V,BAKING_PAN,6
B0000DIX7K,BAKING_PAN,10
B0000DIX7U,BAKING_PAN,7
B0000DIX7Y,BAKING_PAN,5
B0000DJQCA,DRINKING_CUP,1
B0000E2V3X,BAKING_PAN,2
B0000E6I1F,PUZZLES,1
B0000ULZX6,BAKING_PAN,2
B0000ULZXG,BAKING_PAN,4
B0000ULZY0,BAKING_PAN,2
B0000ULZYK,BAKING_PAN,3
B0000VLIH8,BAKING_PAN,6
B0000VLIHI,BAKING_PAN,1
B0000VLIUA,DRINKING_CUP,1
B0000VMF9S,BAKING_PAN,1
B0000VMFCU,BAKING_PAN,1
B0000VMFJ8,BAKING_PAN,4
B0000VMHLO,BAKING_PAN,1
B0000VMHVO,BAKING_PAN,5
B0000VMHWS,BAKING_PAN,1
B0000VMI1S,BAKING_PAN,5
B0000VYQGI,BAKING_PAN,1
B0000VZ2RA,BAKING_PAN,1
B0000VZ3YM,BAKING_PAN,4
B0000VZ4M8,BAKING_PAN,1
B00016B04S,DRINKING_CUP,1
B00018HQAI,DRINKING_CUP,1
B0001DS88W,BAKING_PAN,1
B0001H2686,DRINKING_CUP,1
B0001LQNG8,BAKING_PAN,1
B0001MS400,BAKING_PAN,1
B0001NE9F8,DRINKING_CUP,5
B0001WGISK,PUZZLES,1
B0001WPNA4,BAKING_PAN,9
B0002134C8,BLANKET,1
B00021YHR4,DRINKING_CUP,1
B00022Q0TQ,DRINKING_CUP,2
B000237FS0,BAKING_PAN,5
B000237FSA,BAKING_PAN,7
B00024JRC6,BAKING_PAN,2
B000251H5K,DRINKING_CUP,2
B00029TM80,BLANKET,2
B0002CPH4K,BLANKET,1
B0002HR4VE,PUZZLES,2
B0002HR6MQ,PUZZLES,2
B0002HR7Y8,PUZZLES,1
B0002HR7ZM,PUZZLES,1
B0002HWG9O,PUZZLES,1
B0002HWG9Y,PUZZLES,1
B0002HWHYS,PUZZLES,1
B0002I0GPY,PUZZLES,1
B0002LCZ6O,SURFACE_CLEANING_WIPE,87
B0002MR2WU,DRINKING_CUP,3
B0002YS32G,DRINKING_CUP,1
B0004JKQF6,TOILET_PAPER,1
B0006388MI,BAKING_PAN,1
B00063RX60,BAKING_PAN,1
B0006GT4BY,BAKING_PAN,1
B0006H1BGY,PUZZLES,1
B0006IW02M,BAKING_PAN,1
B0006KSMHC,PUZZLES,2
B0006SGQFY,BAKING_PAN,8
B0006SJZJ8,BAKING_PAN,1
B0006Z9SQG,SURFACE_CLEANING_WIPE,2
B0007L64WU,PUZZLES,1
B0007LXWD4,PUZZLES,2
B0007M3ZH6,PUZZLES,6
B0007ODGIC,PUZZLES,1
B0007ODGTQ,PUZZLES,2
B0007WNTRC,PUZZLES,2
B0007Y4DLG,PUZZLES,9
B00080QK2O,BAKING_PAN,1
B00099E0YO,DRINKING_CUP,1
B0009EXN10,DRINKING_CUP,3
B0009EYIUU,BAKING_PAN,1
B0009I6KRK,DRINKING_CUP,2
B0009I6KS4,DRINKING_CUP,1
B0009P5Z24,DRINKING_CUP,1
B0009PUR72,DRINKING_CUP,4
B0009QXXB8,PUZZLES,3
B0009RWIP4,BLANKET,2
B0009Y2CFS,BLANKET,1
B000A5CLH0,DRINKING_CUP,1
B000ALDLXM,BLANKET,1
B000B9RHYC,PUZZLES,3
B000BOHIX2,DRINKING_CUP,1
B000BQ800U,TOILET_PAPER,2
B000BTNLBK,BLANKET,1
B000BUQOD6,TOILET_PAPER,3
B000BUU5UO,TOILET_PAPER,2
B000BVKPNA,DRINKING_CUP,1
B000BXJZY8,PUZZLES,1
B000BXK0L0,PUZZLES,1
B000BXKRUO,PUZZLES,1
B000BXKTU2,PUZZLES,1
B000BYM788,PUZZLES,2
B000BYNTYY,PUZZLES,2
B000BZ9RKI,BAKING_PAN,1
B000C7P47K,TOILET_PAPER,1
B000E1KQ7C,PUZZLES,1
B000E9BZ42,PUZZLES,3
B000E9DPCW,PUZZLES,4
B000EADOXQ,DRINKING_CUP,1
B000EFJR0K,TOILET_PAPER,5
B000EIFS1Y,SURFACE_CLEANING_WIPE,2
B000EK59H0,PUZZLES,3
B000EK5AEC,PUZZLES,1
B000ELUWGW,BAKING_PAN,2
B000EOEAW6,PUZZLES,1
B000EOIFKY,PUZZLES,1
B000EOIFLI,PUZZLES,1
B000EURKG8,BAKING_PAN,4
B000F5IB4C,BAKING_PAN,2
B000F676D8,PUZZLES,2
B000F741W6,BAKING_PAN,1
B000F7A5PS,BAKING_PAN,1
B000F7M82G,DRINKING_CUP,1
B000FCD0NM,BAKING_PAN,2
B000FCD1PY,BAKING_PAN,1
B000FCGTLM,BAKING_PAN,4
B000FCIP0K,BAKING_PAN,1
B000FDAL56,PUZZLES,1
B000FDCA14,PUZZLES,1
B000FDX0RW,SURFACE_CLEANING_WIPE,30
B000FGECAI,PUZZLES,20
B000FKKHQW,BAKING_PAN,1
B000FP2VTS,BLANKET,1
B000FPCWXI,PUZZLES,1
B000FPE038,PUZZLES,2
B000FPFD8O,PUZZLES,1
B000FQ2CJG,PUZZLES,1
B000FQBCFQ,PUZZLES,1
B000FQBCGK,PUZZLES,1
B000FS70QE,PUZZLES,2
B000FT1F6Y,BAKING_PAN,3
B000FU8DP4,BAKING_PAN,2
B000FUEZA6,PUZZLES,1
B000FULOBE,PUZZLES,1
B000G0KQWQ,BLANKET,2
B000G0OKJQ,BLANKET,1
B000GA90XC,PUZZLES,1
B000GCRZL4,SURFACE_CLEANING_WIPE,13
B000GHVGKA,PUZZLES,1
B000GI0R04,PUZZLES,2
B000GK5XY2,DRINKING_CUP,9
B000GKATXM,PUZZLES,1
B000GKAU1I,PUZZLES,4
B000GKD01K,PUZZLES,1
B000GKI89O,PUZZLES,1
B000GKU3GU,PUZZLES,1
B000GKW73C,PUZZLES,1
B000GKXY7U,PUZZLES,1
B000GL1DI6,PUZZLES,1
B000GPQP7Q,BLANKET,1
B000GZNN94,BLANKET,1
B000H0E88S,SURFACE_CLEANING_WIPE,2
B000H1XYGY,DRINKING_CUP,1
B000HM9UDO,BAKING_PAN,4
B000HQKPB6,SURFACE_CLEANING_WIPE,1
B000I1UXUI,BAKING_PAN,2
B000I1V302,BAKING_PAN,1
B000IBP3KI,BAKING_PAN,1
B000IFBFXI,DRINKING_CUP,2
B000JFTDPE,TOILET_PAPER,1
B000JLXEWQ,PUZZLES,1
B000KSQRN6,PUZZLES,2
B000KWJSKG,PUZZLES,6
B000KWTXZ6,DRINKING_CUP,1
B000L6ME0M,PUZZLES,1
B000LCD2GQ,PUZZLES,1
B000LCELC0,PUZZLES,1
B000LFUKCM,PUZZLES,1
B000LLUL5C,DRINKING_CUP,1
B000MDB4ZK,DRINKING_CUP,1
B000MDJARO,PUZZLES,1
B000MF6V1K,DRINKING_CUP,1
B000MMK448,BAKING_PAN,3
B000MP20BU,PUZZLES,4
B000MQ8180,PUZZLES,1
B000MT61HK,DRINKING_CUP,1
B000N43OHY,DRINKING_CUP,1
B000N5GYF2,PUZZLES,1
B000NCAIFW,PUZZLES,2
B000NNQU6W,PUZZLES,1
B000NNQU76,PUZZLES,2
B000NSIF9C,DRINKING_CUP,3
B000NYPDIC,PUZZLES,3
B000O0XVH0,PUZZLES,1
B000OQO2RC,PUZZLES,1
B000OXAQ6G,BAKING_PAN,1
B000P1SA5G,DRINKING_CUP,1
B000P4D5ZI,DRINKING_CUP,1
B000P68GPA,DRINKING_CUP,1
B000P9WBLM,PUZZLES,2
B000PG9BZO,DRINKING_CUP,1
B000PGB9PE,DRINKING_CUP,1
B000PGWXYK,PUZZLES,1
B000PY8NKA,PUZZLES,4
B000PZZ0SW,BAKING_PAN,2
B000Q3F060,BAKING_PAN,4
B000Q65224,TOILET_PAPER,11
B000QIZ1I2,BAKING_PAN,5
B000QJ3TLW,BAKING_PAN,1
B000QJBONW,BAKING_PAN,1
B000QSLK9G,PUZZLES,1
B000QU69I6,DRINKING_CUP,4
B000QV0L98,DRINKING_CUP,1
B000RAEBL2,PUZZLES,1
B000REP3CO,PUZZLES,5
B000REP3E2,PUZZLES,4
B000REQHFG,PUZZLES,2
B000RFAAEO,DRINKING_CUP,3
B000RMKN8K,SURFACE_CLEANING_WIPE,1
B000RMZSYE,PUZZLES,3
B000RZTJ0A,DRINKING_CUP,1
B000S5R0U0,PUZZLES,1
B000SBPYD4,BAKING_PAN,1
B000SBPYDE,BAKING_PAN,1
B000SKP5WK,BAKING_PAN,2
B000SSWXPO,BAKING_PAN,1
B000TV59EC,TOILET_PAPER,2
B000TVQRRA,SURFACE_CLEANING_WIPE,1
B000UZZLI6,BAKING_PAN,1
B000V5NVXW,SURFACE_CLEANING_WIPE,2
B000V63ENS,BLANKET,1
B000V63H2G,BLANKET,1
B000V6AI00,BLANKET,1
B000V6AJ0E,BLANKET,1
B000VDJ7WI,DRINKING_CUP,1
B000VDX9H2,DRINKING_CUP,1
B000VOEJ0C,DRINKING_CUP,1
B000VPCF9S,BAKING_PAN,3
B000VS85IK,DRINKING_CUP,2
B000VVXT9W,BLANKET,2
B000VVXTC4,BLANKET,1
B000VVZ5KI,BLANKET,2
B000VW0W14,BLANKET,4
B000VW2VAY,BLANKET,1
B000W0DHO4,BAKING_PAN,3
B000W35ZWS,SURFACE_CLEANING_WIPE,1
B000W5CE9S,BAKING_PAN,1
B000W72WD4,PUZZLES,1
B000WA5PXA,DRINKING_CUP,1
B000WA9RCU,DRINKING_CUP,1
B000WA9ROI,DRINKING_CUP,2
B000WACW9A,DRINKING_CUP,1
B000WEMG74,BAKING_PAN,1
B000WFM3B2,BLANKET,2
B000WLGGTQ,TOILET_PAPER,3
B000X1M2T8,BAKING_PAN,1
B000X7T8EE,TOILET_PAPER,5
B000XYOUBS,DRINKING_CUP,2
B000XZVTLG,DRINKING_CUP,1
B000Y887XK,PUZZLES,3
B000Z4ETF8,DRINKING_CUP,1
B000Z8C4O2,PUZZLES,1
B000ZLF0AO,DRINKING_CUP,1
B000ZZYQ6E,DRINKING_CUP,1
B00103ZXG2,DRINKING_CUP,1
B0010OD6MO,BLANKET,2
B0010TEFFQ,DRINKING_CUP,1
B0010XP880,SURFACE_CLEANING_WIPE,1
B00114ORI0,BLANKET,1
B00119UGEE,SURFACE_CLEANING_WIPE,3
B00119XYFM,SURFACE_CLEANING_WIPE,5
B0011VV4R0,DRINKING_CUP,1
B00122TLGO,PUZZLES,2
B0012GU0BA,BAKING_PAN,2
B0012M2N0K,DRINKING_CUP,1
B0012M81V0,DRINKING_CUP,1
B0012PXPMW,PUZZLES,1
B0012Q32JM,BAKING_PAN,5
B0012Q5QQ4,BAKING_PAN,2
B0012Q5QQY,BAKING_PAN,2
B0012Q7TIW,BAKING_PAN,1
B0012Q7TK0,BAKING_PAN,1
B001331MUK,BAKING_PAN,2
B0013374AM,BAKING_PAN,3
B0013374CA,BAKING_PAN,1
B001392JRE,BAKING_PAN,1
B0013BK7OO,BAKING_PAN,1
B0013FCCP2,DRINKING_CUP,1
B0013FKJ2A,BLANKET,1
B0013HUIG0,DRINKING_CUP,15
B0013Z9NWC,DRINKING_CUP,1
B00146E6LI,PUZZLES,4
B00146G706,PUZZLES,3
B00146I2WM,PUZZLES,1
B00146I32G,PUZZLES,3
B00146LUX0,PUZZLES,2
B0014A7QO8,PUZZLES,1
B0014C440U,TOILET_PAPER,9
B0014D2CY4,DRINKING_CUP,1
B0014D3O9G,DRINKING_CUP,1
B0014JVWZS,DRINKING_CUP,1
B0015CFMVY,DRINKING_CUP,1
B0015GFN4G,PUZZLES,1
B0015R8B7Q,DRINKING_CUP,2
B0015ZW8OA,SURFACE_CLEANING_WIPE,2
B001628LSE,PUZZLES,1
B001663QTE,PUZZLES,2
B0016FQK1Q,PUZZLES,3
B0016LXGD0,BAKING_PAN,1
B0017058TU,BLANKET,3
B001739RIA,DRINKING_CUP,1
B0017WK8FM,BAKING_PAN,1
B0017WN890,BAKING_PAN,1
B0017WN8A4,BAKING_PAN,1
B0017WN8L8,BAKING_PAN,2
B0017Z0EUS,BAKING_PAN,2
B0017Z1ZOW,BAKING_PAN,1
B0017Z3R0M,BAKING_PAN,1
B00186098I,DRINKING_CUP,2
B001888PKA,BAKING_PAN,1
B0018EAXNQ,BAKING_PAN,2
B0018MQGFC,PUZZLES,5
B0018OTZT4,BAKING_PAN,1
B00195WLLG,TOILET_PAPER,1
B0019FEC90,DRINKING_CUP,1
B0019N0S5O,PUZZLES,1
B0019N32OS,PUZZLES,1
B0019N4EFY,PUZZLES,1
B0019RH5P6,PUZZLES,3
B001ACFTOY,DRINKING_CUP,2
B001ADJO30,SURFACE_CLEANING_WIPE,1
B001AS45T8,BAKING_PAN,1
B001AVJ8HY,DRINKING_CUP,1
B001AZFA0O,TOILET_PAPER,5
B001AZJZR8,TOILET_PAPER,3
B001B2MRSE,BAKING_PAN,2
B001B80RXK,PUZZLES,1
B001BCNR74,BAKING_PAN,3
B001BCNT3Q,BAKING_PAN,1
B001BCNT9K,BAKING_PAN,1
B001BCNTTU,BAKING_PAN,3
B001BE8XMG,BLANKET,1
B001CDA10I,DRINKING_CUP,1
B001CI8VHI,BAKING_PAN,1
B001CI8VHS,BAKING_PAN,1
B001CI8X4E,DRINKING_CUP,1
B001CS4SFW,DRINKING_CUP,1
B001CUWUO6,PUZZLES,1
B001CWD0NY,BLANKET,1
B001D6YXI0,BAKING_PAN,2
B001D7DZ1U,DRINKING_CUP,1
B001D7E0YQ,BLANKET,1
B001E0DVIS,BAKING_PAN,1
B001E0HRDS,BAKING_PAN,3
B001E6A7DE,SURFACE_CLEANING_WIPE,1
B001EH8622,DRINKING_CUP,2
B001EOMMP2,BAKING_PAN,1
B001ET5Z92,BAKING_PAN,2
B001ET5ZKQ,BAKING_PAN,1
B001ET5ZUG,BAKING_PAN,1
B001ET7B30,BAKING_PAN,1
B001ET7B62,BAKING_PAN,2
B001ET7C2U,BAKING_PAN,3
B001EWC5M4,PUZZLES,2
B001FALTXG,PUZZLES,1
B001FUXN7G,BLANKET,1
B001GDOTV6,BLANKET,1
B001GDOVRI,BLANKET,1
B001GEZEAK,SURFACE_CLEANING_WIPE,9
B001GN5SH0,BLANKET,1
B001GOLW0Q,DRINKING_CUP,5
B001GQNSDI,DRINKING_CUP,1
B001GRY5OI,PUZZLES,5
B001H68N1O,DRINKING_CUP,1
B001HL02LS,BAKING_PAN,1
B001HY2BLE,BAKING_PAN,1
B001IANICS,BAKING_PAN,3
B001IAUG4Q,BAKING_PAN,1
B001IY2E24,BLANKET,1
B001JJWHRK,DRINKING_CUP,1
B001JK5R0I,DRINKING_CUP,2
B001K2058E,BAKING_PAN,4
B001K21XJE,BAKING_PAN,2
B001K23C2U,BAKING_PAN,2
B001K257QO,BAKING_PAN,1
B001K26ZPG,BAKING_PAN,16
B001KYSBO2,SURFACE_CLEANING_WIPE,3
B001L0VX2W,BLANKET,2
B001L9RPTI,DRINKING_CUP,1
B001LF3IB6,DRINKING_CUP,1
B001M8U4A0,DRINKING_CUP,1
B001MW31XS,BLANKET,1
B001OPGTKU,DRINKING_CUP,1
B001OYPAGU,DRINKING_CUP,1
B001PKUXN8,BAKING_PAN,2
B001PKUXNS,BAKING_PAN,1
B001PRCJRO,DRINKING_CUP,1
B001PZ83WG,PUZZLES,1
B001QJQ22O,BLANKET,3
B001QVI94G,PUZZLES,3
B001QWCWXY,BAKING_PAN,1
B001QXW3Q4,BAKING_PAN,1
B001QZ1KES,BAKING_PAN,1
B001R1RRC0,PUZZLES,2
B001R674GE,PUZZLES,5
B001RIZBXK,DRINKING_CUP,2
B001SN8DE8,PUZZLES,1
B001T9OVHE,PUZZLES,3
B001TO39AO,BAKING_PAN,1
B001TO3CN8,BAKING_PAN,1
B001U1D0V4,BAKING_PAN,1
B001U1G0M0,DRINKING_CUP,2
B001ULCJFM,DRINKING_CUP,1
B001VEI05G,BAKING_PAN,1
B001VEI060,BAKING_PAN,1
B001VEI06A,BAKING_PAN,1
B001VGX50Y,PUZZLES,8
B001W98104,BLANKET,1
B001Y8R4TC,DRINKING_CUP,1
B001YJZKME,PUZZLES,1
B0021CEREA,BAKING_PAN,1
B0024NUM9A,TOILET_PAPER,1
B0025YT53M,SURFACE_CLEANING_WIPE,1
B00266N2PG,DRINKING_CUP,1
B0026MSNT0,PUZZLES,1
B0026RHHYC,BAKING_PAN,1
B0026RHI0K,BAKING_PAN,1
B0026RHI5K,BAKING_PAN,4
B0026RHI64,BAKING_PAN,4
B0026RHI82,BAKING_PAN,1
B0026RHIAK,BAKING_PAN,2
B0026RHIBE,BAKING_PAN,1
B00272N8TO,PUZZLES,1
B00278WA4W,DRINKING_CUP,9
B0027G6ICE,BAKING_PAN,1
B0027HPR52,DRINKING_CUP,1
B00282JLHQ,BAKING_PAN,1
B00284AIT4,DRINKING_CUP,1
B00284AIV2,DRINKING_CUP,1
B00284AKJ2,DRINKING_CUP,1
B0028JEW4Q,PUZZLES,1
B0028MQPGG,BAKING_PAN,1
B0029DDJEK,DRINKING_CUP,4
B0029JMMRE,BAKING_PAN,1
B0029JOC6I,BAKING_PAN,3
B0029JQEIC,BAKING_PAN,10
B0029LGPRA,BAKING_PAN,1
B0029N2NLU,PUZZLES,1
B0029NDZYO,PUZZLES,1
B0029NFRPO,PUZZLES,4
B0029NFSMQ,PUZZLES,3
B002ACOQ10,DRINKING_CUP,1
B002B0GUUQ,PUZZLES,1
B002BSGWT2,BLANKET,1
B002BX9ET2,BAKING_PAN,1
B002CXEW1G,BAKING_PAN,4
B002CXGM32,BAKING_PAN,1
B002CXIKXM,BAKING_PAN,1
B002CXIL1I,BAKING_PAN,3
B002CXKAZ8,BAKING_PAN,1
B002CXKBKM,BAKING_PAN,2
B002D3HRU8,PUZZLES,1
B002GUK4NU,DRINKING_CUP,2
B002GX9E42,DRINKING_CUP,1
B002HJ35YA,BAKING_PAN,7
B002IT6VHC,DRINKING_CUP,1
B002IT6VHM,DRINKING_CUP,1
B002J6CO9I,PUZZLES,1
B002JK0NTM,BAKING_PAN,2
B002JP2480,BAKING_PAN,2
B002JPJ0DM,BAKING_PAN,1
B002JPJ0OQ,BAKING_PAN,1
B002JPJ0QY,BAKING_PAN,2
B002KFYS92,BLANKET,1
B002KFZ4GS,BLANKET,1
B002KFZ4HC,BLANKET,1
B002KGHC2G,DRINKING_CUP,1
B002KIIGPQ,PUZZLES,1
B002L6Y4QM,BLANKET,1
B002LFGES4,DRINKING_CUP,1
B002LSID26,BAKING_PAN,1
B002MY2C5S,DRINKING_CUP,3
B002MY9B4I,PUZZLES,1
B002PNLDC4,DRINKING_CUP,1
B002PY7AYS,DRINKING_CUP,3
B002PZXLOU,SURFACE_CLEANING_WIPE,1
B002Q9WNLC,PUZZLES,1
B002QCPQ0E,DRINKING_CUP,3
B002SBB0SU,SURFACE_CLEANING_WIPE,6
B002SQG4TU,DRINKING_CUP,6
B002SQMUZM,DRINKING_CUP,1
B002SR31H2,BAKING_PAN,1
B002SW3B0O,BLANKET,1
B002SYVQCC,BAKING_PAN,1
B002T5DP0G,DRINKING_CUP,1
B002UKXLJK,DRINKING_CUP,1
B002UNMZNU,BAKING_PAN,2
B002UNMZO4,BAKING_PAN,4
B002UNMZOO,BAKING_PAN,3
B002UNMZPI,BAKING_PAN,3
B002UXQRMA,DRINKING_CUP,1
B002W2UCK2,DRINKING_CUP,1
B002YD8GCA,DRINKING_CUP,1
B002YJ00YQ,DRINKING_CUP,1
B002YT8G8I,DRINKING_CUP,1
B002YT8GA6,DRINKING_CUP,1
B002ZHB8YS,DRINKING_CUP,1
B00304TOC8,BLANKET,1
B00318C0RY,DRINKING_CUP,1
B0032JRV9Y,BAKING_PAN,1
B0032JRVCG,BAKING_PAN,2
B0032U7EVI,DRINKING_CUP,1
B0032VEFZA,DRINKING_CUP,1
B0032VX04C,PUZZLES,1
B0032W05PI,PUZZLES,2
B00332W2UI,DRINKING_CUP,4
B0033WT4ZO,SURFACE_CLEANING_WIPE,15
B0034EKP8Q,PUZZLES,2
B0034HDDAU,DRINKING_CUP,1
B0034JSK7O,PUZZLES,1
B0034K2XJY,BLANKET,1
B0034KQ0Q6,DRINKING_CUP,1
B00355C33Y,BAKING_PAN,1
B0035ER4WU,DRINKING_CUP,3
B0035H67VQ,BAKING_PAN,1
B0036B89QC,SURFACE_CLEANING_WIPE,1
B0036WSVPA,DRINKING_CUP,1
B0036WSVPK,DRINKING_CUP,1
B0036ZBGUE,BLANKET,1
B0036ZBGVI,BLANKET,1
B00375ML9I,DRINKING_CUP,2
B0037XEX46,BAKING_PAN,1
B0037XFTTY,BAKING_PAN,1
B0038B8ICU,PUZZLES,1
B0038B8IDO,PUZZLES,1
B0038BAHEC,PUZZLES,2
B0038BAHGK,PUZZLES,1
B0038BAHI8,PUZZLES,2
B0038BCMYU,PUZZLES,2
B0038BCN08,PUZZLES,1
B0038BCN44,PUZZLES,2
B0038BE94Q,PUZZLES,4
B0038BG2T6,PUZZLES,1
B0038BHZPG,PUZZLES,1
B0038BHZS8,PUZZLES,2
B0038BZHHO,SURFACE_CLEANING_WIPE,2
B0039Z9888,PUZZLES,1
B003B39SLA,DRINKING_CUP,1
B003CKDPRA,TOILET_PAPER,1
B003CM9N7E,DRINKING_CUP,1
B003CYKY8Y,PUZZLES,2
B003CYL5PA,TOILET_PAPER,1
B003DNVGRM,DRINKING_CUP,1
B003E6OBMA,BLANKET,1
B003EQ4B02,BLANKET,1
B003F24D1M,DRINKING_CUP,2
B003FO0PBM,BLANKET,1
B003FSQUEY,BAKING_PAN,1
B003FZBI7G,DRINKING_CUP,1
B003FZPD1I,BLANKET,1
B003G4ZGRY,BLANKET,1
B003GD6I0E,BLANKET,1
B003GEOQDY,DRINKING_CUP,1
B003H1PKAE,PUZZLES,1
B003H1V6SO,PUZZLES,1
B003H232A8,DRINKING_CUP,1
B003HEUZIS,BAKING_PAN,1
B003HO8UGC,DRINKING_CUP,1
B003IDC70W,BAKING_PAN,1
B003IKN4OS,PUZZLES,3
B003JHTCKU,BAKING_PAN,4
B003JMETRG,PUZZLES,2
B003KDR70K,DRINKING_CUP,1
B003KJC2F4,DRINKING_CUP,5
B003LI2Y1Q,DRINKING_CUP,1
B003LKJ07U,DRINKING_CUP,2
B003LS2ZXS,DRINKING_CUP,1
B003NVVK4S,DRINKING_CUP,5
B003O7CV4E,SURFACE_CLEANING_WIPE,1
B003OF9CY8,BAKING_PAN,2
B003OFTPFO,DRINKING_CUP,3
B003OKU77O,BAKING_PAN,1
B003QX2JMA,DRINKING_CUP,2
B003RY9VEM,DRINKING_CUP,1
B003SBK5SU,BLANKET,1
B003SZBSUK,BAKING_PAN,1
B003T2I9O0,DRINKING_CUP,1
B003T9VUKS,PUZZLES,1
B003TQMCAS,BLANKET,1
B003U3QT2C,BLANKET,1
B003U9T5ZE,BLANKET,1
B003UCBHES,BLANKET,1
B003UCEGDW,DRINKING_CUP,2
B003UCZNAM,DRINKING_CUP,1
B003UF6NVW,DRINKING_CUP,2
B003UOC5BU,TOILET_PAPER,1
B003VAWA68,DRINKING_CUP,3
B003VZYQWY,DRINKING_CUP,1
B003W0UMPI,BAKING_PAN,1
B003WRNXYS,BAKING_PAN,1
B003WVB0PS,DRINKING_CUP,1
B003X063HS,SURFACE_CLEANING_WIPE,2
B003X1W9RK,DRINKING_CUP,1
B003X23I4M,DRINKING_CUP,1
B003YKGQVK,BAKING_PAN,1
B003YKGQWO,BAKING_PAN,2
B003YKGR5U,BAKING_PAN,2
B003YKGRBY,BAKING_PAN,2
B003YKGRK0,BAKING_PAN,1
B003YKGRKU,BAKING_PAN,1
B003YKGRXC,BAKING_PAN,4
B003YKGRY6,BAKING_PAN,2
B003ZW7R9C,BLANKET,1
B003ZYE7FC,DRINKING_CUP,1
B003ZYGPEI,DRINKING_CUP,1
B003ZYGQVK,DRINKING_CUP,1
B003ZYO3I8,DRINKING_CUP,1
B0040ZFAQ0,TOILET_PAPER,15
B0040ZOEXU,TOILET_PAPER,2
B0040ZOIZO,TOILET_PAPER,4
B004122WBI,DRINKING_CUP,1
B0041MVPS4,DRINKING_CUP,1
B0041O41XI,PUZZLES,1
B0041PSXYA,SURFACE_CLEANING_WIPE,5
B0041RQXMW,BLANKET,1
B0041RQY3A,BLANKET,1
B00422MU6Y,DRINKING_CUP,1
B00428M7E8,BAKING_PAN,1
B00428M7ES,BAKING_PAN,1
B0042G80MS,TOILET_PAPER,3
B0042VIK3C,TOILET_PAPER,1
B00432LEH4,TOILET_PAPER,2
B0043M5LRS,DRINKING_CUP,4
B0043M5LSW,DRINKING_CUP,3
B004464YSK,DRINKING_CUP,1
B0045I778Q,BAKING_PAN,1
B0045WJJEM,TOILET_PAPER,3
B0045Y17JU,BAKING_PAN,1
B0045Y17Q8,BAKING_PAN,2
B00466IF24,PUZZLES,2
B0046EEGK6,DRINKING_CUP,1
B00474TZD8,DRINKING_CUP,2
B0047BDRYE,DRINKING_CUP,1
B0047DZDCG,PUZZLES,1
B0047N13JI,BAKING_PAN,3
B0047N2LMG,BLANKET,1
B0049ACJVA,PUZZLES,1
B0049G7V62,PUZZLES,1
B0049WV8S8,BAKING_PAN,2
B004A7DMIG,TOILET_PAPER,1
B004A9RTZG,DRINKING_CUP,1
B004B4IX2S,BAKING_PAN,1
B004BRLUNY,BAKING_PAN,1
B004CALHRY,DRINKING_CUP,1
B004CYELOQ,BAKING_PAN,1
B004DGKX3G,BLANKET,1
B004E2GHT8,TOILET_PAPER,1
B004EBK7SQ,BAKING_PAN,1
B004EBK7TK,BAKING_PAN,9
B004EBNP4O,BAKING_PAN,1
B004EBPRN6,BAKING_PAN,1
B004EBS0KS,BAKING_PAN,2
B004EBS16G,BAKING_PAN,6
B004EHZ8DO,TOILET_PAPER,2
B004EK0RJG,SURFACE_CLEANING_WIPE,6
B004EZFKE8,DRINKING_CUP,1
B004FFHLO4,DRINKING_CUP,1
B004FG0ZWI,PUZZLES,9
B004FJOEMC,BLANKET,1
B004FQ087U,DRINKING_CUP,1
B004G5PJNS,TOILET_PAPER,1
B004G8QMV8,BLANKET,1
B004GCUJWM,SURFACE_CLEANING_WIPE,4
B004H1T13K,PUZZLES,3
B004HT39T4,SURFACE_CLEANING_WIPE,1
B004I8VMAW,PUZZLES,1
B004J13O2M,BLANKET,3
B004JXDD9O,TOILET_PAPER,6
B004KXWEAM,DRINKING_CUP,2
B004LH4QH6,BLANKET,1
B004LT7J4G,PUZZLES,1
B004LT99D0,PUZZLES,1
B004LTEEVC,PUZZLES,1
B004LW6M3M,DRINKING_CUP,1
B004LYTYG2,BAKING_PAN,2
B004M5IS94,DRINKING_CUP,2
B004MAI074,DRINKING_CUP,1
B004MALMT2,DRINKING_CUP,7
B004MWJP62,DRINKING_CUP,4
B004MZNMY0,DRINKING_CUP,1
B004NG8EQO,DRINKING_CUP,1
B004NG8Z1S,TOILET_PAPER,1
B004NG98AK,DRINKING_CUP,1
B004NHQS84,PUZZLES,1
B004NQO5AS,DRINKING_CUP,2
B004NQRZK0,DRINKING_CUP,1
B004O1ZNLM,DRINKING_CUP,1
B004O39RJ4,DRINKING_CUP,1
B004O9HHUY,BLANKET,1
B004OPH258,DRINKING_CUP,1
B004OYD0KK,DRINKING_CUP,1
B004PBNGEM,PUZZLES,1
B004PQ4IDA,DRINKING_CUP,1
B004Q7LIFO,DRINKING_CUP,1
B004QHQPCU,DRINKING_CUP,1
B004QJ1H6C,BLANKET,2
B004QKNQYW,TOILET_PAPER,3
B004QM8SMK,BAKING_PAN,1
B004R45CI0,PUZZLES,1
B004REJHHM,BAKING_PAN,1
B004S0DZ8W,SURFACE_CLEANING_WIPE,1
B004S8MDOQ,DRINKING_CUP,1
B004SLDGGC,DRINKING_CUP,1
B004TLVYJW,DRINKING_CUP,1
B004TS734A,PUZZLES,1
B004U8X6UE,BLANKET,2
B004UMZLE4,DRINKING_CUP,1
B004USRQBY,BLANKET,1
B004V0D6M4,DRINKING_CUP,1
B004V0I8CM,PUZZLES,1
B004VM1DVI,BAKING_PAN,1
B004VVHQ60,DRINKING_CUP,1
B004W6QBOM,DRINKING_CUP,1
B004W8H8J2,BLANKET,1
B004W9LEK0,PUZZLES,2
B004WHVVKA,DRINKING_CUP,1
B004Y0VGH8,SURFACE_CLEANING_WIPE,23
B004Y3EN8E,DRINKING_CUP,1
B004YD769C,SURFACE_CLEANING_WIPE,2
B004YJTZZO,DRINKING_CUP,1
B004YTYTFK,SURFACE_CLEANING_WIPE,1
B004YV650U,BAKING_PAN,1
B004YV65YQ,BAKING_PAN,2
B004ZU91V0,PUZZLES,1
B0050JHJAK,PUZZLES,1
B005177XBG,SURFACE_CLEANING_WIPE,2
B0051S0SY4,DRINKING_CUP,1
B0053163A2,PUZZLES,2
B0053D9CL2,DRINKING_CUP,1
B0053NRBO2,BAKING_PAN,1
B0054513NY,DRINKING_CUP,1
B0054U3HYM,DRINKING_CUP,1
B0054YZDWC,DRINKING_CUP,19
B0055FSMCS,BAKING_PAN,1
B0055OD2Y2,PUZZLES,1
B0055OMBIU,PUZZLES,1
B0056G62D2,BLANKET,1
B0056Y4PFQ,DRINKING_CUP,1
B0057ALFCU,DRINKING_CUP,1
B0057S6Z04,DRINKING_CUP,1
B0057Z7N9O,DRINKING_CUP,1
B00584SLMC,PUZZLES,1
B00584SLTK,PUZZLES,3
B00589DZKU,TOILET_PAPER,1
B005A0UVTK,BLANKET,3
B005A3OGR0,DRINKING_CUP,3
B005A3OGRA,DRINKING_CUP,2
B005BE170W,SURFACE_CLEANING_WIPE,1
B005BPH40I,SURFACE_CLEANING_WIPE,3
B005BZ47O4,DRINKING_CUP,1
B005D6Y1OM,DRINKING_CUP,5
B005E0X23S,DRINKING_CUP,2
B005E0XN64,DRINKING_CUP,2
B005EGKUZU,DRINKING_CUP,1
B005EZ0U1U,BAKING_PAN,1
B005FHMICG,DRINKING_CUP,1
B005FYC9XM,BAKING_PAN,3
B005G20IIG,DRINKING_CUP,1
B005G96NMY,DRINKING_CUP,1
B005G96NTM,DRINKING_CUP,1
B005GHIZUE,DRINKING_CUP,1
B005HPB2CI,DRINKING_CUP,1
B005HQJMPQ,SURFACE_CLEANING_WIPE,13
B005IHQ2P2,PUZZLES,3
B005INDQSC,BAKING_PAN,1
B005JAH3TC,PUZZLES,1
B005KKBG30,DRINKING_CUP,1
B005KPGEQ4,DRINKING_CUP,1
B005KPGX1K,DRINKING_CUP,1
B005KYO4IU,DRINKING_CUP,1
B005M8HPPS,DRINKING_CUP,1
B005MATOM8,BLANKET,3
B005MAU21A,BLANKET,2
B005MQW60O,SURFACE_CLEANING_WIPE,18
B005N548KK,PUZZLES,4
B005NIKG4E,SURFACE_CLEANING_WIPE,3
B005O58TRC,BLANKET,1
B005P1S7H2,BAKING_PAN,1
B005PGAZ5E,DRINKING_CUP,2
B005PH2HTK,PUZZLES,2
B005PY8E90,DRINKING_CUP,3
B005R2HL6M,DRINKING_CUP,2
B005S2KUEQ,DRINKING_CUP,1
B005TOVZSS,BLANKET,2
B005TOW00U,BLANKET,1
B005UE309O,BAKING_PAN,1
B005ULUZIQ,BLANKET,2
B005VPQR24,DRINKING_CUP,1
B005WBDW20,PUZZLES,1
B005XYG75U,PUZZLES,1
B005XZPY9Y,TOILET_PAPER,1
B005YCMRPA,DRINKING_CUP,1
B005Z2X8KC,DRINKING_CUP,1
B0060BSQJK,BLANKET,1
B0061ITITE,SURFACE_CLEANING_WIPE,2
B0061ITIUI,SURFACE_CLEANING_WIPE,1
B0062F2ZMS,PUZZLES,1
B0062N2NLI,DRINKING_CUP,1
B0062NTM58,BLANKET,1
B0062X1EPO,DRINKING_CUP,1
B0062X1P5S,DRINKING_CUP,1
B0062X2TN0,DRINKING_CUP,1
B00635VODS,BLANKET,1
B00658TRJQ,SURFACE_CLEANING_WIPE,1
B0069FYJYI,DRINKING_CUP,1
B0069JO0RA,BLANKET,1
B006A1PGDE,BLANKET,4
B006AEVRB6,BAKING_PAN,5
B006BSCOTK,DRINKING_CUP,2
B006G2YMGE,DRINKING_CUP,1
B006I6PEBA,DRINKING_CUP,1
B006IINE1A,DRINKING_CUP,2
B006K3U2IQ,SURFACE_CLEANING_WIPE,1
B006K3X54O,SURFACE_CLEANING_WIPE,1
B006KNN2H4,DRINKING_CUP,2
B006MUQNB2,PUZZLES,1
B006MX57PM,DRINKING_CUP,1
B006MZI48M,SURFACE_CLEANING_WIPE,3
B006OZJQDC,PUZZLES,1
B006OZJWY0,PUZZLES,1
B006ROJMMA,PUZZLES,4
B006TAH58K,DRINKING_CUP,1
B006U1VCWS,BLANKET,1
B006V84KQU,DRINKING_CUP,2
B006WIVJMM,PUZZLES,2
B006WYNXRK,SURFACE_CLEANING_WIPE,2
B006WZJC0Q,PUZZLES,1
B006WZL51K,PUZZLES,1
B006Y3S838,DRINKING_CUP,1
B006Y3Z44Y,BAKING_PAN,1
B006ZLVD68,DRINKING_CUP,3
B006ZLVUWA,DRINKING_CUP,1
B00706WGFY,TOILET_PAPER,1
B0070U6R9Q,DRINKING_CUP,1
B00712O1J6,PUZZLES,2
B0071PNWSO,DRINKING_CUP,5
B00729W01Y,PUZZLES,2
B00735QG44,DRINKING_CUP,3
B0073J9PRU,DRINKING_CUP,1
B0073O0YUM,DRINKING_CUP,2
B007636DIW,TOILET_PAPER,2
B00766H3G0,PUZZLES,1
B00766H63A,PUZZLES,1
B0076S0J2I,BLANKET,1
B00772PGVC,DRINKING_CUP,1
B0077QIKZC,PUZZLES,1
B007AQKBWO,PUZZLES,1
B007C6GKO0,DRINKING_CUP,1
B007CLQEZA,TOILET_PAPER,1
B007E474J0,PUZZLES,8
B007EDL54G,BLANKET,1
B007EVL37C,DRINKING_CUP,2
B007F6EN96,BAKING_PAN,2
B007G6MX2E,BAKING_PAN,1
B007GAH61S,PUZZLES,1
B007GLCO3W,SURFACE_CLEANING_WIPE,1
B007IJLETC,SURFACE_CLEANING_WIPE,3
B007IS364E,PUZZLES,2
B007IYIYFE,BLANKET,1
B007IZZSMU,DRINKING_CUP,2
B007JF8S9E,BAKING_PAN,1
B007K09UCM,DRINKING_CUP,1
B007KVU4XK,DRINKING_CUP,1
B007M57K40,TOILET_PAPER,2
B007MOLSXK,DRINKING_CUP,1
B007P15FMK,DRINKING_CUP,1
B007P1U4W6,BAKING_PAN,1
B007P54AJK,BLANKET,1
B007PLAGW4,DRINKING_CUP,1
B007PZSAA0,DRINKING_CUP,2
B007QMF4DI,PUZZLES,2
B007RI08H8,BLANKET,1
B007RI097C,BLANKET,1
B007S0IS0Y,PUZZLES,1
B007SOHYEG,PUZZLES,1
B007SQ7XXQ,BAKING_PAN,1
B007SYH2GQ,PUZZLES,1
B007UPI5BO,DRINKING_CUP,4
B007UZNR1C,TOILET_PAPER,1
B007VHT1UA,BLANKET,1
B007WM39ES,DRINKING_CUP,1
B007WOKOJO,PUZZLES,1
B007X3WT4M,DRINKING_CUP,1
B007YASQ32,PUZZLES,1
B007Z8ZQQS,TOILET_PAPER,2
B007ZFGBCE,PUZZLES,1
B007ZVH4AG,PUZZLES,1
B0081C9UO6,DRINKING_CUP,1
B0081C9UOQ,DRINKING_CUP,4
B0081GIZ52,BLANKET,6
B0081GJ038,BLANKET,13
B0081GJ2X6,BLANKET,1
B0081ODO1O,BLANKET,1
B00829U6UA,BLANKET,1
B0082CX1UY,SURFACE_CLEANING_WIPE,3
B0082YAIEE,DRINKING_CUP,1
B0083FYH5S,BLANKET,1
B0083LC0WE,DRINKING_CUP,1
B0083T8Q56,PUZZLES,1
B0084NX29G,TOILET_PAPER,1
B0085093IC,PUZZLES,2
B0085MIONU,PUZZLES,1
B0085MQPSG,DRINKING_CUP,1
B0085MX3DG,DRINKING_CUP,1
B00860L03M,BLANKET,1
B00865PF5Q,DRINKING_CUP,3
B00873C31G,PUZZLES,1
B0088AHGJ2,BLANKET,1
B0088AHJ76,BLANKET,4
B0088AHJ80,BLANKET,1
B0088AHK3E,BLANKET,4
B0088YRRLA,DRINKING_CUP,1
B008A0NOP0,DRINKING_CUP,1
B008A5PB9M,DRINKING_CUP,1
B008BF21IA,BLANKET,1
B008BF21J4,BLANKET,1
B008BF21SK,BLANKET,5
B008BF234W,BLANKET,1
B008BF2392,BLANKET,2
B008BF25LS,BLANKET,3
B008BF25P4,BLANKET,1
B008BF25Q8,BLANKET,1
B008BF28JM,BLANKET,1
B008BF29SM,BLANKET,1
B008BF29ZU,BLANKET,1
B008BF2A7W,BLANKET,4
B008BF2CGG,BLANKET,1
B008BF2EAK,BLANKET,1
B008BF2EL4,BLANKET,1
B008BF2FRC,BLANKET,1
B008BF2M7U,BLANKET,2
B008BF2MAC,BLANKET,5
B008BF2OAK,BLANKET,6
B008BF2OAU,BLANKET,5
B008BF2OE6,BLANKET,4
B008BF2SVA,BLANKET,2
B008BUKNY4,BAKING_PAN,2
B008BULFSM,BAKING_PAN,1
B008BULFWS,BAKING_PAN,1
B008BULGCW,BAKING_PAN,1
B008BULHH6,BAKING_PAN,2
B008BXWGOG,DRINKING_CUP,1
B008BXWGR8,DRINKING_CUP,2
B008CH3ZHS,DRINKING_CUP,1
B008CWOKBS,TOILET_PAPER,1
B008CZLGXA,BLANKET,1
B008DCQE3O,PUZZLES,1
B008DCQE8Y,PUZZLES,1
B008DIR4L4,DRINKING_CUP,1
B008DJGXWO,PUZZLES,1
B008DVSATQ,DRINKING_CUP,3
B008DW23OI,PUZZLES,1
B008E18S60,PUZZLES,1
B008EIY0F6,TOILET_PAPER,1
B008EN48W6,SURFACE_CLEANING_WIPE,1
B008ESH7EW,BLANKET,2
B008H2NY8I,BLANKET,1
B008I7TNDW,TOILET_PAPER,15
B008JGZDIG,BLANKET,1
B008KE7KC4,BAKING_PAN,1
B008KE7L2S,BAKING_PAN,2
B008LUN5F8,DRINKING_CUP,1
B008LXR0UQ,BLANKET,1
B008N6UMM4,DRINKING_CUP,1
B008N8JFWK,BLANKET,1
B008NAJRGW,BAKING_PAN,1
B008NOYQ6E,DRINKING_CUP,2
B008NPUTFA,BAKING_PAN,3
B008NWKJTY,BLANKET,1
B008O7YQYM,DRINKING_CUP,1
B008PCYBS2,BAKING_PAN,1
B008R1XSPS,PUZZLES,1
B008R6LOBS,DRINKING_CUP,5
B008RH68CC,SURFACE_CLEANING_WIPE,4
B008TQB44I,DRINKING_CUP,1
B008TX06U4,DRINKING_CUP,2
B008TYX1DW,DRINKING_CUP,1
B008VWN510,BLANKET,1
B008VWUWVG,BLANKET,1
B008VWVSQO,BLANKET,2
B008X31DW0,DRINKING_CUP,2
B008X31ICA,DRINKING_CUP,1
B008XF7CF0,DRINKING_CUP,1
B008XYKUVY,DRINKING_CUP,1
B008XYLIV0,DRINKING_CUP,1
B008YEVGOS,DRINKING_CUP,2
B008YF0C60,DRINKING_CUP,1
B009033938,DRINKING_CUP,1
B0090BZBRW,PUZZLES,1
B0090OMY2O,PUZZLES,1
B00913CZ50,DRINKING_CUP,1
B00913CZ6E,DRINKING_CUP,1
B0091RKR0G,DRINKING_CUP,1
B0092OTMRC,BLANKET,3
B0092ZAYLO,PUZZLES,2
B0092ZHBOM,BAKING_PAN,1
B00937R0XG,BLANKET,1
B00937SK4O,BLANKET,1
B0093JWOD0,BAKING_PAN,3
B009455N18,TOILET_PAPER,1
B00946MCDE,DRINKING_CUP,1
B0094C9WX6,BLANKET,1
B0094JRDVW,PUZZLES,1
B0096XTUO4,TOILET_PAPER,9
B00974O420,DRINKING_CUP,1
B00986G3XU,BLANKET,1
B0099EUPHQ,BAKING_PAN,1
B009B1BVBG,DRINKING_CUP,1
B009B98FGW,DRINKING_CUP,2
B009EQ3MBK,TOILET_PAPER,1
B009G4JDTA,DRINKING_CUP,1
B009G5F8TI,PUZZLES,1
B009G7Y55O,BLANKET,1
B009HOPEOW,DRINKING_CUP,1
B009HX8MC4,TOILET_PAPER,1
B009J9BEYO,BAKING_PAN,1
B009J9BKO8,BAKING_PAN,2
B009KB51N6,DRINKING_CUP,1
B009LPDNPO,BAKING_PAN,5
B009LPDU0W,BAKING_PAN,2
B009LPDWCS,BAKING_PAN,1
B009LQ6WZ6,DRINKING_CUP,1
B009QEUGRI,PUZZLES,1
B009QU37TG,BAKING_PAN,1
B009QXGKNI,BLANKET,1
B009QYC7CA,DRINKING_CUP,1
B009R6725E,TOILET_PAPER,4
B009SBB7HM,DRINKING_CUP,1
B009SD35IO,DRINKING_CUP,1
B009UC167A,DRINKING_CUP,1
B009UU6ULO,DRINKING_CUP,1
B009V0ZMO4,SURFACE_CLEANING_WIPE,3
B009VSFZDO,DRINKING_CUP,3
B009YCWA80,BLANKET,1
B009YY63M2,DRINKING_CUP,1
B009ZRTNY8,DRINKING_CUP,1
B009ZXFCGU,DRINKING_CUP,1
B009ZZYHLE,DRINKING_CUP,1
B00A0090QK,DRINKING_CUP,1
B00A009S62,DRINKING_CUP,1
B00A021UQQ,DRINKING_CUP,1
B00A0BIKTC,DRINKING_CUP,1
B00A0JZGNM,BAKING_PAN,1
B00A2OOPGO,DRINKING_CUP,2
B00A2WEMC8,BLANKET,1
B00A41G7MA,DRINKING_CUP,2
B00A5VWEP8,PUZZLES,1
B00A6B7ECA,BLANKET,1
B00A7ZMAK6,DRINKING_CUP,1
B00A8WMDUU,PUZZLES,4
B00AAE1FKK,DRINKING_CUP,1
B00ADPHN20,DRINKING_CUP,1
B00AE6PXXE,BAKING_PAN,1
B00AHLUJLM,PUZZLES,1
B00AI1W8NI,DRINKING_CUP,1
B00AIZL2IG,SURFACE_CLEANING_WIPE,2
B00AK0M6DO,PUZZLES,1
B00AK0M74M,PUZZLES,1
B00AK0M7S8,PUZZLES,2
B00AK4ADQ2,BAKING_PAN,1
B00AK4JFTS,DRINKING_CUP,1
B00AKKD520,BAKING_PAN,2
B00ANKD7V6,PUZZLES,6
B00AOHAUT0,BAKING_PAN,1
B00AOJCERY,SURFACE_CLEANING_WIPE,3
B00APN48FK,PUZZLES,1
B00AR76K2S,PUZZLES,1
B00ARSDU2U,PUZZLES,1
B00ARZ3XOS,BLANKET,1
B00AS693R2,DRINKING_CUP,5
B00AS6RA90,DRINKING_CUP,1
B00ATRCY0I,DRINKING_CUP,1
B00AXQ11YU,BAKING_PAN,1
B00AZNMN6G,PUZZLES,1
B00AZNN7K2,DRINKING_CUP,1
B00B071M0E,DRINKING_CUP,6
B00B0MJ21A,PUZZLES,2
B00B1M2OT6,BLANKET,1
B00B2IIR3G,PUZZLES,1
B00B2PY44K,BLANKET,1
B00B3GOTLG,DRINKING_CUP,1
B00B3UNPVW,PUZZLES,1
B00B4UPUIC,BAKING_PAN,1
B00B4Z51TK,PUZZLES,1
B00B5GTYTG,PUZZLES,1
B00B7LN9S6,DRINKING_CUP,1
B00B7LUVZK,DRINKING_CUP,2
B00B80TJXU,DRINKING_CUP,1
B00B8CD27M,DRINKING_CUP,2
B00B8XC06U,DRINKING_CUP,2
B00B97U120,DRINKING_CUP,2
B00B97U1AM,DRINKING_CUP,1
B00B9EAD12,BLANKET,1
B00B9ISXOC,PUZZLES,1
B00BAF0FEA,PUZZLES,1
B00BAF0FY0,PUZZLES,2
B00BAF0TZU,PUZZLES,1
B00BBGXBTE,DRINKING_CUP,1
B00BC2BEKU,PUZZLES,2
B00BCIM3M2,BLANKET,1
B00BCQ4D9A,DRINKING_CUP,1
B00BEVSSDA,DRINKING_CUP,3
B00BEYREIW,DRINKING_CUP,2
B00BFHZ1GU,DRINKING_CUP,1
B00BGBWOS8,DRINKING_CUP,1
B00BIH8MC2,BLANKET,1
B00BJJZ7WC,DRINKING_CUP,1
B00BJRP9ZE,DRINKING_CUP,1
B00BMLI1HU,BLANKET,1
B00BNILR5K,DRINKING_CUP,1
B00BO1QUNK,DRINKING_CUP,2
B00BO61U44,DRINKING_CUP,1
B00BOKJIGC,DRINKING_CUP,1
B00BPDT62O,DRINKING_CUP,1
B00BPGOXBU,DRINKING_CUP,1
B00BRCMYPO,PUZZLES,2
B00BST9Z0I,TOILET_PAPER,1
B00BT17XQI,BLANKET,1
B00BT17Y9O,BLANKET,2
B00BT17YJE,BLANKET,2
B00BT17YVC,BLANKET,8
B00BT54FLK,PUZZLES,1
B00BTWEGBW,PUZZLES,3
B00BTXFYOO,PUZZLES,2
B00BUG7RGS,PUZZLES,1
B00BUSSRJW,TOILET_PAPER,7
B00BWB6UE6,DRINKING_CUP,1
B00BWH6BQ2,BLANKET,1
B00BWWWSK0,PUZZLES,1
B00BXDZSSC,DRINKING_CUP,2
B00C0N85YI,BAKING_PAN,1
B00C1LU7HW,BAKING_PAN,8
B00C1LU8SA,BAKING_PAN,1
B00C1TGH4Q,PUZZLES,1
B00C1X7SUO,DRINKING_CUP,1
B00C2DZ35U,PUZZLES,1
B00C30G4M8,DRINKING_CUP,1
B00C3S7MS0,PUZZLES,1
B00C4J5UNW,BLANKET,1
B00C4OE6DC,DRINKING_CUP,1
B00C4OE6FU,DRINKING_CUP,1
B00C4OE79K,DRINKING_CUP,2
B00C5VMW7G,PUZZLES,3
B00C6M4NP8,DRINKING_CUP,1
B00C773I3A,BAKING_PAN,1
B00C7FCBHQ,BAKING_PAN,1
B00C7M3SAS,PUZZLES,1
B00C921IQ2,DRINKING_CUP,1
B00CBDTJHE,BLANKET,1
B00CBE7LF0,BLANKET,1
B00CBMA1T0,BLANKET,1
B00CBMA2AS,BLANKET,1
B00CBMA3B6,BLANKET,1
B00CBYFYZY,TOILET_PAPER,1
B00CEVEVE4,DRINKING_CUP,1
B00CF3QLBM,BLANKET,1
B00CF5T0YA,BLANKET,1
B00CF5T1US,BLANKET,3
B00CF5T4OG,BLANKET,1
B00CF5T5I6,BLANKET,1
B00CF5T9P0,BLANKET,1
B00CF5TAHC,BLANKET,1
B00CF5TC0M,BLANKET,1
B00CFJLUNK,DRINKING_CUP,1
B00CFV24TC,PUZZLES,1
B00CG4147G,PUZZLES,1
B00CH67Y54,DRINKING_CUP,1
B00CHJJUSK,PUZZLES,1
B00CHVIHUK,DRINKING_CUP,1
B00CI8FIRW,PUZZLES,2
B00CIB1YN6,BLANKET,1
B00CJ323GK,PUZZLES,1
B00CJFOAZK,BLANKET,1
B00CLQKOYS,DRINKING_CUP,1
B00CLS39UM,DRINKING_CUP,1
B00CLVP024,DRINKING_CUP,1
B00CP7FYIE,PUZZLES,2
B00CP7O9MG,PUZZLES,1
B00CPQKNJU,TOILET_PAPER,1
B00CS1XPD8,BLANKET,1
B00CULD3GA,DRINKING_CUP,1
B00CX1PH5M,PUZZLES,1
B00CXGQOFE,DRINKING_CUP,3
B00CXGQOFO,DRINKING_CUP,1
B00CYF7E8K,DRINKING_CUP,1
B00CZ6LAX8,DRINKING_CUP,2
B00D0HRMBK,DRINKING_CUP,1
B00D1AJVHY,BLANKET,8
B00D2MLN9K,DRINKING_CUP,1
B00D2MLVEC,DRINKING_CUP,1
B00D2SB2L8,PUZZLES,3
B00D2SB2RW,PUZZLES,1
B00D3JA5V4,TOILET_PAPER,27
B00D5UJ5SA,DRINKING_CUP,1
B00D6472CQ,DRINKING_CUP,1
B00D9J7EFI,PUZZLES,1
B00D9J7F2U,PUZZLES,1
B00D9J7FSE,PUZZLES,1
B00D9J7FSY,PUZZLES,1
B00D9J7FUC,PUZZLES,1
B00D9J7FUM,PUZZLES,1
B00DC1QJ90,TOILET_PAPER,1
B00DD5IUM4,DRINKING_CUP,2
B00DE0I294,DRINKING_CUP,1
B00DEFII3O,PUZZLES,1
B00DG612WK,BLANKET,1
B00DHLL3PA,DRINKING_CUP,1
B00DHLT4B0,DRINKING_CUP,1
B00DJPK8MS,PUZZLES,3
B00DN6SEME,BLANKET,1
B00DN6SEVK,BLANKET,1
B00DNYXJP8,TOILET_PAPER,76
B00DPER1OQ,BLANKET,1
B00DPZ8YFU,DRINKING_CUP,1
B00DQEKHUA,PUZZLES,2
B00DTS9PGK,DRINKING_CUP,2
B00DU2R9TK,BLANKET,1
B00DUF1TUW,BAKING_PAN,1
B00DVMDLZA,DRINKING_CUP,2
B00DY5NNH0,BLANKET,1
B00DY7YY1W,DRINKING_CUP,2
B00DYOQKR6,DRINKING_CUP,2
B00DZ1NFSK,BLANKET,7
B00E023H6I,BLANKET,1
B00E0DZU58,DRINKING_CUP,1
B00E0J0LSI,BLANKET,1
B00E0J0N9K,BLANKET,2
B00E0QOMF4,DRINKING_CUP,1
B00E2RU5TS,DRINKING_CUP,2
B00E397DMC,DRINKING_CUP,1
B00E4KUFYI,DRINKING_CUP,1
B00E5J0HPU,BLANKET,1
B00E67F3WI,PUZZLES,20
B00E69COUU,DRINKING_CUP,1
B00E75SP7Y,DRINKING_CUP,1
B00E7VXOJC,BAKING_PAN,1
B00EA07RM0,DRINKING_CUP,1
B00EAXVR32,BAKING_PAN,1
B00EAXVRR8,BAKING_PAN,1
B00EAXVURK,BAKING_PAN,2
B00EAXVVCY,BAKING_PAN,2
B00ECS1TGK,DRINKING_CUP,1
B00EHIEEXU,DRINKING_CUP,1
B00EHL2ZU6,DRINKING_CUP,1
B00EQD7R5I,DRINKING_CUP,3
B00ESHMQ8K,DRINKING_CUP,2
B00ESYMUMK,BAKING_PAN,1
B00ETIS7MC,DRINKING_CUP,1
B00EV0NBBK,DRINKING_CUP,4
B00EVU5QVI,BLANKET,1
B00EVVIJ0C,BLANKET,1
B00EW5UHHU,DRINKING_CUP,1
B00EXUW2JU,PUZZLES,1
B00EYICPIY,BLANKET,2
B00EZ8082I,PUZZLES,2
B00EZ8GKW0,PUZZLES,1
B00EZMPD4W,SURFACE_CLEANING_WIPE,2
B00EZP4A7U,DRINKING_CUP,1
B00F0XUH4G,DRINKING_CUP,1
B00F2P9CYI,DRINKING_CUP,1
B00F30EGEI,DRINKING_CUP,1
B00F3HYH18,DRINKING_CUP,1
B00F417SQE,DRINKING_CUP,2
B00F52BLFG,DRINKING_CUP,1
B00F5VXRGI,DRINKING_CUP,1
B00F5VYBUY,DRINKING_CUP,1
B00F8MRLBG,BLANKET,2
B00F968WLY,DRINKING_CUP,1
B00F968WNC,DRINKING_CUP,2
B00FAWVJJO,DRINKING_CUP,1
B00FDU5FM0,DRINKING_CUP,1
B00FDUKWZA,DRINKING_CUP,1
B00FFADO8A,DRINKING_CUP,3
B00FFJ2LXU,TOILET_PAPER,38
B00FH3FOT2,DRINKING_CUP,1
B00FHDKECO,DRINKING_CUP,3
B00FL62D1C,BAKING_PAN,8
B00FLFIGF0,SURFACE_CLEANING_WIPE,2
B00FM7PC9K,TOILET_PAPER,1
B00FUREF7M,DRINKING_CUP,2
B00FUREPB8,DRINKING_CUP,1
B00FWJ7R5U,PUZZLES,1
B00FYV8ELM,PUZZLES,1
B00FYYQFUQ,PUZZLES,1
B00G32YE6K,DRINKING_CUP,1
B00G4BJ0BO,DRINKING_CUP,1
B00G6BEDVE,BAKING_PAN,1
B00G7MCZ2G,BLANKET,5
B00G7MCZ6W,BLANKET,1
B00G90HFJE,BLANKET,1
B00G90KUXW,BLANKET,1
B00G9Z53OI,BAKING_PAN,1
B00GB80OII,DRINKING_CUP,1
B00GBUWJO8,BLANKET,1
B00GC65WOU,DRINKING_CUP,1
B00GCIW4ZS,DRINKING_CUP,1
B00GD0YFWU,DRINKING_CUP,1
B00GED9NUK,DRINKING_CUP,1
B00GEF7LHK,DRINKING_CUP,1
B00GHOJRN4,PUZZLES,1
B00GHQONWM,DRINKING_CUP,1
B00GIPIM1U,DRINKING_CUP,1
B00GJOQ5Q4,DRINKING_CUP,1
B00GLXVHXE,BLANKET,1
B00GM02BUO,DRINKING_CUP,2
B00GN72GV0,BLANKET,1
B00GONOALC,DRINKING_CUP,1
B00GQMJW1O,BLANKET,2
B00GTU36ME,BLANKET,1
B00GW7M7A6,DRINKING_CUP,1
B00GX5H8JM,BAKING_PAN,2
B00GX5H8NS,BAKING_PAN,1
B00GXZUJHA,PUZZLES,1
B00GYFYCK4,DRINKING_CUP,2
B00GYV47QW,SURFACE_CLEANING_WIPE,2
B00GYV49L0,SURFACE_CLEANING_WIPE,5
B00GZUVYZO,DRINKING_CUP,1
B00H143UXW,DRINKING_CUP,4
B00H143VBS,DRINKING_CUP,1
B00H2WFDTW,PUZZLES,1
B00H3J6K6O,BAKING_PAN,1
B00H3N1E5M,PUZZLES,1
B00H4F2E94,DRINKING_CUP,1
B00H5D5B8Q,DRINKING_CUP,1
B00H7XA1CA,DRINKING_CUP,1
B00H7XA1QQ,DRINKING_CUP,1
B00HA31UIQ,DRINKING_CUP,3
B00HAZSCNK,BLANKET,1
B00HAZSCQC,BLANKET,1
B00HC62UWG,DRINKING_CUP,1
B00HC631Q0,DRINKING_CUP,1
B00HDODOGI,DRINKING_CUP,1
B00HEZ0AQI,PUZZLES,1
B00HEZ0BMQ,PUZZLES,2
B00HFR4M8C,PUZZLES,1
B00HGA8H4S,PUZZLES,1
B00HKVH0RS,DRINKING_CUP,1
B00HLUOYTA,DRINKING_CUP,1
B00HNQHMLE,PUZZLES,1
B00HNYSC5Q,DRINKING_CUP,1
B00HO1S5KU,DRINKING_CUP,2
B00HOKSZBU,BLANKET,1
B00HQ2GJ7S,SURFACE_CLEANING_WIPE,1
B00HQI4FVE,PUZZLES,1
B00HQJZ5QC,PUZZLES,1
B00HR3A7LK,PUZZLES,1
B00HR3AAEY,PUZZLES,1
B00HRTGUUQ,PUZZLES,3
B00HS4A7S6,BAKING_PAN,5
B00HS586RE,DRINKING_CUP,1
B00HS5BYVO,PUZZLES,5
B00HSC9F2C,SURFACE_CLEANING_WIPE,232
B00HUCPS9E,BLANKET,1
B00HV7NRG4,PUZZLES,1
B00HW5ZQE6,BAKING_PAN,1
B00HWBTPRE,SURFACE_CLEANING_WIPE,2
B00HWJHWPS,DRINKING_CUP,1
B00HWO9RIS,DRINKING_CUP,1
B00HX9VZ6Y,PUZZLES,2
B00HX9VZDW,PUZZLES,2
B00HX9VZXM,PUZZLES,3
B00HYOGTTG,DRINKING_CUP,2
B00HYOGUM2,DRINKING_CUP,3
B00HYOGUOA,DRINKING_CUP,1
B00HZFCQL4,DRINKING_CUP,3
B00HZI5XBG,DRINKING_CUP,1
B00HZT1HCY,DRINKING_CUP,1
B00HZTFK3Q,DRINKING_CUP,1
B00I09DK14,PUZZLES,1
B00I0D3FUQ,PUZZLES,8
B00I19QZX8,PUZZLES,16
B00I1TWW0S,DRINKING_CUP,1
B00I2H1LZG,BLANKET,1
B00I4R8K1W,DRINKING_CUP,1
B00I5N0FDG,PUZZLES,1
B00I5OWL32,DRINKING_CUP,1
B00I7P9PBA,TOILET_PAPER,1
B00I8DS5DA,TOILET_PAPER,50
B00I8MVGI2,DRINKING_CUP,1
B00I8N3R42,DRINKING_CUP,1
B00I9J3ACY,DRINKING_CUP,13
B00I9KS0HI,TOILET_PAPER,1
B00I9Y8QIM,BLANKET,1
B00IA3JJLK,DRINKING_CUP,1
B00IA6IBP2,SURFACE_CLEANING_WIPE,31
B00IB0CO1O,SURFACE_CLEANING_WIPE,5
B00IB18VPG,SURFACE_CLEANING_WIPE,9
B00IE1QFOM,BLANKET,1
B00IEGCFJ6,PUZZLES,1
B00IELCR0I,DRINKING_CUP,1
B00IGN0T7M,DRINKING_CUP,1
B00IGVL626,PUZZLES,1
B00II2M9XS,DRINKING_CUP,1
B00IIQPLM0,DRINKING_CUP,1
B00IITA2ZS,DRINKING_CUP,1
B00IJGTOJU,DRINKING_CUP,2
B00IJVUM32,TOILET_PAPER,2
B00IKGFPU6,BLANKET,1
B00IKGFPUQ,BLANKET,1
B00ILGBJB4,BAKING_PAN,1
B00IMG2430,DRINKING_CUP,3
B00IN38KO4,DRINKING_CUP,2
B00IN8OHAA,DRINKING_CUP,4
B00IN8OI4A,DRINKING_CUP,1
B00IODXMTG,DRINKING_CUP,1
B00IOYJ186,BAKING_PAN,1
B00IR77HBS,DRINKING_CUP,8
B00IR77HG8,DRINKING_CUP,12
B00IR77HMW,DRINKING_CUP,1
B00IRTTY08,PUZZLES,1
B00IS97EMM,DRINKING_CUP,1
B00ISHL27C,PUZZLES,1
B00ISR11ZA,DRINKING_CUP,1
B00ITTI3VW,PUZZLES,9
B00IU2Y8TO,BLANKET,1
B00IUMZL04,BLANKET,1
B00IVC4FV4,PUZZLES,1
B00IVRR50M,DRINKING_CUP,1
B00IWTJALG,BLANKET,1
B00IWTJELM,BLANKET,1
B00IWTJF2A,BLANKET,1
B00IWTJFA2,BLANKET,2
B00IXXW8M4,DRINKING_CUP,1
B00IXYSQSS,DRINKING_CUP,1
B00IYNYCUY,DRINKING_CUP,2
B00IYX15UO,DRINKING_CUP,1
B00IZLK9L6,BLANKET,1
B00J0AYYBW,SURFACE_CLEANING_WIPE,1
B00J0BU0FA,BLANKET,1
B00J0C4JGA,DRINKING_CUP,1
B00J0CK5NQ,BAKING_PAN,2
B00J0FEW0A,BAKING_PAN,1
B00J1M5F76,PUZZLES,1
B00J1M5PS0,PUZZLES,2
B00J3U601G,BLANKET,1
B00J40DY0A,DRINKING_CUP,2
B00J5CPNFQ,DRINKING_CUP,1
B00J5EZWUA,DRINKING_CUP,1
B00J5HJIOS,SURFACE_CLEANING_WIPE,1
B00J5HKM4S,SURFACE_CLEANING_WIPE,1
B00J5S5B02,DRINKING_CUP,1
B00J67F81E,PUZZLES,3
B00J7642HA,PUZZLES,1
B00J7B8T5Q,BLANKET,3
B00J7BJJDM,BLANKET,2
B00J7ZQA0I,DRINKING_CUP,1
B00J7ZQBFW,DRINKING_CUP,1
B00J82V4II,BLANKET,6
B00J8CPIPI,DRINKING_CUP,2
B00JAOHSDE,BLANKET,1
B00JAOSIFG,BLANKET,1
B00JBPZQ7W,BLANKET,1
B00JCWD6M6,DRINKING_CUP,1
B00JE461YM,TOILET_PAPER,1
B00JELJHUA,PUZZLES,1
B00JFIFNZ0,PUZZLES,1
B00JH0UHPM,BLANKET,1
B00JH2H23A,DRINKING_CUP,1
B00JJ63RNS,BAKING_PAN,2
B00JJ6R2IO,SURFACE_CLEANING_WIPE,2
B00JL4HYVE,DRINKING_CUP,1
B00JOAY4SQ,DRINKING_CUP,1
B00JP9AJC6,DRINKING_CUP,3
B00JPKWVUI,PUZZLES,1
B00JQSITMI,DRINKING_CUP,12
B00JQYQSLG,DRINKING_CUP,1
B00JS5BRWS,DRINKING_CUP,1
B00JT2Q248,BLANKET,1
B00JU2C4XA,DRINKING_CUP,1
B00JUZXE40,DRINKING_CUP,1
B00JW1HO66,BLANKET,1
B00JWIY3NQ,PUZZLES,2
B00K30JQNY,BAKING_PAN,2
B00K3U1B64,SURFACE_CLEANING_WIPE,2
B00K46UYZ6,PUZZLES,1
B00K5GBD9Q,BLANKET,1
B00K5KI0JS,DRINKING_CUP,2
B00K5S66Y6,BLANKET,5
B00K6K7X7C,DRINKING_CUP,1
B00KAAE7D6,PUZZLES,1
B00KAAEI2Q,PUZZLES,1
B00KAAF4DI,PUZZLES,1
B00KBUGQNY,BAKING_PAN,5
B00KCUQPDO,PUZZLES,2
B00KCZ0SU0,DRINKING_CUP,1
B00KCZ1NUO,DRINKING_CUP,2
B00KDGX4B8,PUZZLES,1
B00KDGX4BS,PUZZLES,1
B00KDGX4CC,PUZZLES,2
B00KDGX4CM,PUZZLES,1
B00KDGX7JW,PUZZLES,3
B00KDPLKS8,BAKING_PAN,2
B00KEK38JQ,PUZZLES,2
B00KEY7ZG4,BLANKET,1
B00KF5STQC,DRINKING_CUP,1
B00KIF5LLK,BAKING_PAN,14
B00KIFBI1C,BAKING_PAN,2
B00KIFGXW6,BAKING_PAN,1
B00KIG3QVG,DRINKING_CUP,6
B00KIG3R2Y,DRINKING_CUP,2
B00KIG3V3E,DRINKING_CUP,1
B00KJWW1B0,DRINKING_CUP,1
B00KKPXAJI,DRINKING_CUP,1
B00KKV15X0,BAKING_PAN,1
B00KLEA1XG,BLANKET,2
B00KLJ5R76,DRINKING_CUP,1
B00KM95FP4,DRINKING_CUP,1
B00KMYDWXQ,PUZZLES,1
B00KQHLP7E,DRINKING_CUP,1
B00KQVD082,DRINKING_CUP,1
B00KSCREG8,DRINKING_CUP,1
B00KTOPCJG,DRINKING_CUP,1
B00KUL0W5C,BAKING_PAN,1
B00KVHICRK,DRINKING_CUP,1
B00KVYV12Q,BLANKET,1
B00KVYV7ES,BLANKET,1
B00KW4VL4I,BLANKET,1
B00KW4VPQ2,BLANKET,1
B00KW4VT0Y,BLANKET,1
B00KX3EW8U,DRINKING_CUP,1
B00KXARZE6,SURFACE_CLEANING_WIPE,7
B00KY3YTVY,DRINKING_CUP,1
B00KY3Z1AM,DRINKING_CUP,1
B00KY4WRM6,BAKING_PAN,1
B00KYLCC1K,DRINKING_CUP,1
B00KYLCC4C,DRINKING_CUP,1
B00KYPUZVU,DRINKING_CUP,1
B00KYPV3B6,DRINKING_CUP,1
B00L10B8KY,PUZZLES,1
B00L1JA388,TOILET_PAPER,6
B00L31Z5C8,PUZZLES,2
B00L3HIQU0,DRINKING_CUP,1
B00L5HCVSG,BAKING_PAN,1
B00L8751XK,DRINKING_CUP,10
B00L8JLUHY,DRINKING_CUP,1
B00L93L4T8,BLANKET,1
B00L9DIHF2,BAKING_PAN,1
B00L9LX3K8,DRINKING_CUP,6
B00L9OPJIO,PUZZLES,2
B00LA5GZSA,BAKING_PAN,1
B00LBDXQXI,BLANKET,1
B00LCFKO44,DRINKING_CUP,1
B00LCUS4PU,PUZZLES,2
B00LGWRPZ4,PUZZLES,1
B00LM3QD7S,BLANKET,1
B00LMV9TWG,DRINKING_CUP,1
B00LO496D8,BLANKET,1
B00LP8ER2I,PUZZLES,1
B00LP8ERLY,PUZZLES,1
B00LP8ES04,PUZZLES,1
B00LPY92PE,BLANKET,1
B00LT9G9A6,PUZZLES,1
B00LTEZHPY,PUZZLES,1
B00LW4A6DY,DRINKING_CUP,1
B00LX0PDWQ,PUZZLES,2
B00LX4CLKO,DRINKING_CUP,7
B00LXCFSVA,DRINKING_CUP,5
B00M08IU02,DRINKING_CUP,4
B00M0ZUZKS,BLANKET,1
B00M4GG05C,BAKING_PAN,3
B00M4JCHRE,BAKING_PAN,2
B00M8BX182,BLANKET,1
B00M977Y4C,SURFACE_CLEANING_WIPE,10
B00MBVA64Q,BAKING_PAN,1
B00MCLJH1I,DRINKING_CUP,1
B00MCOI1D0,BLANKET,1
B00MCYIWX4,DRINKING_CUP,4
B00MEHBBZU,DRINKING_CUP,1
B00MF46QYS,PUZZLES,1
B00MF59GDA,PUZZLES,2
B00MH5G6IQ,BAKING_PAN,1
B00MH5T01Q,DRINKING_CUP,1
B00MH8EC84,TOILET_PAPER,1
B00MHSGJ4E,DRINKING_CUP,1
B00MJXHM48,BLANKET,1
B00MLDNKD8,DRINKING_CUP,1
B00MLME2SG,PUZZLES,1
B00MLNDDVW,BLANKET,1
B00MMFAZUG,BAKING_PAN,1
B00MNIZE9E,PUZZLES,1
B00MPXTZ2E,BLANKET,3
B00MQOL75A,BLANKET,1
B00MRZIFD0,DRINKING_CUP,40
B00MRZIGVG,DRINKING_CUP,22
B00MRZIGWA,DRINKING_CUP,5
B00MTSIBMU,SURFACE_CLEANING_WIPE,37
B00MTT44UM,TOILET_PAPER,7
B00MTZLEJ0,DRINKING_CUP,1
B00MU65FBQ,DRINKING_CUP,1
B00MUEULAI,DRINKING_CUP,2
B00MUSVB0S,DRINKING_CUP,1
B00MV40ZP8,BLANKET,1
B00MW3YKCM,DRINKING_CUP,3
B00MX4XWFG,DRINKING_CUP,1
B00MXWP2ME,DRINKING_CUP,1
B00MY5PW3O,SURFACE_CLEANING_WIPE,1
B00MYWHR62,PUZZLES,1
B00N0L5QKK,BAKING_PAN,1
B00N19I112,DRINKING_CUP,2
B00N19UP0C,BLANKET,1
B00N261D4Q,DRINKING_CUP,1
B00N4I9ETI,BLANKET,1
B00N4QRDVQ,BAKING_PAN,1
B00N6CDA92,PUZZLES,1
B00N8XNLXE,SURFACE_CLEANING_WIPE,1
B00N92MUTU,SURFACE_CLEANING_WIPE,2
B00NA83RQI,BLANKET,1
B00NA83RYU,BLANKET,4
B00NAKL4O8,BLANKET,1
B00NCJ5CB8,PUZZLES,5
B00ND5XBPK,PUZZLES,1
B00ND5XY84,PUZZLES,1
B00NEQJ5T4,BLANKET,1
B00NEQJNX2,BLANKET,1
B00NFAFT62,DRINKING_CUP,1
B00NG10K28,BLANKET,2
B00NHM746Q,DRINKING_CUP,4
B00NI5W9BM,DRINKING_CUP,1
B00NKSJ8IE,DRINKING_CUP,3
B00NLS9EW8,DRINKING_CUP,1
B00NM5FWH6,BLANKET,1
B00NMWGT8K,DRINKING_CUP,1
B00NMXCRTY,DRINKING_CUP,1
B00NN24JZ4,BLANKET,1
B00NNR3S3S,DRINKING_CUP,2
B00NNY569K,BLANKET,1
B00NNYCP7Q,DRINKING_CUP,1
B00NNYCSQ4,DRINKING_CUP,1
B00NNYCTJU,DRINKING_CUP,1
B00NO4UNHY,DRINKING_CUP,1
B00NO8XCOG,DRINKING_CUP,1
B00NOS0ZWS,PUZZLES,1
B00NP8M67Y,BAKING_PAN,7
B00NPY7JL6,DRINKING_CUP,1
B00NQTAF3E,DRINKING_CUP,1
B00NVOIC6Q,DRINKING_CUP,2
B00NVOIID8,DRINKING_CUP,1
B00NWGWPSO,DRINKING_CUP,2
B00NWNEHU6,DRINKING_CUP,1
B00NXJPFGO,DRINKING_CUP,1
B00NZDXWRW,BLANKET,2
B00O49Y6G2,BAKING_PAN,1
B00O4D6D1E,PUZZLES,1
B00O7WRMWG,PUZZLES,1
B00O7WRR1M,PUZZLES,1
B00O8ZTWQQ,DRINKING_CUP,1
B00O93GHO2,TOILET_PAPER,7
B00O9RLR9S,SURFACE_CLEANING_WIPE,6
B00OBPLLAS,PUZZLES,3
B00OC3XC10,BLANKET,1
B00OC3XDRS,BLANKET,1
B00OCA2MYQ,SURFACE_CLEANING_WIPE,1
B00OCGUG02,DRINKING_CUP,54
B00OFVDRZA,PUZZLES,1
B00OHKRMFU,DRINKING_CUP,1
B00OHV8KUU,DRINKING_CUP,1
B00OJI35GA,DRINKING_CUP,3
B00OKB7D5U,DRINKING_CUP,1
B00OKJ47OM,BLANKET,1
B00OKL2TLS,DRINKING_CUP,1
B00OLR9AMC,DRINKING_CUP,1
B00OM8E50M,BLANKET,1
B00OMVQ2EG,PUZZLES,1
B00OMWTUA8,BAKING_PAN,1
B00OOGO278,DRINKING_CUP,1
B00OOGS760,DRINKING_CUP,1
B00OQPJQKU,DRINKING_CUP,1
B00OSDTOVQ,BAKING_PAN,1
B00OSNC1X4,BLANKET,1
B00OTW1F3G,DRINKING_CUP,4
B00OUVD1TC,BLANKET,2
B00OV6P7Y8,DRINKING_CUP,1
B00P2SLC8O,PUZZLES,1
B00P2SLCD4,PUZZLES,1
B00P2SLFHW,PUZZLES,2
B00P2ZJ6DU,SURFACE_CLEANING_WIPE,1
B00P30HW8K,BLANKET,1
B00P45G1HW,PUZZLES,1
B00P553P1Q,DRINKING_CUP,2
B00P5A2Q16,DRINKING_CUP,1
B00P8E1W6Y,DRINKING_CUP,2
B00P9LX4JY,DRINKING_CUP,1
B00P9OEZT4,SURFACE_CLEANING_WIPE,2
B00PBEUSI4,BAKING_PAN,1
B00PCHQUV4,BAKING_PAN,4
B00PCMY4IU,DRINKING_CUP,1
B00PCVCW80,DRINKING_CUP,1
B00PCZIXVG,BLANKET,1
B00PF844DG,DRINKING_CUP,1
B00PF847Q0,DRINKING_CUP,1
B00PFMSP5U,BLANKET,1
B00PHDECC2,BLANKET,1
B00PICQQO4,DRINKING_CUP,1
B00PJ4GNAI,DRINKING_CUP,1
B00PJ6130Q,SURFACE_CLEANING_WIPE,4
B00PJED8QA,DRINKING_CUP,1
B00PJY7NE8,DRINKING_CUP,1
B00PKLVWH4,DRINKING_CUP,1
B00PKP4JUM,BLANKET,1
B00PLY7D7I,DRINKING_CUP,2
B00PM52IVW,DRINKING_CUP,3
B00PM722OI,PUZZLES,9
B00PNOW3OE,TOILET_PAPER,5
B00PO82N58,DRINKING_CUP,1
B00POP5YUW,DRINKING_CUP,1
B00PQTXBV0,DRINKING_CUP,2
B00PR82A44,DRINKING_CUP,1
B00PRD16PI,DRINKING_CUP,1
B00PSDLKLM,DRINKING_CUP,1
B00PX7DL3S,BLANKET,2
B00Q04QJSC,PUZZLES,3
B00Q28RXKO,BAKING_PAN,2
B00Q2WU68Q,DRINKING_CUP,1
B00Q5HWVBS,DRINKING_CUP,1
B00Q5MSQQM,BLANKET,2
B00Q5MSQVM,BLANKET,3
B00Q70RCW6,SURFACE_CLEANING_WIPE,226
B00Q7OEZFY,BLANKET,5
B00Q7OF34G,BLANKET,5
B00Q7OF6G6,BLANKET,2
B00Q7OFAU8,BLANKET,4
B00Q7OFEM2,BLANKET,4
B00Q7OFI1O,BLANKET,2
B00Q7OFLNO,BLANKET,1
B00Q7OG0TI,BLANKET,1
B00Q8JQKEC,SURFACE_CLEANING_WIPE,22
B00Q8VI480,SURFACE_CLEANING_WIPE,3
B00QA2R7EE,PUZZLES,1
B00QDWK57M,PUZZLES,1
B00QFLDR6W,BAKING_PAN,1
B00QH7GP22,DRINKING_CUP,1
B00QI1RSLE,BLANKET,1
B00QI1RSZ0,BLANKET,1
B00QI1SN1I,BLANKET,1
B00QI1SN90,BLANKET,1
B00QRC13EW,BAKING_PAN,1
B00QTMI40G,BLANKET,1
B00R15A1QU,DRINKING_CUP,1
B00R1NANC4,PUZZLES,1
B00R1TB43K,DRINKING_CUP,1
B00R4VLDAE,DRINKING_CUP,1
B00R63HM1O,DRINKING_CUP,1
B00R63IB82,DRINKING_CUP,4
B00R6SL6D4,DRINKING_CUP,1
B00R6SL6E8,DRINKING_CUP,1
B00R7JQDIK,BAKING_PAN,1
B00RBQ0524,SURFACE_CLEANING_WIPE,11
B00RBQ0AIS,SURFACE_CLEANING_WIPE,6
B00RCKN9VI,DRINKING_CUP,1
B00RCTBUVA,BLANKET,1
B00RG9SAV4,DRINKING_CUP,1
B00RIATVG4,PUZZLES,1
B00RLT4RKM,DRINKING_CUP,1
B00RM0Z7KE,BLANKET,1
B00RUMQFGY,DRINKING_CUP,1
B00RVXMYJY,DRINKING_CUP,1
B00RVXTX0M,DRINKING_CUP,1
B00RY499SY,BAKING_PAN,1
B00RYRIEGE,DRINKING_CUP,1
B00RZX8SFO,DRINKING_CUP,1
B00S1MX8GC,DRINKING_CUP,1
B00S1TC3V6,BLANKET,4
B00S1TC442,BLANKET,25
B00S28IBUS,SURFACE_CLEANING_WIPE,1
B00S2XPGCE,PUZZLES,1
B00S35JGSQ,PUZZLES,1
B00S4LJL02,DRINKING_CUP,3
B00S4LJRCE,DRINKING_CUP,1
B00S4LJTEK,DRINKING_CUP,2
B00S5WP84S,PUZZLES,1
B00S6V13YW,PUZZLES,4
B00S7JAJQ6,TOILET_PAPER,7
B00S7N8ONM,TOILET_PAPER,2
B00S87CV9A,PUZZLES,3
B00S87DDI8,PUZZLES,1
B00S8CNNBA,DRINKING_CUP,2
B00S8JSK4I,DRINKING_CUP,1
B00S8TIBI8,DRINKING_CUP,1
B00S9X4AHE,DRINKING_CUP,1
B00SEX6DQK,BLANKET,1
B00SGU7SFG,DRINKING_CUP,1
B00SGZIW0G,BAKING_PAN,1
B00SH6DNGC,DRINKING_CUP,1
B00SI5JHUS,PUZZLES,2
B00SKGUPU6,PUZZLES,1
B00SNPR8BS,PUZZLES,1
B00SOG1EIY,PUZZLES,1
B00SOG3MH0,PUZZLES,4
B00SOYXJ1Q,PUZZLES,2
B00SP6BQKY,PUZZLES,1
B00SQ6A5Z0,PUZZLES,2
B00SQGOB50,DRINKING_CUP,3
B00SQGPU82,DRINKING_CUP,1
B00SQGQM0M,DRINKING_CUP,1
B00SUHVVOO,BLANKET,1
B00SUVRNYW,DRINKING_CUP,2
B00SWTUIU8,DRINKING_CUP,1
B00SX16FOI,DRINKING_CUP,1
B00SXCW0J6,BAKING_PAN,1
B00SYRWSVU,DRINKING_CUP,1
B00T04PZ6G,BLANKET,1
B00T406HYA,BAKING_PAN,1
B00T44521U,TOILET_PAPER,1
B00T50PH4A,BAKING_PAN,1
B00T63G52E,BLANKET,5
B00T6TLY3I,PUZZLES,3
B00T7MLUMY,DRINKING_CUP,2
B00T7MLVUA,DRINKING_CUP,5
B00T7MM39S,DRINKING_CUP,5
B00T87VN20,TOILET_PAPER,17
B00T8IR01M,DRINKING_CUP,1
B00TCR8MAW,DRINKING_CUP,1
B00TCRMW4E,PUZZLES,1
B00TFVNTN0,DRINKING_CUP,1
B00THLMIHG,PUZZLES,6
B00THP1N4Q,BLANKET,1
B00TI6YNBO,BLANKET,1
B00TOTWDIU,SURFACE_CLEANING_WIPE,1
B00TP12AGC,BLANKET,1
B00TQZGYVE,BAKING_PAN,1
B00TSUHRNG,DRINKING_CUP,1
B00TSWNRH4,PUZZLES,1
B00TSWNRJ2,PUZZLES,2
B00TSWNROC,PUZZLES,1
B00TSWNSKU,PUZZLES,1
B00TSWO2YQ,PUZZLES,1
B00TSWO3E0,PUZZLES,1
B00TSWO3G8,PUZZLES,1
B00TSWO3LI,PUZZLES,1
B00TSWO3SG,PUZZLES,1
B00TSWOEJ4,PUZZLES,1
B00TSWOEOY,PUZZLES,1
B00TSWOFH0,PUZZLES,1
B00TTX5L94,PUZZLES,1
B00TVLLTN6,PUZZLES,2
B00TYNQEK4,BLANKET,1
B00U0NDBDA,BLANKET,3
B00U2QR3PM,DRINKING_CUP,1
B00U5X32YS,SURFACE_CLEANING_WIPE,1
B00U85D3UG,BLANKET,1
B00U85D4KA,BLANKET,1
B00U85D8J2,BLANKET,1
B00U85DR8O,BLANKET,1
B00U8B8I3M,DRINKING_CUP,2
B00UAAGI7E,DRINKING_CUP,1
B00UAB4NPM,DRINKING_CUP,1
B00UB031W8,DRINKING_CUP,3
B00UCWOX72,PUZZLES,1
B00UCWOXZY,PUZZLES,3
B00UCWQMDU,PUZZLES,1
B00UEUN4QI,DRINKING_CUP,2
B00UFWE18U,DRINKING_CUP,2
B00UFWI7IK,DRINKING_CUP,3
B00UG3GFQO,DRINKING_CUP,2
B00UGUAWNO,DRINKING_CUP,1
B00UI8QINM,DRINKING_CUP,1
B00UIJ2E9S,DRINKING_CUP,1
B00UIYCAPG,PUZZLES,1
B00UNQ3T04,BLANKET,1
B00UNT6BR4,SURFACE_CLEANING_WIPE,1
B00UQJBAE0,PUZZLES,1
B00UTZLIZ2,SURFACE_CLEANING_WIPE,1
B00UULTV90,BLANKET,1
B00UUX3CAW,DRINKING_CUP,2
B00UY0TNZY,BAKING_PAN,1
B00UYNJRLG,BLANKET,1
B00UZNZV24,TOILET_PAPER,1
B00UZO5GOG,DRINKING_CUP,1
B00V15WDHG,BLANKET,1
B00V4PJ34E,DRINKING_CUP,2
B00V4R6XQS,BLANKET,1
B00V5P1RAG,PUZZLES,1
B00V6QH4ZG,BLANKET,1
B00V75PRIW,BLANKET,1
B00V852S4C,BLANKET,1
B00V89504I,DRINKING_CUP,1
B00V897BFO,DRINKING_CUP,1
B00V9ILVR8,DRINKING_CUP,1
B00V9IM0WS,DRINKING_CUP,1
B00VGR4T6C,BLANKET,3
B00VGR4VW4,BLANKET,35
B00VGR4Y7G,BLANKET,1
B00VGR4YDU,BLANKET,5
B00VGR50EW,BLANKET,6
B00VGR534O,BLANKET,1
B00VNJDYNW,DRINKING_CUP,1
B00VQ2RLNA,BLANKET,1
B00VQIX1HY,BLANKET,1
B00VQIX2NC,BLANKET,2
B00VQYGOJA,BLANKET,1
B00VRTX8IO,DRINKING_CUP,1
B00VSDLEQ2,PUZZLES,2
B00W0J466S,PUZZLES,1
B00W0J467M,PUZZLES,1
B00W0J46CM,PUZZLES,1
B00W1X917C,DRINKING_CUP,1
B00W50QXUO,PUZZLES,1
B00W7AZG3C,DRINKING_CUP,1
B00WANFKWI,DRINKING_CUP,1
B00WBB0GR8,DRINKING_CUP,1
B00WDTIOVI,BAKING_PAN,1
B00WDZOPII,BAKING_PAN,2
B00WE2RXNO,BLANKET,1
B00WF6BBW8,DRINKING_CUP,1
B00WFELKWQ,DRINKING_CUP,1
B00WH1R5CQ,DRINKING_CUP,1
B00WH2OINY,BLANKET,1
B00WIB5AB8,DRINKING_CUP,1
B00WJ258XG,DRINKING_CUP,1
B00WJPRJ30,DRINKING_CUP,1
B00WO858UI,DRINKING_CUP,1
B00WP14VOI,DRINKING_CUP,1
B00WRIJGQC,BAKING_PAN,1
B00WRKHGDA,BAKING_PAN,1
B00WSCRWBS,BLANKET,1
B00WT4FJRY,DRINKING_CUP,1
B00WTBVCY6,DRINKING_CUP,1
B00WU0OD9W,BLANKET,1
B00WW6OC8G,BAKING_PAN,1
B00WX9KKTW,BAKING_PAN,1
B00WZE22J6,DRINKING_CUP,1
B00X0XGWII,DRINKING_CUP,1
B00X21OE56,BLANKET,2
B00X22AVPC,BLANKET,1
B00X22AX9G,BLANKET,1
B00X22GGQU,BLANKET,1
B00X22GJ2G,BLANKET,1
B00X22GS5O,BLANKET,2
B00X22GUS4,BLANKET,1
B00X22JOJG,BLANKET,1
B00X22JYT6,BLANKET,2
B00X22N2GC,BLANKET,1
B00X22N3Z2,BLANKET,1
B00X22NJ5Q,BLANKET,1
B00X22SXPW,BLANKET,1
B00X22T2MK,BLANKET,2
B00X22ZFSA,BLANKET,1
B00X22ZL02,BLANKET,1
B00X230DYU,BLANKET,4
B00X32FM46,DRINKING_CUP,1
B00X4E7ZVQ,PUZZLES,2
B00X5T5512,DRINKING_CUP,7
B00X6A1J92,BLANKET,1
B00X700U5A,PUZZLES,1
B00X8BREJS,DRINKING_CUP,12
B00XA17ROI,BLANKET,1
B00XA1RVJY,DRINKING_CUP,1
B00XCCSTKQ,DRINKING_CUP,1
B00XH6WWVY,PUZZLES,1
B00XH6WZ52,PUZZLES,1
B00XHI7F2I,DRINKING_CUP,1
B00XIIHKFO,DRINKING_CUP,4
B00XJI63TM,DRINKING_CUP,1
B00XK62VDU,DRINKING_CUP,1
B00XLV72H4,BLANKET,5
B00XLZN5WG,BLANKET,1
B00XMH7MRW,DRINKING_CUP,2
B00XO0J1P8,BLANKET,1
B00XPHXLL0,PUZZLES,2
B00XPVC0C2,DRINKING_CUP,1
B00XPYVP70,DRINKING_CUP,1
B00XV8K5WG,DRINKING_CUP,1
B00XVB59OW,DRINKING_CUP,1
B00XVKW12G,TOILET_PAPER,1
B00XY7P58I,BLANKET,1
B00XY7PKOW,BLANKET,2
B00XY7PP74,BLANKET,1
B00XZ81GBQ,BAKING_PAN,2
B00XZCEMFY,BAKING_PAN,1
B00Y4BD0R6,DRINKING_CUP,1
B00Y6PRETK,BAKING_PAN,1
B00Y94Z3OQ,BLANKET,1
B00YBAD8JA,BLANKET,1
B00YBADM1O,BLANKET,2
B00YBGL4V8,DRINKING_CUP,1
B00YBVUWNO,DRINKING_CUP,1
B00YBWOMRA,PUZZLES,23
B00YC2PTLC,BAKING_PAN,1
B00YCYF564,SURFACE_CLEANING_WIPE,1
B00YDG8X1K,DRINKING_CUP,1
B00YDQJ9EK,BLANKET,2
B00YF3AE1S,BAKING_PAN,1
B00YF4I1BC,DRINKING_CUP,2
B00YFR1LRU,PUZZLES,1
B00YFR2BDI,PUZZLES,2
B00YG9SQM0,DRINKING_CUP,6
B00YG9SRQ0,DRINKING_CUP,1
B00YGJJTMQ,PUZZLES,2
B00YJ2NJR6,DRINKING_CUP,1
B00YJHNIZ4,BLANKET,1
B00YJHNP7K,BLANKET,1
B00YMVI49W,TOILET_PAPER,1
B00YMVI4GK,TOILET_PAPER,3
B00YMVI5DC,TOILET_PAPER,13
B00YNZDKKU,DRINKING_CUP,1
B00YOK11Z0,DRINKING_CUP,1
B00YOK16KU,DRINKING_CUP,1
B00YOK16N2,DRINKING_CUP,1
B00YPV287S,DRINKING_CUP,4
B00YRIZBKA,DRINKING_CUP,1
B00YRXO43U,PUZZLES,1
B00YRZ5QTE,PUZZLES,1
B00YWRKHPK,DRINKING_CUP,4
B00YWRKQEM,DRINKING_CUP,1
B00Z02YM3Y,BLANKET,1
B00Z4U1RBM,DRINKING_CUP,1
B00Z681POQ,DRINKING_CUP,1
B00Z823WOQ,DRINKING_CUP,1
B00Z82FHWG,DRINKING_CUP,1
B00Z8QVYGA,DRINKING_CUP,1
B00ZDHASXY,BLANKET,1
B00ZDQNL9I,PUZZLES,1
B00ZE4PHWS,BLANKET,1
B00ZNB9YRG,DRINKING_CUP,1
B00ZNLNC88,DRINKING_CUP,1
B00ZOT2TGK,DRINKING_CUP,1
B00ZRUHNBM,DRINKING_CUP,1
B00ZS0H6PE,PUZZLES,4
B00ZS0HO7O,PUZZLES,1
B00ZS0HX2K,PUZZLES,1
B00ZTOB4CA,DRINKING_CUP,1
B00ZVO5P14,BLANKET,1
B010112348,BLANKET,1
B01016ARTQ,PUZZLES,4
B0104S8KOA,DRINKING_CUP,2
B01077GFJU,DRINKING_CUP,1
B01077GI06,DRINKING_CUP,1
B0107CYIWQ,BLANKET,2
B0107CYKJ2,BLANKET,1
B010C21I2E,BLANKET,1
B010E0N7ZU,DRINKING_CUP,1
B010FXR3S8,DRINKING_CUP,1
B010GES5O2,BLANKET,1
B010JC2WUY,DRINKING_CUP,1
B010LRJC5K,BLANKET,1
B010NOA84A,DRINKING_CUP,1
B010NPG5SM,SURFACE_CLEANING_WIPE,1
B010OVIO9I,TOILET_PAPER,11
B010OVLF1C,TOILET_PAPER,1
B010POEJ5C,DRINKING_CUP,1
B010Q6SOGE,DRINKING_CUP,1
B010TS23SE,DRINKING_CUP,1
B010TVPM8E,DRINKING_CUP,1
B010V6AWNM,BLANKET,1
B0110T9Y6A,PUZZLES,1
B01132HZRO,PUZZLES,1
B0114KCMF0,BLANKET,2
B01152AI6W,DRINKING_CUP,1
B0115682YS,BLANKET,1
B0115WOB0G,DRINKING_CUP,1
B0117OD69O,BAKING_PAN,1
B0119ADU92,PUZZLES,1
B011A30OF6,BLANKET,1
B011BXK81K,BAKING_PAN,1
B011BXK83I,BAKING_PAN,1
B011BXK8BU,BAKING_PAN,1
B011I2HW6I,BLANKET,1
B011I2I4YW,BLANKET,1
B011KZ8YBK,BLANKET,2
B011KZA3V4,BLANKET,1
B011L6QEXI,DRINKING_CUP,1
B011LGED7C,DRINKING_CUP,2
B011LGFSX0,DRINKING_CUP,2
B011LGGA8C,DRINKING_CUP,1
B011LGGSWA,DRINKING_CUP,1
B011NTKUHY,PUZZLES,1
B011OHBHAY,PUZZLES,1
B011S1773W,DRINKING_CUP,1
B011TCHU50,DRINKING_CUP,2
B0121N2QLE,DRINKING_CUP,1
B0126UOXXG,BLANKET,1
B0127887VG,BLANKET,1
B012A0DXJ2,BAKING_PAN,1
B012A48GHC,PUZZLES,3
B012AQB2EY,PUZZLES,1
B012BGENOE,PUZZLES,1
B012BMBMY2,DRINKING_CUP,1
B012CBDMOK,BLANKET,1
B012CBEOAQ,BLANKET,1
B012CFJFOW,SURFACE_CLEANING_WIPE,33
B012E7Q7C6,PUZZLES,1
B012F4TE2I,BAKING_PAN,1
B012IQ8K9G,PUZZLES,1
B012SGPZRG,DRINKING_CUP,1
B012SW58HM,DRINKING_CUP,1
B012VE7RS0,DRINKING_CUP,1
B012WE55NI,PUZZLES,2
B0130N2SLW,DRINKING_CUP,1
B0132MVRAY,DRINKING_CUP,3
B013396NPU,BLANKET,1
B013399RP8,BLANKET,1
B013399S9I,BLANKET,5
B0133DHMLA,BLANKET,1
B0133DHNFU,BLANKET,2
B013525XBK,DRINKING_CUP,1
B01352KMOI,DRINKING_CUP,1
B0135PUUP6,DRINKING_CUP,1
B01370MS18,BAKING_PAN,1
B0137CVKCY,BAKING_PAN,1
B013B706DY,DRINKING_CUP,1
B013C2FV9M,BLANKET,1
B013C4JTUW,DRINKING_CUP,1
B013CCVIU8,BLANKET,1
B013CY3ROQ,DRINKING_CUP,1
B013ES4P32,DRINKING_CUP,1
B013F80M0Q,BLANKET,1
B013G3BAM4,DRINKING_CUP,1
B013GSYVSE,BLANKET,1
B013GYQVC2,BLANKET,2
B013GYQVCW,BLANKET,2
B013H283SI,DRINKING_CUP,2
B013J8J06E,DRINKING_CUP,3
B013JKKVWE,DRINKING_CUP,2
B013KRXVGE,DRINKING_CUP,1
B013L8H3M0,BLANKET,1
B013MBAX9G,BLANKET,1
B013NMZFMO,PUZZLES,1
B013OBBGEK,DRINKING_CUP,1
B013OBC0H2,DRINKING_CUP,1
B013OBCMZC,DRINKING_CUP,1
B013OBCQCG,DRINKING_CUP,1
B013OBRYVE,DRINKING_CUP,1
B013OBV3P2,DRINKING_CUP,1
B013OC4VGE,DRINKING_CUP,1
B013OC5EKQ,DRINKING_CUP,1
B013OC6UTK,DRINKING_CUP,1
B013OC8EWG,DRINKING_CUP,1
B013OCBCN4,DRINKING_CUP,1
B013OCD15Q,DRINKING_CUP,1
B013OCDSFO,DRINKING_CUP,1
B013OCGEZA,DRINKING_CUP,1
B013P1LAQ8,DRINKING_CUP,1
B013R6HZME,DRINKING_CUP,1
B013RAKUQS,DRINKING_CUP,5
B013RX5XUS,SURFACE_CLEANING_WIPE,1
B013WM1EAW,PUZZLES,1
B0140GK0A4,TOILET_PAPER,1
B01414PA2I,TOILET_PAPER,5
B01416H58I,BLANKET,1
B0141ONLEM,DRINKING_CUP,1
B01445YSMM,PUZZLES,1
B0145GIXBM,PUZZLES,1
B0145GML0G,PUZZLES,1
B01467GGPU,PUZZLES,1
B0146LWUEW,TOILET_PAPER,1
B0146LX1X6,TOILET_PAPER,1
B0147FRRC2,PUZZLES,1
B0147MR9G4,DRINKING_CUP,1
B014869BKG,DRINKING_CUP,1
B0149K093O,PUZZLES,7
B014ELYQ1E,PUZZLES,6
B014G8XSLY,TOILET_PAPER,1
B014GE6XOM,DRINKING_CUP,1
B014GJY8DU,DRINKING_CUP,7
B014GP9ZQE,DRINKING_CUP,1
B014GR4A76,DRINKING_CUP,1
B014IDZPD6,DRINKING_CUP,1
B014JT3HWA,DRINKING_CUP,1
B014N9LXUE,DRINKING_CUP,1
B014RZ43OW,DRINKING_CUP,1
B014SJ22JU,BLANKET,1
B014SJ2EHA,BLANKET,1
B014SJ2ERU,BLANKET,1
B014SW7YNG,SURFACE_CLEANING_WIPE,1
B014TNQ83G,SURFACE_CLEANING_WIPE,3
B014TQASPM,SURFACE_CLEANING_WIPE,1
B014V0SVFU,DRINKING_CUP,1
B014YHKKUO,PUZZLES,1
B014YXUOK4,BLANKET,1
B015007M1E,BLANKET,1
B0154F4YB6,BAKING_PAN,1
B0154F4ZS8,BAKING_PAN,1
B01555KSZQ,DRINKING_CUP,1
B0156G9YVI,DRINKING_CUP,1
B0157G3FWQ,DRINKING_CUP,1
B0157G3RS8,DRINKING_CUP,1
B0157KCP6Y,PUZZLES,1
B0157KCV9U,DRINKING_CUP,1
B0157LVZKA,BLANKET,1
B0157MQA72,DRINKING_CUP,1
B0157NR5F2,DRINKING_CUP,1
B0157T1UMA,BLANKET,4
B0157T1XOA,BLANKET,2
B0157T1ZK2,BLANKET,13
B0157T24BG,BLANKET,1
B0157T27DQ,BLANKET,4
B0157T291G,BLANKET,4
B0157T2AF6,BLANKET,3
B0157T2ATW,BLANKET,2
B0157T2C3G,BLANKET,6
B0157T2ENY,BLANKET,2
B0157T2HE0,BLANKET,6
B0157T2N6W,BLANKET,1
B0157T2ONE,BLANKET,2
B0157T2Q6Y,BLANKET,1
B0157T2RX6,BLANKET,2
B0158EQE2K,BLANKET,4
B0158EQJSY,BLANKET,4
B0158EQLW8,BLANKET,1
B0158EQVPK,BLANKET,4
B0158ER0E6,BLANKET,3
B0158NAPLC,BLANKET,1
B0158YQYWU,DRINKING_CUP,1
B015B5AFTE,DRINKING_CUP,1
B015COW4EI,BAKING_PAN,1
B015CQZK4C,BAKING_PAN,2
B015CQZO0W,BAKING_PAN,1
B015CQZO3Y,BAKING_PAN,2
B015CQZOCA,BAKING_PAN,1
B015CQZR6I,BAKING_PAN,3
B015EPIHKK,DRINKING_CUP,2
B015EVFOJG,DRINKING_CUP,1
B015G1RQLI,PUZZLES,1
B015G1WKXW,PUZZLES,2
B015GBAVZQ,BLANKET,1
B015GMW3R4,DRINKING_CUP,1
B015HGRZ9A,PUZZLES,1
B015ISYOH8,BLANKET,1
B015J4I51M,DRINKING_CUP,3
B015JONSC8,DRINKING_CUP,1
B015JOPBWI,BAKING_PAN,2
B015OWBQX8,PUZZLES,1
B015PXGLQI,BAKING_PAN,21
B015RK39R8,DRINKING_CUP,1
B015RY7C2W,TOILET_PAPER,6
B015TK4N30,DRINKING_CUP,1
B015UICJ3W,BLANKET,1
B015VDDGNS,PUZZLES,1
B015VMSU9O,PUZZLES,1
B015VMT4GM,PUZZLES,1
B015VMT9LW,PUZZLES,2
B015VYIQZ0,BLANKET,1
B0160988SU,DRINKING_CUP,1
B0160G7ETC,DRINKING_CUP,1
B0160LEYFO,DRINKING_CUP,1
B0160LEYFY,DRINKING_CUP,1
B0163LT9CY,DRINKING_CUP,3
B0163TOGCO,PUZZLES,1
B0163UE7LI,BLANKET,1
B01644OAM4,BLANKET,1
B01644OL1O,BLANKET,4
B01644OV1O,BLANKET,1
B01689U5Z6,DRINKING_CUP,1
B0168KVNEW,DRINKING_CUP,1
B0168KVQY4,DRINKING_CUP,1
B016B30XYW,DRINKING_CUP,1
B016C9LWO0,DRINKING_CUP,1
B016CGQNMY,DRINKING_CUP,1
B016CNGA8O,BLANKET,1
B016DU8TF8,PUZZLES,1
B016ENB11I,PUZZLES,1
B016G44ABI,PUZZLES,2
B016ILHNS6,BAKING_PAN,2
B016L0TFLW,DRINKING_CUP,1
B016MP5IZI,BLANKET,1
B016N3A8UY,BLANKET,1
B016NGIN0S,DRINKING_CUP,3
B016OY2DH8,BLANKET,1
B016QK11L4,BLANKET,1
B016QQJD22,BLANKET,1
B016S0HIMS,DRINKING_CUP,1
B016S4XZJY,BLANKET,1
B016U73VZW,DRINKING_CUP,3
B016U8ZBC2,BLANKET,1
B016U8ZBCM,BLANKET,1
B016U8ZBDG,BLANKET,1
B016U8ZBE0,BLANKET,1
B016U8ZBEK,BLANKET,1
B016U8ZBGI,BLANKET,1
B016VO5PDK,DRINKING_CUP,1
B016WO8NE2,BLANKET,1
B016X9AU1K,BLANKET,1
B016Y9PDMK,DRINKING_CUP,1
B016Y9TEK2,DRINKING_CUP,1
B016YA0YG4,DRINKING_CUP,1
B016ZC2W7K,PUZZLES,1
B0170A457Q,BLANKET,1
B0170A4ALC,BLANKET,1
B0170AYAMG,BLANKET,1
B0170AYERC,BLANKET,1
B0170FD5WC,DRINKING_CUP,1
B0170FENSW,BAKING_PAN,1
B0170HSYLC,DRINKING_CUP,1
B017149XR8,BAKING_PAN,1
B0171LH3SM,DRINKING_CUP,1
B0171YRE3S,DRINKING_CUP,1
B01726I11O,DRINKING_CUP,1
B0172CS7W6,DRINKING_CUP,1
B0176WE1TK,DRINKING_CUP,1
B017792DSI,DRINKING_CUP,2
B0177B70BQ,PUZZLES,1
B01787HRT4,PUZZLES,1
B0178ALQOI,PUZZLES,1
B0178B9KZE,BLANKET,1
B0178FBJC2,DRINKING_CUP,1
B0178N1TQA,PUZZLES,1
B017BAPKQA,DRINKING_CUP,1
B017C0OKJM,DRINKING_CUP,1
B017C72N30,DRINKING_CUP,1
B017DM0L38,DRINKING_CUP,1
B017DQXMDK,DRINKING_CUP,1
B017EYXDE4,PUZZLES,1
B017GAA62S,BLANKET,1
B017GAA6SW,BLANKET,1
B017HYEMX2,PUZZLES,1
B017IQZ9PY,DRINKING_CUP,1
B017IQZDX2,DRINKING_CUP,2
B017KORMZO,DRINKING_CUP,1
B017LXQCGO,PUZZLES,1
B017MHS08M,PUZZLES,1
B017NPZGT4,DRINKING_CUP,2
B017P2ZG0O,SURFACE_CLEANING_WIPE,1
B017P5E468,DRINKING_CUP,2
B017QNTVMQ,DRINKING_CUP,1
B017RJTZPW,DRINKING_CUP,1
B017SXG9NS,PUZZLES,2
B017TFNZJQ,DRINKING_CUP,1
B017U6U8JO,BLANKET,2
B017V0HBYO,DRINKING_CUP,2
B017WR3B86,DRINKING_CUP,1
B0182W7K2I,PUZZLES,1
B0184308S8,DRINKING_CUP,1
B0184UZTLM,DRINKING_CUP,1
B0184VSPB2,DRINKING_CUP,1
B0184XUCR0,DRINKING_CUP,2
B0184YD2ZI,DRINKING_CUP,1
B0185RFE0K,PUZZLES,1
B0186XTLY8,DRINKING_CUP,1
B0187ZG7RE,BAKING_PAN,1
B0189IB36E,DRINKING_CUP,1
B018A2TPG4,TOILET_PAPER,1
B018AD00BM,TOILET_PAPER,13
B018ANFG8O,DRINKING_CUP,1
B018ANFGDE,DRINKING_CUP,1
B018B6M8ZE,BLANKET,1
B018CT1UDG,DRINKING_CUP,1
B018CWAC6O,DRINKING_CUP,1
B018DLEOLS,DRINKING_CUP,1
B018JQ5RQS,BAKING_PAN,1
B018KRCID6,DRINKING_CUP,1
B018RC3AZO,PUZZLES,1
B018SSX8S6,BLANKET,1
B018VC8UP0,BLANKET,1
B018VC8VYK,BLANKET,1
B018WYQ8J2,DRINKING_CUP,1
B018Z4TV5W,PUZZLES,1
B019198R78,DRINKING_CUP,1
B0193546DO,BAKING_PAN,1
B0195ZRPAI,DRINKING_CUP,1
B0196WNB12,DRINKING_CUP,1
B0196WPQZ6,DRINKING_CUP,2
B0199SXSDY,DRINKING_CUP,1
B019AZFHTY,DRINKING_CUP,1
B019FHD0FK,BAKING_PAN,2
B019FHD41K,BAKING_PAN,1
B019FHD46A,BAKING_PAN,1
B019FHD46K,BAKING_PAN,1
B019FHD46U,BAKING_PAN,1
B019FZ1784,DRINKING_CUP,1
B019GN46DI,DRINKING_CUP,1
B019JZOE0I,DRINKING_CUP,1
B019JZOHGY,DRINKING_CUP,2
B019JZOHQ4,DRINKING_CUP,1
B019JZOKKW,DRINKING_CUP,1
B019JZOKVQ,DRINKING_CUP,1
B019MIRQC0,BLANKET,1
B019NNHT5I,DRINKING_CUP,1
B019Q2ICTI,DRINKING_CUP,4
B019QA4QTK,DRINKING_CUP,1
B019TUCGOE,TOILET_PAPER,1
B019TVIYDA,DRINKING_CUP,3
B019YRJ2MQ,DRINKING_CUP,3
B019ZL22GE,BLANKET,2
B01A0MYA6M,BAKING_PAN,1
B01A0NB55A,DRINKING_CUP,4
B01A0X9W78,DRINKING_CUP,1
B01A28JLCM,BLANKET,3
B01A5Z1I0U,BLANKET,1
B01A6547XE,DRINKING_CUP,2
B01A6R361G,PUZZLES,3
B01A7B7P1S,DRINKING_CUP,1
B01A7GNZD0,DRINKING_CUP,4
B01A7QS0IA,DRINKING_CUP,1
B01A7URRYE,TOILET_PAPER,1
B01A9RYY5K,DRINKING_CUP,2
B01AAHS2LG,DRINKING_CUP,1
B01AAUEAVY,BLANKET,1
B01AAWECVU,BLANKET,1
B01AAXA3W6,DRINKING_CUP,1
B01ABU3P3C,PUZZLES,1
B01ABYSY34,PUZZLES,2
B01ACARBTA,DRINKING_CUP,1
B01ACAXJ50,DRINKING_CUP,1
B01ACFZR9G,DRINKING_CUP,1
B01AD1TDZ8,DRINKING_CUP,2
B01AD1V7J8,PUZZLES,2
B01AD1VHR0,PUZZLES,1
B01AD1VLU8,PUZZLES,1
B01AFRSQGW,TOILET_PAPER,18
B01AGXRHLA,DRINKING_CUP,1
B01AH50M82,DRINKING_CUP,1
B01AHASKK4,DRINKING_CUP,1
B01AHDV10W,DRINKING_CUP,1
B01AIPVDI4,SURFACE_CLEANING_WIPE,1
B01AJ5UVOA,DRINKING_CUP,1
B01AKE16OO,DRINKING_CUP,1
B01ALIR36O,PUZZLES,1
B01ALRO6F6,TOILET_PAPER,2
B01AMCVXWE,DRINKING_CUP,1
B01AO5UGKO,DRINKING_CUP,1
B01APT62MK,DRINKING_CUP,1
B01AR5FJDU,DRINKING_CUP,2
B01AR7OLF0,TOILET_PAPER,1
B01AS5043Y,DRINKING_CUP,1
B01AS50ASS,DRINKING_CUP,1
B01ASIJ69E,PUZZLES,1
B01ASRINX0,DRINKING_CUP,1
B01ASX06XE,DRINKING_CUP,2
B01ASY3144,BAKING_PAN,4
B01ATKKP1E,BLANKET,1
B01ATUZ1TA,TOILET_PAPER,1
B01AUP888K,PUZZLES,1
B01AUP8GK0,PUZZLES,2
B01AUY1400,BLANKET,1
B01AVG5B0G,BAKING_PAN,2
B01AWWBQX0,BLANKET,1
B01AX4B0SI,DRINKING_CUP,1
B01AX6Q630,DRINKING_CUP,1
B01AX6Q64Y,DRINKING_CUP,1
B01AYJ0TDY,BLANKET,1
B01AYM3MK8,DRINKING_CUP,1
B01AYMZXVY,BLANKET,1
B01AZ159KE,TOILET_PAPER,2
B01AZ15AMQ,TOILET_PAPER,17
B01AZ15E22,TOILET_PAPER,7
B01AZAL5OE,PUZZLES,3
B01AZB6TQW,DRINKING_CUP,1
B01B16CJUU,DRINKING_CUP,3
B01B16CJVE,DRINKING_CUP,1
B01B1UDUJ0,PUZZLES,5
B01B241HHC,DRINKING_CUP,3
B01B4N9Y6C,TOILET_PAPER,5
B01B4X2M3O,BLANKET,1
B01B5KAAAS,TOILET_PAPER,86
B01B5KAAUS,TOILET_PAPER,203
B01B68BCO2,DRINKING_CUP,4
B01B6DQR8S,PUZZLES,1
B01B6DRMMS,PUZZLES,1
B01B6M0ASC,DRINKING_CUP,1
B01B6M0BYA,DRINKING_CUP,1
B01B6W5WVC,BLANKET,1
B01BD0R8F0,DRINKING_CUP,5
B01BD0R8KU,DRINKING_CUP,9
B01BD2B0J8,DRINKING_CUP,1
B01BG77GS4,BLANKET,1
B01BGCDJFS,BAKING_PAN,1
B01BGD0NXI,BAKING_PAN,1
B01BGD9QIQ,BAKING_PAN,1
B01BGG3I0U,BLANKET,1
B01BH1WML0,DRINKING_CUP,3
B01BH7ALQM,DRINKING_CUP,1
B01BHEIA40,DRINKING_CUP,1
B01BHUSR38,SURFACE_CLEANING_WIPE,4
B01BI0SCI2,PUZZLES,1
B01BJ683WK,TOILET_PAPER,1
B01BJ6FD5U,DRINKING_CUP,2
B01BJ8HB9E,DRINKING_CUP,1
B01BJ9RGMU,DRINKING_CUP,1
B01BLDDPZG,DRINKING_CUP,1
B01BLEHWS6,BAKING_PAN,2
B01BLEHWZE,BAKING_PAN,1
B01BMB5NSE,DRINKING_CUP,2
B01BMPO8E0,DRINKING_CUP,2
B01BMWT6WM,BAKING_PAN,1
B01BMYBCHW,DRINKING_CUP,1
B01BNV8SDA,DRINKING_CUP,1
B01BNWZYBI,BLANKET,1
B01BO5T2Z8,DRINKING_CUP,1
B01BOPED7A,DRINKING_CUP,1
B01BP49RKS,BLANKET,1
B01BPBMJCE,DRINKING_CUP,4
B01BPCSMU6,TOILET_PAPER,1
B01BSMANMS,BLANKET,1
B01BTWRRMQ,DRINKING_CUP,2
B01BTX232Y,DRINKING_CUP,3
B01BTX6R76,DRINKING_CUP,1
B01BTXGMNK,DRINKING_CUP,2
B01BUKEBEO,DRINKING_CUP,1
B01BVPXTPA,PUZZLES,1
B01BW2CBCE,PUZZLES,1
B01BX7CPQK,DRINKING_CUP,1
B01BZ5PV2K,DRINKING_CUP,1
B01C05HFJQ,PUZZLES,1
B01C05HFR8,PUZZLES,2
B01C05HPKA,PUZZLES,1
B01C4JB95E,BLANKET,1
B01C4TF8XS,DRINKING_CUP,1
B01C4TJLW2,DRINKING_CUP,1
B01C4WT3BS,DRINKING_CUP,1
B01C5TFAD0,PUZZLES,2
B01C64BMCC,PUZZLES,1
B01C684UQ8,DRINKING_CUP,2
B01C8CEMF6,DRINKING_CUP,1
B01CBI90Z4,DRINKING_CUP,1
B01CC5NGN8,PUZZLES,1
B01CCNAN9K,PUZZLES,1
B01CDA8YC0,DRINKING_CUP,1
B01CDAOK6O,DRINKING_CUP,1
B01CDD8RBK,PUZZLES,1
B01CDEP4HO,BLANKET,1
B01CDEWT1S,BLANKET,1
B01CF3C624,DRINKING_CUP,1
B01CF50516,PUZZLES,5
B01CFMAZPK,BAKING_PAN,2
B01CG3ENXI,TOILET_PAPER,1
B01CGMTD9I,BAKING_PAN,1
B01CILGKE8,PUZZLES,1
B01CILGRZA,PUZZLES,1
B01CIS3D4Q,PUZZLES,1
B01CIS3MTM,PUZZLES,1
B01CIS3O7C,PUZZLES,1
B01CJABFL6,BLANKET,1
B01CJVPCO6,SURFACE_CLEANING_WIPE,1
B01CJVPCVY,SURFACE_CLEANING_WIPE,7
B01CKDXBBE,DRINKING_CUP,1
B01CKJSYPQ,DRINKING_CUP,1
B01CKJTZRC,DRINKING_CUP,1
B01CKKBFLU,DRINKING_CUP,1
B01CL45HRI,BLANKET,3
B01CNSP4C0,PUZZLES,1
B01COTOWGW,DRINKING_CUP,1
B01CPF0GZG,PUZZLES,1
B01CPGSI4Q,DRINKING_CUP,1
B01CQ4PIE0,DRINKING_CUP,1
B01CQTL20E,DRINKING_CUP,1
B01CQTWIAC,PUZZLES,3
B01CQUY2GO,BLANKET,1
B01CRAR8NM,PUZZLES,3
B01CRONSGY,SURFACE_CLEANING_WIPE,1
B01CSA8OZW,BLANKET,2
B01CUWQ5MM,DRINKING_CUP,1
B01CUZK2VO,DRINKING_CUP,1
B01CV2B0IU,DRINKING_CUP,1
B01CVSUFBC,BAKING_PAN,2
B01CXT05S2,PUZZLES,1
B01CYLCQEK,BLANKET,1
B01CZBS6RU,DRINKING_CUP,1
B01D1RT310,BLANKET,1
B01D1XVQ64,DRINKING_CUP,10
B01D1YLOME,DRINKING_CUP,1
B01D1YLQP4,DRINKING_CUP,1
B01D241B94,DRINKING_CUP,1
B01D24LYE6,PUZZLES,1
B01D24NMEQ,PUZZLES,1
B01D24NU5M,PUZZLES,1
B01D2QH5QU,PUZZLES,1
B01D4U7NWK,DRINKING_CUP,1
B01D51CGAW,PUZZLES,2
B01D532LY6,DRINKING_CUP,1
B01D67AUX0,DRINKING_CUP,1
B01D6H5BBQ,DRINKING_CUP,1
B01D6TGVHW,DRINKING_CUP,1
B01D7RC1F4,DRINKING_CUP,1
B01D7SS1X4,PUZZLES,11
B01D7SS1XE,PUZZLES,1
B01D8I3YIU,BAKING_PAN,1
B01D8IPGXQ,DRINKING_CUP,1
B01D8IPMAS,DRINKING_CUP,1
B01D9H0A2S,PUZZLES,1
B01D9KHOK6,PUZZLES,1
B01DA5PMTA,PUZZLES,1
B01DBKRSHI,TOILET_PAPER,55
B01DBKRWWY,TOILET_PAPER,33
B01DC32I2E,DRINKING_CUP,1
B01DCHM1KE,SURFACE_CLEANING_WIPE,6
B01DCKLW42,BLANKET,1
B01DCKMU2U,BLANKET,1
B01DCKNFR4,BLANKET,1
B01DD00M3I,DRINKING_CUP,1
B01DDGDGEO,DRINKING_CUP,2
B01DDHR702,BAKING_PAN,2
B01DE29JW0,BLANKET,11
B01DGMBBL0,DRINKING_CUP,1
B01DGMBG5Q,DRINKING_CUP,2
B01DGMBHT6,DRINKING_CUP,10
B01DGMBL8S,DRINKING_CUP,1
B01DJFOVJS,PUZZLES,1
B01DJFOVV6,PUZZLES,1
B01DJH983A,DRINKING_CUP,1
B01DMVZOMM,DRINKING_CUP,1
B01DN09YTG,BLANKET,1
B01DN0AU4O,BLANKET,1
B01DNUZHU6,BAKING_PAN,2
B01DP0MLVW,PUZZLES,2
B01DP0MPKO,PUZZLES,1
B01DP0NUQM,PUZZLES,1
B01DPOGF5Q,PUZZLES,1
B01DPSPDFU,BLANKET,1
B01DQNHIQ6,DRINKING_CUP,1
B01DR2KFY8,DRINKING_CUP,1
B01DR6ZN0K,BAKING_PAN,27
B01DR6ZS5A,BAKING_PAN,1
B01DRWP9ZS,DRINKING_CUP,1
B01DS7OZP2,DRINKING_CUP,1
B01DSCI5ZS,DRINKING_CUP,1
B01DTZ00TI,DRINKING_CUP,1
B01DUP1REE,BLANKET,1
B01DV73ADW,DRINKING_CUP,1
B01DVZ0C6W,DRINKING_CUP,1
B01DWJEI62,DRINKING_CUP,1
B01DXKBD86,DRINKING_CUP,1
B01DXLUBFQ,DRINKING_CUP,1
B01DYCMEDQ,DRINKING_CUP,1
B01DYOOI74,DRINKING_CUP,1
B01DZE4TSG,DRINKING_CUP,1
B01E02G8QS,BLANKET,1
B01E0HA9S6,DRINKING_CUP,1
B01E1SP11O,DRINKING_CUP,1
B01E30ER4W,DRINKING_CUP,1
B01E3MJXGM,DRINKING_CUP,1
B01E7GR3OS,PUZZLES,1
B01E7UJISI,BLANKET,1
B01E9G4YJI,PUZZLES,1
B01E9GFGLS,PUZZLES,1
B01EB81LZY,DRINKING_CUP,1
B01EB85TI4,DRINKING_CUP,1
B01EHJORSA,BLANKET,1
B01EILI986,DRINKING_CUP,1
B01EIMUSIO,DRINKING_CUP,2
B01EKGTW62,DRINKING_CUP,1
B01EL3CNRE,BLANKET,1
B01ELNY8A4,BLANKET,1
B01ELNY8CM,BLANKET,1
B01ENM90AG,DRINKING_CUP,1
B01ENNLQNE,DRINKING_CUP,1
B01EOSDVM2,SURFACE_CLEANING_WIPE,1
B01EQGYKYU,BAKING_PAN,2
B01ESOCN0S,DRINKING_CUP,1
B01ESOCN1M,DRINKING_CUP,1
B01ESOCNRG,DRINKING_CUP,1
B01ESOCNTY,DRINKING_CUP,1
B01ESZPG42,BLANKET,1
B01ESZPIOA,BLANKET,5
B01ETLZERO,DRINKING_CUP,1
B01EVI676M,DRINKING_CUP,1
B01EVI68GG,DRINKING_CUP,1
B01EVI69XS,DRINKING_CUP,4
B01EVLZBH0,DRINKING_CUP,1
B01EX2IAZM,TOILET_PAPER,22
B01EXJW7W2,PUZZLES,1
B01F080SVW,DRINKING_CUP,1
B01F1F7DL2,DRINKING_CUP,1
B01F1YOEG0,DRINKING_CUP,1
B01F2E4V4O,DRINKING_CUP,1
B01F3ZNI2S,DRINKING_CUP,1
B01F57GYRU,BLANKET,1
B01F6HQLG8,DRINKING_CUP,1
B01F7D9MXU,DRINKING_CUP,1
B01F7E8JHY,TOILET_PAPER,1
B01F7E8NFC,TOILET_PAPER,3
B01F7OOGXA,DRINKING_CUP,1
B01F8NENDI,DRINKING_CUP,1
B01FB7IGDE,DRINKING_CUP,2
B01FB7K2HM,DRINKING_CUP,5
B01FBD7XYG,BLANKET,1
B01FE4U2HC,BLANKET,1
B01FF802EU,BLANKET,1
B01FGTFBHG,BAKING_PAN,2
B01FI1QXS8,BLANKET,2
B01FIM5ZMW,PUZZLES,2
B01FJFZ7SA,DRINKING_CUP,1
B01FJFZ82A,DRINKING_CUP,1
B01FJGLYUY,DRINKING_CUP,1
B01FJGNAP6,DRINKING_CUP,2
B01FJWQ408,TOILET_PAPER,1
B01FKVVO30,DRINKING_CUP,1
B01FO00LOU,BLANKET,1
B01FOILJEI,BLANKET,1
B01FOISJA0,DRINKING_CUP,1
B01FQ1XUEK,DRINKING_CUP,1
B01FQAE9GO,BLANKET,1
B01FRAE7AG,DRINKING_CUP,1
B01FRDSU1A,DRINKING_CUP,5
B01FRM04RE,DRINKING_CUP,1
B01FSDI0IC,PUZZLES,1
B01FSVAK3W,DRINKING_CUP,1
B01FT8DVGC,BAKING_PAN,1
B01FTC2KYC,BLANKET,1
B01FV18OO6,DRINKING_CUP,1
B01FV37ZP8,BLANKET,3
B01FVHT0FC,BLANKET,3
B01FVHT1XI,BLANKET,1
B01FVHTB10,BLANKET,1
B01FVHTCFU,BLANKET,1
B01FVIMGFC,BLANKET,2
B01FVWBT7O,DRINKING_CUP,1
B01FVWJSTK,BLANKET,2
B01FVWJSU4,BLANKET,1
B01FW4ZYUE,DRINKING_CUP,1
B01FWIYANM,PUZZLES,1
B01FWLOIM2,DRINKING_CUP,1
B01FWNIB6E,DRINKING_CUP,1
B01FX1SKRK,BLANKET,1
B01FY5PHIK,BAKING_PAN,8
B01FZD7F8Q,DRINKING_CUP,3
B01FZD7FKO,DRINKING_CUP,1
B01FZD7FV8,DRINKING_CUP,1
B01FZD7HFM,DRINKING_CUP,1
B01G0GMDGG,PUZZLES,2
B01G2ICAG0,DRINKING_CUP,1
B01G3PYWCW,PUZZLES,6
B01G3Q7LTW,DRINKING_CUP,2
B01G4BMMO0,BLANKET,1
B01G5GNVR6,PUZZLES,1
B01G5JDD4E,DRINKING_CUP,1
B01G61P2IG,DRINKING_CUP,1
B01G7A3BES,BLANKET,1
B01G8UO3SK,BLANKET,1
B01G8UO7S6,BLANKET,1
B01G8UOAOM,BLANKET,1
B01G8UOVIW,BLANKET,1
B01G9L3PZ0,BAKING_PAN,2
B01GBYG7UK,PUZZLES,1
B01GC2ONDY,BLANKET,2
B01GD2A3ZU,DRINKING_CUP,1
B01GDCLMXW,PUZZLES,1
B01GEV246G,DRINKING_CUP,1
B01GEXLUKA,DRINKING_CUP,1
B01GEXLUL4,DRINKING_CUP,1
B01GF5HLPA,BLANKET,1
B01GF5HM6I,BLANKET,1
B01GF5HMQI,BLANKET,1
B01GF5HNSU,BLANKET,1
B01GF5HOY8,BLANKET,1
B01GF5HQ00,BLANKET,4
B01GF9I2JA,BLANKET,1
B01GG0CT2E,DRINKING_CUP,1
B01GG2C86O,DRINKING_CUP,1
B01GG2C8DC,DRINKING_CUP,1
B01GG56RUY,BLANKET,2
B01GHMOE9W,BLANKET,1
B01GHY5FAM,DRINKING_CUP,1
B01GI8YKDU,DRINKING_CUP,1
B01GIOEWNW,BAKING_PAN,1
B01GIVGRBU,DRINKING_CUP,1
B01GJA3HVS,BLANKET,1
B01GJN5NGW,PUZZLES,1
B01GJN6168,PUZZLES,1
B01GJN61N6,PUZZLES,1
B01GJSL0IW,PUZZLES,2
B01GK0DPHI,DRINKING_CUP,1
B01GK2TSKO,DRINKING_CUP,1
B01GK6JRII,BLANKET,2
B01GKNCJ4K,BLANKET,1
B01GKZO0U4,BLANKET,1
B01GL8IZEC,PUZZLES,2
B01GL8J6ZO,PUZZLES,1
B01GL8JJEW,PUZZLES,1
B01GL9TMAW,DRINKING_CUP,3
B01GOE7C10,DRINKING_CUP,2
B01GP6IKCC,DRINKING_CUP,1
B01GPXDEPI,BLANKET,1
B01GU8PWHG,DRINKING_CUP,1
B01GUJHF2U,DRINKING_CUP,2
B01GUZ07WY,BLANKET,2
B01GUZ08MI,BLANKET,2
B01GW8S9AG,PUZZLES,3
B01H0S0428,PUZZLES,1
B01H1QBZT0,TOILET_PAPER,2
B01H1QC012,TOILET_PAPER,1
B01H1TYXAK,PUZZLES,3
B01H1XKCLK,DRINKING_CUP,1
B01H2O77U2,DRINKING_CUP,1
B01H3UA5PE,BLANKET,2
B01H42N3PU,BLANKET,1
B01H45DKSW,DRINKING_CUP,1
B01H45EDSS,DRINKING_CUP,1
B01H4VAKYS,BLANKET,2
B01H546FIE,DRINKING_CUP,1
B01H5QLBGI,BLANKET,1
B01H5QLG86,BLANKET,1
B01H5XRENU,DRINKING_CUP,1
B01H63EZBS,DRINKING_CUP,2
B01H7OGY4M,DRINKING_CUP,2
B01H7ONI4Q,DRINKING_CUP,4
B01H9YK5W2,TOILET_PAPER,1
B01HAN8R8G,DRINKING_CUP,4
B01HARYR36,DRINKING_CUP,1
B01HCX2DX4,SURFACE_CLEANING_WIPE,3
B01HDKCFAC,BAKING_PAN,2
B01HDTYJU2,BAKING_PAN,1
B01HEFC7M2,DRINKING_CUP,1
B01HEFCA92,DRINKING_CUP,1
B01HFJC7EU,PUZZLES,1
B01HGMWWQ4,TOILET_PAPER,2
B01HGUJ29Q,BLANKET,1
B01HHHB9PS,SURFACE_CLEANING_WIPE,1
B01HHQ40IC,DRINKING_CUP,2
B01HINTCD2,PUZZLES,1
B01HINTV88,PUZZLES,1
B01HIS8MT2,DRINKING_CUP,1
B01HKSFESM,DRINKING_CUP,1
B01HLAONEA,DRINKING_CUP,1
B01HLB3YZ8,DRINKING_CUP,1
B01HLW19GS,PUZZLES,1
B01HM69UVY,PUZZLES,1
B01HNJEY2K,BAKING_PAN,3
B01HNTKVFY,DRINKING_CUP,1
B01HNTLHYS,DRINKING_CUP,2
B01HOUE2WU,DRINKING_CUP,2
B01HQFQKMI,BLANKET,1
B01HQFQQEK,BLANKET,1
B01HQFR284,BLANKET,1
B01HS1CWZ4,PUZZLES,1
B01HT9DRK4,TOILET_PAPER,1
B01HTQQDMQ,BLANKET,1
B01HTQQF2Y,BLANKET,1
B01HTQQGHS,BLANKET,3
B01HTZ7WBS,DRINKING_CUP,1
B01HU1QY6U,PUZZLES,1
B01HVO8UIG,DRINKING_CUP,1
B01HVT5FO8,DRINKING_CUP,1
B01HYX3UXY,DRINKING_CUP,2
B01I1NWT1U,PUZZLES,1
B01I1WGMJ6,BLANKET,2
B01I2ZPRVQ,BAKING_PAN,1
B01I3EQASU,BAKING_PAN,2
B01I41QF8M,BLANKET,1
B01I42WXO6,PUZZLES,1
B01I56RV0C,DRINKING_CUP,3
B01I73HMVQ,BAKING_PAN,1
B01I8F5V8Y,DRINKING_CUP,1
B01I90QJSO,DRINKING_CUP,1
B01I95LK1U,PUZZLES,1
B01I95LQDM,PUZZLES,4
B01IA8C28G,DRINKING_CUP,1
B01IAIPH7Y,SURFACE_CLEANING_WIPE,2
B01IBU9A0Q,DRINKING_CUP,1
B01IBYL2L2,DRINKING_CUP,1
B01IBYXTB8,DRINKING_CUP,1
B01IEBKRP4,DRINKING_CUP,1
B01IFBX68I,BLANKET,1
B01IFC4LRM,BLANKET,1
B01IJ4RUKG,PUZZLES,1
B01IJWUYLK,BLANKET,2
B01IL6H9L2,BLANKET,1
B01IMSRXTW,DRINKING_CUP,3
B01IN38444,BLANKET,1
B01IN39OHK,BLANKET,1
B01IOOUZTO,DRINKING_CUP,1
B01IPLJ2JK,BLANKET,1
B01IPSBWNC,BLANKET,1
B01IPSBWNM,BLANKET,6
B01IPX9N0Q,PUZZLES,1
B01IQ365Y2,BLANKET,1
B01IRNW1QM,BLANKET,1
B01IRNW1Z8,BLANKET,1
B01IT179W8,DRINKING_CUP,3
B01ITJFFRQ,BLANKET,1
B01ITJH308,BLANKET,1
B01ITJHBAA,BLANKET,1
B01ITJHR2C,BLANKET,1
B01ITKTRXS,BLANKET,1
B01ITKTWTM,BLANKET,1
B01IUAHQZS,DRINKING_CUP,1
B01IVTD2B0,BLANKET,1
B01IVZWYEA,BLANKET,1
B01IW0NBVY,DRINKING_CUP,1
B01IW4QFR2,DRINKING_CUP,1
B01IWIZ7MW,DRINKING_CUP,1
B01IWLH4KM,BLANKET,1
B01IWM1J2A,BLANKET,1
B01J1UFKY0,DRINKING_CUP,2
B01J2DH7VK,BAKING_PAN,1
B01J2N78BE,BLANKET,3
B01J2N7F8U,BLANKET,3
B01J2N7IOQ,BLANKET,2
B01J2VLUPQ,DRINKING_CUP,1
B01J4QKAW8,DRINKING_CUP,2
B01J4XVF0M,BLANKET,2
B01J564YRY,PUZZLES,1
B01J6ZTZ3M,BLANKET,1
B01J7CIVNY,BLANKET,1
B01J7JVCI8,DRINKING_CUP,1
B01J7JVD1E,DRINKING_CUP,1
B01J90M3K6,DRINKING_CUP,1
B01J9D69WQ,DRINKING_CUP,1
B01JC04JI2,BLANKET,1
B01JC04M0C,BLANKET,1
B01JC04OUK,BLANKET,1
B01JD717JI,BLANKET,1
B01JEAKRUO,BLANKET,1
B01JEAKSBM,BLANKET,1
B01JEAKSN0,BLANKET,2
B01JF4TPEI,DRINKING_CUP,1
B01JF56UKY,DRINKING_CUP,1
B01JGFXBZA,BLANKET,1
B01JGM7UOG,PUZZLES,4
B01JH0WUYC,DRINKING_CUP,1
B01JJ7VY6I,DRINKING_CUP,1
B01JMD5UUU,BLANKET,2
B01JMD61AS,BLANKET,1
B01JN1D8RS,DRINKING_CUP,1
B01JN3VE8G,DRINKING_CUP,1
B01JN3VMWY,DRINKING_CUP,1
B01JN9VH32,DRINKING_CUP,1
B01JNTAZYE,DRINKING_CUP,1
B01JP7E1RQ,DRINKING_CUP,1
B01JPDW8DE,BLANKET,1
B01JPDW8DY,BLANKET,1
B01JPDW8M0,BLANKET,2
B01JPECPZE,BLANKET,9
B01JPECQBM,BLANKET,4
B01JPECQF8,BLANKET,8
B01JQ11BWE,DRINKING_CUP,1
B01JQ7ED4Q,DRINKING_CUP,3
B01JQ7F6YC,DRINKING_CUP,7
B01JQFK2IY,DRINKING_CUP,1
B01JQFPODW,DRINKING_CUP,1
B01JRJ3CXG,TOILET_PAPER,1
B01JRKXXYI,BLANKET,2
B01JSKXHCU,DRINKING_CUP,1
B01JTD52DI,BLANKET,1
B01JTDRF2O,BLANKET,1
B01JUHPFUS,BLANKET,1
B01JUKNDG8,DRINKING_CUP,1
B01JWI36O2,DRINKING_CUP,1
B01JY0SOZE,BLANKET,1
B01JYHAP7C,PUZZLES,1
B01JZMY266,DRINKING_CUP,1
B01JZMYLL2,DRINKING_CUP,1
B01JZW6R4G,DRINKING_CUP,1
B01JZYF2PE,DRINKING_CUP,1
B01K04X6KG,BLANKET,1
B01K0UPG76,DRINKING_CUP,2
B01K27PHNK,BAKING_PAN,1
B01K2IF4BY,DRINKING_CUP,2
B01K2QVH8A,DRINKING_CUP,1
B01K2RTON4,DRINKING_CUP,1
B01K3NDVUE,PUZZLES,3
B01K3VKD3E,BLANKET,3
B01K3VKD98,BLANKET,1
B01K3XJJ1O,BLANKET,1
B01K5R7PUA,DRINKING_CUP,1
B01K6XTWJ0,BAKING_PAN,1
B01K76FHZY,PUZZLES,1
B01K8JZRZ0,DRINKING_CUP,1
B01K8KPIS0,TOILET_PAPER,5
B01K8T37DE,DRINKING_CUP,1
B01KBNDBZG,BLANKET,1
B01KD6JLOQ,DRINKING_CUP,1
B01KGFW01U,TOILET_PAPER,1
B01KHHFCKS,BAKING_PAN,14
B01KHW1B7G,DRINKING_CUP,1
B01KJE5TTI,PUZZLES,1
B01KJEF5MY,PUZZLES,3
B01KKOWUAS,BLANKET,1
B01KKVQH1O,DRINKING_CUP,1
B01KN3KFOE,DRINKING_CUP,1
B01KNV3U6G,DRINKING_CUP,1
B01KO57DTQ,DRINKING_CUP,1
B01KQ44K3W,DRINKING_CUP,1
B01KQ5C9MK,PUZZLES,1
B01KQ8V9C8,DRINKING_CUP,1
B01KQN9HKO,BLANKET,1
B01KRP5I7C,DRINKING_CUP,1
B01KUZHK7U,BLANKET,1
B01KV1FG9M,BLANKET,1
B01KVSGRHU,DRINKING_CUP,1
B01KWJ6O8U,DRINKING_CUP,1
B01KYFE51K,DRINKING_CUP,1
B01KYGNV82,DRINKING_CUP,1
B01KYO86M0,BLANKET,1
B01L0FMAUG,DRINKING_CUP,1
B01L0NW5HQ,DRINKING_CUP,1
B01L1HJ1LE,BLANKET,1
B01L1HJ26I,BLANKET,1
B01L2PFOB6,DRINKING_CUP,1
B01L2PVFGE,BLANKET,1
B01L3SEVI4,BAKING_PAN,1
B01L67OGXM,DRINKING_CUP,1
B01L764H3Q,DRINKING_CUP,1
B01L85OT9S,PUZZLES,2
B01L9E3LJC,PUZZLES,1
B01L9I1JC4,DRINKING_CUP,1
B01LAG1TJI,BLANKET,1
B01LAG1TKM,BLANKET,1
B01LAG1TOS,BLANKET,2
B01LAG1WVI,BLANKET,1
B01LAG1XSA,BLANKET,1
B01LAG2R2G,BLANKET,1
B01LAG2SRA,BLANKET,1
B01LAG2SSY,BLANKET,1
B01LB1862A,DRINKING_CUP,1
B01LBGG8NO,DRINKING_CUP,1
B01LBGT2IC,BLANKET,1
B01LBGT476,BLANKET,1
B01LBGT5G6,BLANKET,4
B01LBGTFAM,BLANKET,1
B01LBGTHFK,BLANKET,1
B01LBNU4EQ,DRINKING_CUP,2
B01LCWQ8P0,BLANKET,2
B01LEOMPR6,BAKING_PAN,1
B01LEW4YZE,BLANKET,2
B01LEW5278,BLANKET,1
B01LEW5C96,BLANKET,3
B01LEW5E62,BLANKET,1
B01LEWIHSO,BLANKET,1
B01LG2QLSU,TOILET_PAPER,2
B01LLTBBWO,DRINKING_CUP,1
B01LN2LOR6,DRINKING_CUP,2
B01LNKACQC,PUZZLES,1
B01LNOBGRM,DRINKING_CUP,2
B01LO0KFJK,BAKING_PAN,1
B01LON78E2,BLANKET,2
B01LON78FQ,BLANKET,2
B01LOP6G7A,BAKING_PAN,2
B01LPTQWII,BLANKET,1
B01LQAZ09I,BLANKET,2
B01LQAZ0AM,BLANKET,3
B01LQAZ5MK,BLANKET,1
B01LQAZ5O8,BLANKET,2
B01LRIEBDK,BLANKET,2
B01LRW25YI,DRINKING_CUP,2
B01LVYR3WA,DRINKING_CUP,1
B01LW1J15W,BAKING_PAN,10
B01LW1RNNC,BLANKET,1
B01LW30I5S,DRINKING_CUP,8
B01LW48I6Z,BAKING_PAN,1
B01LW4B7GK,DRINKING_CUP,1
B01LW4HBMV,DRINKING_CUP,1
B01LW5G0SJ,DRINKING_CUP,1
B01LWB04DZ,BAKING_PAN,1
B01LWC4GF2,PUZZLES,1
B01LWCQF1U,BLANKET,1
B01LWHQM8K,DRINKING_CUP,2
B01LWL5IXF,BLANKET,2
B01LWNWDEM,DRINKING_CUP,1
B01LWP349M,DRINKING_CUP,5
B01LWP6C14,BAKING_PAN,1
B01LWQCOP4,DRINKING_CUP,1
B01LWRB2H9,BAKING_PAN,2
B01LWS63OF,DRINKING_CUP,3
B01LWVUJ3Z,BAKING_PAN,3
B01LWYASE6,BLANKET,1
B01LX0SSXA,DRINKING_CUP,1
B01LX3YKFB,DRINKING_CUP,2
B01LX47WJL,PUZZLES,1
B01LX6HOUV,PUZZLES,2
B01LX9L1RK,DRINKING_CUP,1
B01LXAB5E6,DRINKING_CUP,1
B01LXF9AP9,DRINKING_CUP,1
B01LXGFT1M,DRINKING_CUP,1
B01LXIWCLU,DRINKING_CUP,1
B01LXJKEMF,PUZZLES,1
B01LXWA0FI,BAKING_PAN,14
B01LXZ3J9T,DRINKING_CUP,1
B01LY0KIEV,PUZZLES,1
B01LY32PNZ,DRINKING_CUP,2
B01LY4XNKS,BLANKET,1
B01LY50QR6,BLANKET,1
B01LY753FB,DRINKING_CUP,1
B01LY87ZZ9,DRINKING_CUP,1
B01LY8W0T4,DRINKING_CUP,5
B01LY8Y2W6,DRINKING_CUP,1
B01LYBJROW,DRINKING_CUP,1
B01LYC0XAF,PUZZLES,1
B01LYEN12M,DRINKING_CUP,1
B01LYFE0CY,PUZZLES,3
B01LYFWMQR,DRINKING_CUP,3
B01LYHNPGQ,DRINKING_CUP,1
B01LYHRUL9,BLANKET,1
B01LYHWE4G,BLANKET,1
B01LYIDJJA,DRINKING_CUP,1
B01LYK8432,PUZZLES,3
B01LYK851L,PUZZLES,1
B01LYKYJ3A,BLANKET,1
B01LYNWRL9,BLANKET,2
B01LYNWRLA,BLANKET,4
B01LYUKJM3,BLANKET,1
B01LYWBDJJ,DRINKING_CUP,11
B01LYWK7EL,BLANKET,1
B01LYYGYH6,DRINKING_CUP,1
B01LYZLO96,DRINKING_CUP,5
B01LZ5P5VE,DRINKING_CUP,1
B01LZ8AYNJ,DRINKING_CUP,2
B01LZ9XKTV,BLANKET,1
B01LZA6OKQ,DRINKING_CUP,1
B01LZDDDSL,BLANKET,1
B01LZDG4IU,DRINKING_CUP,1
B01LZEMCQ4,BLANKET,2
B01LZGO77W,DRINKING_CUP,1
B01LZHOELS,DRINKING_CUP,1
B01LZMKEF2,DRINKING_CUP,1
B01LZN0KGB,BLANKET,1
B01LZR02G0,BLANKET,1
B01LZSKO1U,DRINKING_CUP,1
B01LZSQ4UY,DRINKING_CUP,1
B01LZTJYQ8,BLANKET,1
B01LZWNIKK,DRINKING_CUP,1
B01M01STZN,PUZZLES,1
B01M02ITH3,BLANKET,1
B01M0511LY,BLANKET,3
B01M09D5CU,BLANKET,1
B01M0AJMXV,DRINKING_CUP,1
B01M0EXSQP,DRINKING_CUP,1
B01M0GLPSB,BLANKET,2
B01M0NJ56M,DRINKING_CUP,1
B01M0P3D9J,PUZZLES,2
B01M0P3F2V,PUZZLES,1
B01M0U8QVO,PUZZLES,2
B01M0UZAN2,BLANKET,1
B01M0XX7SX,BLANKET,1
B01M0ZQT3E,DRINKING_CUP,1
B01M108FL1,BLANKET,1
B01M10VHH2,DRINKING_CUP,1
B01M11A5KD,DRINKING_CUP,16
B01M12FWZR,DRINKING_CUP,1
B01M14G9P0,BLANKET,2
B01M15Y98I,DRINKING_CUP,3
B01M16BY36,DRINKING_CUP,1
B01M18ARU8,BAKING_PAN,1
B01M1BTI8Z,DRINKING_CUP,1
B01M1ICE5S,PUZZLES,1
B01M1ICTPD,PUZZLES,1
B01M1M419X,BLANKET,1
B01M1MDHCS,DRINKING_CUP,1
B01M1NG8V4,PUZZLES,1
B01M1NLA7S,DRINKING_CUP,1
B01M1OL15M,BLANKET,1
B01M1S3GBM,PUZZLES,1
B01M20XV6K,PUZZLES,1
B01M2194W7,BAKING_PAN,4
B01M26BSOU,DRINKING_CUP,2
B01M26UF5S,BLANKET,2
B01M2AIX21,DRINKING_CUP,1
B01M2UYNDK,DRINKING_CUP,1
B01M2WUQWI,BLANKET,1
B01M324PQ6,BLANKET,1
B01M34PM6Y,PUZZLES,1
B01M3QCTJQ,DRINKING_CUP,2
B01M3WWWDM,BLANKET,1
B01M4IE5NP,DRINKING_CUP,3
B01M4LEIJ3,BLANKET,1
B01M4LFDC2,BLANKET,2
B01M4NQW3J,DRINKING_CUP,1
B01M593TSN,DRINKING_CUP,1
B01M5D29KG,BAKING_PAN,1
B01M5E205I,PUZZLES,3
B01M5GHWUD,DRINKING_CUP,1
B01M5LFNGV,BLANKET,1
B01M64JB8F,DRINKING_CUP,1
B01M65OSHP,DRINKING_CUP,1
B01M65SA5I,DRINKING_CUP,1
B01M67CKCK,DRINKING_CUP,2
B01M690O9J,DRINKING_CUP,3
B01M69T9SW,DRINKING_CUP,1
B01M69TPGO,DRINKING_CUP,1
B01M6WATVE,BAKING_PAN,1
B01M6Z41ZQ,BLANKET,1
B01M70NSBV,DRINKING_CUP,1
B01M71HN5H,BLANKET,1
B01M73QNIP,BAKING_PAN,12
B01M7ORQQA,DRINKING_CUP,8
B01M7PC702,BLANKET,1
B01M7RYAJM,BLANKET,1
B01M7S7L4A,BAKING_PAN,1
B01M7SLD0L,BLANKET,1
B01M7TTHRS,BLANKET,1
B01M7V19SQ,PUZZLES,1
B01M7XUDZ2,DRINKING_CUP,1
B01M7YOJ0X,BAKING_PAN,1
B01M8G1YQR,DRINKING_CUP,3
B01M8O0ISG,BLANKET,1
B01M8QG62K,BLANKET,1
B01M98Y6WR,DRINKING_CUP,1
B01M9A33NL,BAKING_PAN,5
B01M9AA495,DRINKING_CUP,1
B01M9APD8A,BLANKET,1
B01M9BNWK6,BLANKET,1
B01M9D59AW,DRINKING_CUP,1
B01M9E5SOD,BLANKET,1
B01M9I0F3F,TOILET_PAPER,6
B01M9I0TJK,BLANKET,1
B01M9IZB0N,DRINKING_CUP,5
B01M9K8ENP,BAKING_PAN,1
B01MA1WWQN,DRINKING_CUP,1
B01MA408NQ,PUZZLES,3
B01MA5Z7YG,DRINKING_CUP,1
B01MA64RE5,BLANKET,3
B01MA6VRNH,DRINKING_CUP,3
B01MAVVF6D,DRINKING_CUP,1
B01MAW1T9I,BLANKET,2
B01MCVWN8E,BLANKET,1
B01MCYT2QF,BLANKET,1
B01MCZC05C,PUZZLES,1
B01MD030VB,PUZZLES,3
B01MD0HVGT,BAKING_PAN,1
B01MDK8VV6,DRINKING_CUP,1
B01MDQBGM2,PUZZLES,2
B01MDR7DHR,DRINKING_CUP,1
B01MDTSIQ9,TOILET_PAPER,1
B01MFAQ0HD,DRINKING_CUP,2
B01MFD6OIV,BLANKET,1
B01MFD723N,BLANKET,1
B01MFDATJF,DRINKING_CUP,1
B01MFFTB7Z,BAKING_PAN,2
B01MFXE76G,DRINKING_CUP,12
B01MG3ZEOM,DRINKING_CUP,4
B01MG4ZFDR,DRINKING_CUP,1
B01MG7E08Y,BAKING_PAN,1
B01MG7OD8H,BLANKET,1
B01MPY4TDS,DRINKING_CUP,1
B01MPY8GFR,PUZZLES,1
B01MQ2D4BD,BLANKET,2
B01MQDEET2,DRINKING_CUP,1
B01MQE1NIT,BAKING_PAN,1
B01MQE2G0L,BLANKET,1
B01MQFKNJX,DRINKING_CUP,1
B01MQGCGMX,PUZZLES,1
B01MQJYK6Z,DRINKING_CUP,1
B01MQKLC50,DRINKING_CUP,1
B01MQKV80A,DRINKING_CUP,1
B01MQTBK07,DRINKING_CUP,1
B01MQU4A0X,BLANKET,6
B01MQXPR4O,DRINKING_CUP,1
B01MQZWNOW,DRINKING_CUP,1
B01MR708KG,PUZZLES,1
B01MRAD4GN,DRINKING_CUP,1
B01MRAXAIG,DRINKING_CUP,1
B01MREX0MH,BLANKET,1
B01MRFIZB2,BLANKET,2
B01MRH8SV2,DRINKING_CUP,1
B01MRHPS6O,BAKING_PAN,1
B01MRURDDK,BLANKET,1
B01MRVHKP1,BLANKET,1
B01MRYGRH5,DRINKING_CUP,1
B01MRZIATN,DRINKING_CUP,1
B01MS0NGK3,DRINKING_CUP,1
B01MS49F2F,DRINKING_CUP,1
B01MS8FGOH,BLANKET,1
B01MSA2CO0,DRINKING_CUP,1
B01MSBBG99,DRINKING_CUP,1
B01MSCBLOG,DRINKING_CUP,1
B01MSD3PLZ,BLANKET,1
B01MSIO632,DRINKING_CUP,1
B01MSM1A9S,BAKING_PAN,8
B01MSNKVZV,DRINKING_CUP,1
B01MSSCWBX,BLANKET,1
B01MSTS8B2,BLANKET,1
B01MSW0Y9C,BLANKET,1
B01MSYXJF9,DRINKING_CUP,1
B01MSZSPAW,DRINKING_CUP,1
B01MT3WJE7,DRINKING_CUP,1
B01MT61DFZ,DRINKING_CUP,1
B01MT7YX9E,BLANKET,1
B01MT7ZE09,BLANKET,1
B01MT8A316,BLANKET,1
B01MT9RIFZ,DRINKING_CUP,2
B01MT9UBNM,PUZZLES,1
B01MTEV4WF,BLANKET,1
B01MTJWQGE,DRINKING_CUP,1
B01MTON998,DRINKING_CUP,1
B01MTSXO8C,DRINKING_CUP,1
B01MTULL70,DRINKING_CUP,1
B01MTVGT4K,BLANKET,1
B01MTYTNA5,DRINKING_CUP,3
B01MU1KNK9,BAKING_PAN,2
B01MU3EXIN,BLANKET,1
B01MU4SPKJ,PUZZLES,1
B01MU7EWNN,DRINKING_CUP,1
B01MU7YK6R,SURFACE_CLEANING_WIPE,1
B01MU983QY,BLANKET,2
B01MU9K1IM,BLANKET,1
B01MU9XNXC,DRINKING_CUP,1
B01MUA6XYG,DRINKING_CUP,1
B01MUC4BMM,BLANKET,2
B01MUGM60E,BAKING_PAN,1
B01MUQFIAO,PUZZLES,2
B01MUR9V4P,BLANKET,1
B01MUWHP80,DRINKING_CUP,1
B01MUXK03L,DRINKING_CUP,1
B01MV0P6OG,PUZZLES,1
B01MV2RVH6,DRINKING_CUP,1
B01MV40DM4,BLANKET,1
B01MXDNQ1F,DRINKING_CUP,1
B01MXECYU5,DRINKING_CUP,1
B01MXLTLN8,PUZZLES,1
B01MXM4EDP,BLANKET,2
B01MXME95K,DRINKING_CUP,1
B01MXXGSBY,PUZZLES,1
B01MY07EMR,DRINKING_CUP,1
B01MY11AM0,DRINKING_CUP,1
B01MY311FC,PUZZLES,1
B01MY7IUC5,DRINKING_CUP,1
B01MY802WU,DRINKING_CUP,1
B01MY9O8JG,BLANKET,2
B01MYBISJN,DRINKING_CUP,1
B01MYBKG03,BLANKET,2
B01MYBP8WE,BLANKET,3
B01MYG85AS,TOILET_PAPER,1
B01MYGUVP5,PUZZLES,2
B01MYM7GPD,PUZZLES,5
B01MYNCNGK,DRINKING_CUP,1
B01MYOAANU,DRINKING_CUP,1
B01MYPZZ19,PUZZLES,1
B01MYUD61U,BLANKET,1
B01MYUF34P,DRINKING_CUP,1
B01MYW6TS9,PUZZLES,1
B01MYWKV8B,DRINKING_CUP,1
B01MZ2G076,BLANKET,1
B01MZ3275P,DRINKING_CUP,4
B01MZ8BMXW,BLANKET,1
B01MZ8ZKUU,DRINKING_CUP,5
B01MZBYZM9,DRINKING_CUP,1
B01MZC0FSD,DRINKING_CUP,1
B01MZE341P,PUZZLES,3
B01MZFXBCW,DRINKING_CUP,1
B01MZGD933,DRINKING_CUP,1
B01MZGRPM6,DRINKING_CUP,1
B01N00TV1C,DRINKING_CUP,1
B01N03DSGT,DRINKING_CUP,4
B01N04L6MN,DRINKING_CUP,1
B01N06Z3J4,BLANKET,1
B01N07HRYP,DRINKING_CUP,15
B01N0E9HJ9,BLANKET,1
B01N0IGMKH,BLANKET,1
B01N0LK9OH,BAKING_PAN,1
B01N0NYTQC,DRINKING_CUP,1
B01N0O47N7,DRINKING_CUP,2
B01N0OPMBR,PUZZLES,1
B01N0T8B24,DRINKING_CUP,1
B01N0U4G45,DRINKING_CUP,1
B01N0V3QYL,DRINKING_CUP,3
B01N0ZMOZW,DRINKING_CUP,1
B01N0ZS3VO,BLANKET,1
B01N11NBJ1,BLANKET,1
B01N12CL1O,BLANKET,3
B01N16S2MF,BLANKET,1
B01N1F828W,DRINKING_CUP,1
B01N1F9OUJ,PUZZLES,2
B01N1FDX0Q,DRINKING_CUP,2
B01N1G786D,PUZZLES,1
B01N1JXQKJ,BLANKET,2
B01N1MEZH9,PUZZLES,1
B01N1NQD24,DRINKING_CUP,1
B01N1PZQJX,BLANKET,1
B01N1QXK1V,DRINKING_CUP,1
B01N1UDJWO,BLANKET,1
B01N1WYQYT,DRINKING_CUP,2
B01N1YD9Q0,DRINKING_CUP,1
B01N1ZHCEB,TOILET_PAPER,1
B01N21MI0Z,BLANKET,1
B01N21RJSA,DRINKING_CUP,1
B01N22EWTP,PUZZLES,1
B01N2BJH20,BLANKET,1
B01N2H1BS8,PUZZLES,2
B01N2HT77T,DRINKING_CUP,2
B01N2NSHRH,PUZZLES,1
B01N2ONBGI,BLANKET,1
B01N2VUBKG,BAKING_PAN,1
B01N2Y57WL,DRINKING_CUP,1
B01N31LOBJ,BAKING_PAN,1
B01N32Z7ZA,BLANKET,1
B01N3378O3,DRINKING_CUP,1
B01N349SON,BAKING_PAN,9
B01N37CW17,BLANKET,3
B01N385XQF,PUZZLES,1
B01N39XF8Z,BLANKET,1
B01N3KNSKT,DRINKING_CUP,1
B01N3Q8FBV,TOILET_PAPER,2
B01N3QX0KG,BLANKET,1
B01N3R8SRV,PUZZLES,1
B01N3U427W,DRINKING_CUP,1
B01N3UC6SQ,BLANKET,1
B01N3XZDRQ,DRINKING_CUP,1
B01N42BZM1,BAKING_PAN,1
B01N476RCI,BLANKET,1
B01N4EB19X,DRINKING_CUP,1
B01N4G1HN3,BLANKET,1
B01N4H4NZY,PUZZLES,1
B01N4HH3TQ,BLANKET,1
B01N4I0337,DRINKING_CUP,1
B01N4K27L8,BLANKET,1
B01N4ORJ15,BLANKET,1
B01N4PRNB9,PUZZLES,1
B01N4RBGLK,BLANKET,2
B01N4RFE6N,DRINKING_CUP,1
B01N4RHDVY,BLANKET,1
B01N4RMMGB,PUZZLES,1
B01N52M4BS,PUZZLES,1
B01N53I204,DRINKING_CUP,1
B01N53OWO5,DRINKING_CUP,2
B01N57MSI1,DRINKING_CUP,1
B01N5AX7ZQ,BLANKET,2
B01N5DE4ZO,BLANKET,1
B01N5FQD0U,DRINKING_CUP,2
B01N5K4ZDW,PUZZLES,2
B01N5K71NJ,TOILET_PAPER,28
B01N5MYH1E,PUZZLES,1
B01N5NMDG3,DRINKING_CUP,2
B01N5NUNWY,DRINKING_CUP,1
B01N5ONRNN,BLANKET,1
B01N5PF8EQ,PUZZLES,1
B01N5PUM9E,DRINKING_CUP,1
B01N5PXS64,PUZZLES,1
B01N5QJ5DO,BAKING_PAN,1
B01N5QNTVL,BLANKET,1
B01N5REJ22,PUZZLES,1
B01N5SKKSB,PUZZLES,1
B01N5SP8HJ,DRINKING_CUP,2
B01N5UTZRB,DRINKING_CUP,1
B01N5V4EY3,BLANKET,1
B01N5VO0AR,DRINKING_CUP,1
B01N5WBJNX,DRINKING_CUP,11
B01N5WIENF,DRINKING_CUP,4
B01N67C6Y1,DRINKING_CUP,1
B01N6A8XIP,BLANKET,1
B01N6E24GR,BLANKET,1
B01N6F2725,BLANKET,1
B01N6KVR1U,PUZZLES,1
B01N6MXK13,DRINKING_CUP,11
B01N6NOMAH,DRINKING_CUP,1
B01N6PWH1Y,DRINKING_CUP,1
B01N6QCOPU,DRINKING_CUP,1
B01N6RB3H7,DRINKING_CUP,2
B01N6SDLI6,BLANKET,1
B01N6UEE09,BLANKET,1
B01N6WFH9V,BLANKET,1
B01N6WGXZ3,PUZZLES,1
B01N6WH2F1,PUZZLES,1
B01N7BN23M,BLANKET,1
B01N7GA5LZ,TOILET_PAPER,4
B01N7H7J47,BLANKET,4
B01N7IWYYD,PUZZLES,1
B01N7LH5RW,DRINKING_CUP,1
B01N7R1PRN,DRINKING_CUP,2
B01N7RDWI0,BLANKET,1
B01N7VG6TS,DRINKING_CUP,2
B01N7WCATP,DRINKING_CUP,1
B01N7WG4TJ,PUZZLES,2
B01N7XH4QA,DRINKING_CUP,4
B01N7ZLD7A,DRINKING_CUP,1
B01N810Y42,PUZZLES,1
B01N81CYUQ,BLANKET,1
B01N8UC8HM,DRINKING_CUP,1
B01N8VUCQ6,PUZZLES,1
B01N96RJZW,DRINKING_CUP,3
B01N9B0MII,BLANKET,2
B01N9HZKHM,DRINKING_CUP,1
B01N9J3XFH,DRINKING_CUP,1
B01N9JPE9Z,PUZZLES,1
B01N9JXEHF,PUZZLES,2
B01N9JXHCV,PUZZLES,2
B01N9NXH78,BLANKET,1
B01N9OOZ5O,DRINKING_CUP,2
B01N9PFRCF,DRINKING_CUP,1
B01N9S2RE8,DRINKING_CUP,1
B01N9VOJBY,DRINKING_CUP,1
B01N9VYPWW,DRINKING_CUP,1
B01NABL552,BLANKET,1
B01NACMREP,BLANKET,1
B01NAEW01E,DRINKING_CUP,1
B01NAIH5UC,BLANKET,2
B01NAK88IL,DRINKING_CUP,4
B01NALNYKV,BLANKET,1
B01NANZ7EG,PUZZLES,1
B01NAPJOL8,BAKING_PAN,1
B01NAPZIS0,PUZZLES,3
B01NAS3SWY,PUZZLES,1
B01NAUIMJ2,PUZZLES,1
B01NAX01YU,BLANKET,1
B01NBGDWHA,DRINKING_CUP,1
B01NBIO9J8,TOILET_PAPER,1
B01NBJEPIA,BLANKET,1
B01NBMPHYV,DRINKING_CUP,2
B01NBO0GHH,BLANKET,1
B01NBQVXJS,DRINKING_CUP,1
B01NBRL99V,BLANKET,1
B01NBWGZI2,BLANKET,1
B01NBX409H,DRINKING_CUP,1
B01NBX7GOB,BAKING_PAN,1
B01NBXMZF4,PUZZLES,1
B01NBXYNVB,BAKING_PAN,1
B01NBYY28W,TOILET_PAPER,40
B01NC2UUBL,DRINKING_CUP,2
B01NC3DB98,DRINKING_CUP,1
B01NCE69UD,BLANKET,2
B01NCEEB7V,BLANKET,1
B01NCFZJ5K,DRINKING_CUP,1
B01NCL7A9S,DRINKING_CUP,1
B01NCOUY05,SURFACE_CLEANING_WIPE,55
B01NCPIJPO,DRINKING_CUP,1
B01NCQMJUU,DRINKING_CUP,1
B01NCS6B91,DRINKING_CUP,1
B01NCSIBQN,PUZZLES,1
B01NCTTSS6,DRINKING_CUP,1
B01NCUKSY6,BLANKET,3
B01NCUQ3VO,DRINKING_CUP,1
B01NCWW4SP,PUZZLES,1
B01NCXL5Y4,BLANKET,1
B01NCYWFT9,DRINKING_CUP,1
B01NCZBOV4,BLANKET,2
B01NH07SIQ,PUZZLES,2
B01NH9JN4O,BLANKET,2
B06VSPJ7GZ,BLANKET,1
B06VSSFP6N,BAKING_PAN,1
B06VTCPSCN,DRINKING_CUP,1
B06VTJJ5DL,BAKING_PAN,1
B06VV3D5QP,BLANKET,1
B06VW46QYH,BAKING_PAN,1
B06VXJ4JW2,DRINKING_CUP,1
B06VXQCKCG,PUZZLES,2
B06VY76Z3J,TOILET_PAPER,4
B06W2GZL1F,DRINKING_CUP,1
B06W2M55VS,BLANKET,1
B06W534Y33,BLANKET,2
B06W5FV4K7,DRINKING_CUP,1
B06W5H39MS,DRINKING_CUP,1
B06W5TSK5S,BLANKET,1
B06W9G9RWV,PUZZLES,1
B06W9KPXV7,DRINKING_CUP,2
B06W9L5JTP,SURFACE_CLEANING_WIPE,1
B06WD3H7XW,DRINKING_CUP,2
B06WD8QPW7,PUZZLES,1
B06WGM6YRF,BLANKET,1
B06WGMJG8S,BLANKET,1
B06WGMJJF1,BLANKET,2
B06WGZHT68,BLANKET,1
B06WLKSR8P,DRINKING_CUP,1
B06WP3399G,BLANKET,2
B06WP33YCB,BLANKET,3
B06WP9H8L2,DRINKING_CUP,1
B06WRR6V16,DRINKING_CUP,1
B06WRR6ZSJ,DRINKING_CUP,4
B06WRSQ32H,BLANKET,1
B06WRVFRJV,DRINKING_CUP,5
B06WV8CM36,BLANKET,1
B06WV8D6ZS,SURFACE_CLEANING_WIPE,21
B06WV94SJJ,SURFACE_CLEANING_WIPE,2
B06WV9R6SJ,PUZZLES,1
B06WVCQNCX,DRINKING_CUP,1
B06WVLM9WZ,BLANKET,2
B06WVM3W8R,BLANKET,1
B06WW48GH4,DRINKING_CUP,1
B06WW5YJJN,BLANKET,1
B06WWBTXPF,BAKING_PAN,3
B06WWK9Z2N,DRINKING_CUP,1
B06WXXC26S,PUZZLES,1
B06X16SF73,PUZZLES,1
B06X3QHC5C,PUZZLES,1
B06X3XRGGX,DRINKING_CUP,1
B06X42DWCW,BAKING_PAN,1
B06X6FLZZ5,PUZZLES,1
B06X9NK6J8,BLANKET,1
B06X9PJPNR,BAKING_PAN,1
B06X9PMY2T,SURFACE_CLEANING_WIPE,1
B06X9V4GJG,BLANKET,1
B06X9WX2BJ,PUZZLES,1
B06X9ZH9JL,BLANKET,1
B06XBCQPKJ,PUZZLES,2
B06XBFLBBC,DRINKING_CUP,1
B06XBHR14W,BLANKET,1
B06XBK3BRW,PUZZLES,1
B06XC3KJBW,DRINKING_CUP,2
B06XC5VNDW,BLANKET,4
B06XC8S9DZ,DRINKING_CUP,1
B06XCB5B73,PUZZLES,1
B06XCB5RQX,PUZZLES,1
B06XCBBCZW,DRINKING_CUP,2
B06XCP2C3S,PUZZLES,1
B06XCPXGSQ,BLANKET,1
B06XCQJV8Q,DRINKING_CUP,1
B06XCSZB6L,DRINKING_CUP,1
B06XCW38K3,DRINKING_CUP,1
B06XD11RJD,DRINKING_CUP,1
B06XD1H96S,BLANKET,1
B06XD2FS2N,PUZZLES,2
B06XD33WD1,PUZZLES,1
B06XD3D2HK,BLANKET,1
B06XD4728N,BLANKET,2
B06XD7NMRC,DRINKING_CUP,1
B06XD9HWY6,DRINKING_CUP,2
B06XDDBSGD,PUZZLES,1
B06XDH9C2R,BAKING_PAN,1
B06XDMFL71,PUZZLES,1
B06XFFWDGT,DRINKING_CUP,1
B06XG9C7GQ,PUZZLES,1
B06XGJXLJM,PUZZLES,2
B06XGN53TS,DRINKING_CUP,1
B06XGP72SZ,DRINKING_CUP,1
B06XGP85LR,DRINKING_CUP,1
B06XGR2X1Y,PUZZLES,1
B06XGSFVHM,PUZZLES,1
B06XGTLZP8,PUZZLES,2
B06XGVFCM1,PUZZLES,1
B06XH1CJWL,PUZZLES,1
B06XH495HP,DRINKING_CUP,3
B06XH4CSP7,PUZZLES,2
B06XH5JD7K,DRINKING_CUP,3
B06XH63PNC,DRINKING_CUP,1
B06XH69FS2,PUZZLES,2
B06XHNJF3X,DRINKING_CUP,1
B06XHS3ZVG,DRINKING_CUP,1
B06XHWP3BH,BLANKET,2
B06XHXSXRT,BLANKET,1
B06XHYPV8R,DRINKING_CUP,1
B06XHZM29F,BLANKET,2
B06XJ7XQZM,DRINKING_CUP,2
B06XJH66MV,BLANKET,1
B06XJX4RJ1,DRINKING_CUP,1
B06XK6HHCR,PUZZLES,1
B06XK6MTQK,BLANKET,2
B06XKB3SWS,BLANKET,2
B06XKBP94N,BLANKET,1
B06XKCCJTX,PUZZLES,1
B06XKCRQSK,PUZZLES,1
B06XKD66S6,DRINKING_CUP,3
B06XKDCTS7,PUZZLES,1
B06XKFTMGK,PUZZLES,2
B06XKGYG3J,PUZZLES,1
B06XKH6NYT,BLANKET,1
B06XKL32QN,BLANKET,2
B06XKMPSW4,SURFACE_CLEANING_WIPE,2
B06XKNJLTP,DRINKING_CUP,1
B06XKTFTZX,TOILET_PAPER,3
B06XKVHBTJ,DRINKING_CUP,1
B06XKW9537,DRINKING_CUP,1
B06XKYNZH2,PUZZLES,1
B06XNL6VN3,DRINKING_CUP,1
B06XNRGRW2,PUZZLES,1
B06XNSCBTX,BLANKET,1
B06XNXTBMS,PUZZLES,2
B06XPBLFXF,PUZZLES,2
B06XPJPDHT,BLANKET,1
B06XPPNQYC,BLANKET,1
B06XPRN7JS,BAKING_PAN,1
B06XQMRRX5,PUZZLES,2
B06XQZQQQ4,BLANKET,1
B06XRJSCXW,PUZZLES,1
B06XRKLWJV,DRINKING_CUP,4
B06XRTWLJ7,BLANKET,1
B06XRW9NXS,PUZZLES,1
B06XRZ5K2P,DRINKING_CUP,1
B06XS1DDP6,DRINKING_CUP,1
B06XSBGFZ9,DRINKING_CUP,1
B06XSCT42Y,DRINKING_CUP,1
B06XSDLD1B,DRINKING_CUP,1
B06XSF47K5,DRINKING_CUP,2
B06XSHH1RN,BAKING_PAN,2
B06XSN1T89,BAKING_PAN,1
B06XSPCQ5M,PUZZLES,2
B06XSQVRHG,BAKING_PAN,1
B06XSY38KW,DRINKING_CUP,1
B06XT39LFV,BLANKET,1
B06XT59LF6,BAKING_PAN,2
B06XT5NBLW,PUZZLES,1
B06XT65WBH,PUZZLES,1
B06XTC2G68,BLANKET,1
B06XTFMB8R,DRINKING_CUP,1
B06XTMMZQP,PUZZLES,4
B06XTTPLYT,DRINKING_CUP,1
B06XTV6BQL,DRINKING_CUP,1
B06XTW45DN,DRINKING_CUP,1
B06XTYFZH6,BAKING_PAN,1
B06XVBXQ3Q,DRINKING_CUP,2
B06XVPQ8DN,DRINKING_CUP,1
B06XVR167M,DRINKING_CUP,1
B06XVWDZZS,DRINKING_CUP,1
B06XVZQL4D,BLANKET,2
B06XW347FP,DRINKING_CUP,2
B06XW5Q7T7,BLANKET,1
B06XW75KZW,PUZZLES,4
B06XW9T2QY,DRINKING_CUP,1
B06XWB5HFN,DRINKING_CUP,1
B06XWDDNSF,DRINKING_CUP,1
B06XWDYSL3,PUZZLES,1
B06XWF7QWF,BAKING_PAN,1
B06XWGYBRP,BLANKET,1
B06XWJ2K7B,BAKING_PAN,1
B06XWJXPVZ,DRINKING_CUP,6
B06XX1LR9W,BAKING_PAN,1
B06XX1Q9LF,BLANKET,1
B06XX56DQZ,BLANKET,1
B06XX68RZC,DRINKING_CUP,1
B06XX6P1X9,BAKING_PAN,1
B06XX96BGB,SURFACE_CLEANING_WIPE,1
B06XXB6VBH,DRINKING_CUP,1
B06XXBW52P,BAKING_PAN,1
B06XXJLZH3,BLANKET,1
B06XXPPZ2Z,DRINKING_CUP,1
B06XXW13BV,PUZZLES,1
B06XXXQVNZ,BAKING_PAN,3
B06XY8X5NC,BLANKET,1
B06XYFV3XV,DRINKING_CUP,1
B06XYT8QWP,PUZZLES,1
B06XYTY1PG,BLANKET,2
B06XYX1Y8J,BLANKET,1
B06XZV227G,DRINKING_CUP,1
B06Y167K8K,DRINKING_CUP,2
B06Y17858J,DRINKING_CUP,1
B06Y1BJXK7,DRINKING_CUP,2
B06Y1FBJQB,DRINKING_CUP,1
B06Y1G1B5G,BLANKET,1
B06Y1K1J38,DRINKING_CUP,1
B06Y1LGX4Y,DRINKING_CUP,3
B06Y1VGMH2,DRINKING_CUP,1
B06Y272XRG,DRINKING_CUP,1
B06Y278V58,BLANKET,1
B06Y2N93WZ,BLANKET,2
B06Y2P33VL,PUZZLES,1
B06Y3WWL2J,BLANKET,1
B06Y3Z6PTF,TOILET_PAPER,8
B06Y4GF966,PUZZLES,1
B06Y4GVMRW,DRINKING_CUP,1
B06Y4HXRVH,PUZZLES,1
B06Y4P3G9V,PUZZLES,1
B06Y4WQ9K5,DRINKING_CUP,1
B06Y5B4YY3,DRINKING_CUP,11
B06Y5HQL1J,DRINKING_CUP,1
B06Y5VSSR9,DRINKING_CUP,1
B06Y5Y74PG,DRINKING_CUP,1
B06Y61JXH2,BLANKET,2
B06Y6DBNWR,PUZZLES,1
B06ZXT6BLH,BLANKET,2
B06ZY7LFJ1,PUZZLES,1
B06ZY7QJGM,PUZZLES,3
B06ZY7QKKK,TOILET_PAPER,8
B06ZYB3V7T,DRINKING_CUP,2
B06ZYBJ8P1,DRINKING_CUP,2
B06ZYD1H9L,BLANKET,1
B06ZYK56MW,BLANKET,1
B06ZYKZZQ2,BLANKET,1
B06ZYLFZYX,PUZZLES,1
B06ZYVPHNG,DRINKING_CUP,1
B06ZYVPHTK,DRINKING_CUP,1
B06ZYWT3GX,SURFACE_CLEANING_WIPE,3
B06ZZBVHJ3,BLANKET,2
B06ZZC53XJ,DRINKING_CUP,1
B06ZZC9KPC,BLANKET,1
B06ZZC9XML,DRINKING_CUP,1
B06ZZQ6RHV,BLANKET,1
B06ZZQZB31,SURFACE_CLEANING_WIPE,1
B06ZZWHDPQ,BLANKET,1
B06ZZYF71R,DRINKING_CUP,1
B07115V3F7,DRINKING_CUP,4
B0711HLCH5,DRINKING_CUP,1
B0711J11Q4,BLANKET,1
B0711MFQWZ,DRINKING_CUP,1
B0711MHKDZ,PUZZLES,1
B0711QMH7Q,BAKING_PAN,1
B0711QRBQH,DRINKING_CUP,4
B07124XCHZ,DRINKING_CUP,1
B0713N44KX,DRINKING_CUP,1
B0713Q5W5Y,BAKING_PAN,1
B07143BY18,BAKING_PAN,1
B0714CC5VP,BAKING_PAN,1
B0714D7DFK,DRINKING_CUP,1
B0716J868M,BAKING_PAN,1
B0716P57JB,DRINKING_CUP,1
B0717143P2,BLANKET,1
B07172CHH8,BLANKET,1
B071751Y7J,PUZZLES,1
B07177NKS5,DRINKING_CUP,1
B07179J2JZ,BAKING_PAN,2
B0718VZYMN,BAKING_PAN,2
B07198H6M1,DRINKING_CUP,1
B0719BJTNW,DRINKING_CUP,2
B0719JFBKP,DRINKING_CUP,1
B0719NFC5L,DRINKING_CUP,1
B0719V5VF7,BAKING_PAN,1
B0719WQTGH,BAKING_PAN,1
B071CDVF2V,PUZZLES,2
B071CV9JCV,DRINKING_CUP,1
B071CVQQV6,DRINKING_CUP,1
B071D8FQCV,PUZZLES,2
B071D8JL4M,SURFACE_CLEANING_WIPE,1
B071DC6JNJ,PUZZLES,1
B071DR7NT8,DRINKING_CUP,2
B071DT2S7K,DRINKING_CUP,1
B071DX59HC,PUZZLES,1
B071F1B3CL,DRINKING_CUP,3
B071F2V3KT,BLANKET,4
B071F56ZWW,DRINKING_CUP,1
B071F7S7HY,DRINKING_CUP,4
B071FBFMV2,DRINKING_CUP,1
B071FFBZWK,BLANKET,1
B071FFV7RZ,DRINKING_CUP,1
B071FQ8W7Q,DRINKING_CUP,1
B071G3LL38,DRINKING_CUP,3
B071G6JW5Q,DRINKING_CUP,1
B071G84PMY,TOILET_PAPER,2
B071G96L8T,DRINKING_CUP,1
B071G9MY2G,DRINKING_CUP,1
B071GHKBGZ,DRINKING_CUP,1
B071GKH58D,BLANKET,1
B071GMWP3F,DRINKING_CUP,1
B071GQC3Z6,BLANKET,1
B071GSBYS3,DRINKING_CUP,1
B071GY918C,BLANKET,1
B071H84S86,DRINKING_CUP,3
B071H9WYD6,PUZZLES,1
B071H9Z5YM,DRINKING_CUP,2
B071H9ZGSZ,DRINKING_CUP,1
B071HCWCFC,DRINKING_CUP,1
B071HHKW6D,PUZZLES,1
B071HLGYN9,DRINKING_CUP,6
B071HPGVP7,DRINKING_CUP,1
B071HTD258,BLANKET,1
B071HTYT65,BAKING_PAN,1
B071HWVX78,DRINKING_CUP,1
B071HYH819,DRINKING_CUP,1
B071J9BBDN,BLANKET,2
B071J9BDXR,BLANKET,1
B071J9BFRN,BLANKET,1
B071JGWTWQ,PUZZLES,4
B071JMCN8Y,BLANKET,2
B071JMZPTK,BLANKET,1
B071JSM95Y,DRINKING_CUP,1
B071JSXMHT,DRINKING_CUP,1
B071JZWVDJ,DRINKING_CUP,1
B071K5LNBY,DRINKING_CUP,1
B071KSSQKV,BLANKET,1
B071KW95M6,BLANKET,1
B071KWMGN9,DRINKING_CUP,1
B071L1KH6N,BLANKET,1
B071L8KD6H,DRINKING_CUP,4
B071LF5VB7,DRINKING_CUP,1
B071LL4NRS,DRINKING_CUP,1
B071LLSWXK,DRINKING_CUP,1
B071LLTZKX,BLANKET,1
B071LTHZK9,DRINKING_CUP,1
B071NFPXG5,DRINKING_CUP,1
B071NL2BM4,BAKING_PAN,1
B071NL8MMZ,DRINKING_CUP,1
B071NTHYZ7,DRINKING_CUP,3
B071NVD49H,DRINKING_CUP,5
B071P1W8Q4,DRINKING_CUP,1
B071P4SYKT,BLANKET,1
B071P9WKKS,DRINKING_CUP,1
B071PF134M,DRINKING_CUP,1
B071R2K4L8,BAKING_PAN,1
B071R8R796,PUZZLES,1
B071R8WDTQ,PUZZLES,1
B071RFCRL6,BAKING_PAN,3
B071RS2SR7,DRINKING_CUP,11
B071RS4DWT,DRINKING_CUP,1
B071RYMWJK,DRINKING_CUP,1
B071SGWFCT,PUZZLES,1
B071SKTN6Z,DRINKING_CUP,2
B071SLM9CB,BAKING_PAN,1
B071V8141D,BLANKET,1
B071VBV18X,BLANKET,1
B071VCJT2K,DRINKING_CUP,2
B071VKKSK2,DRINKING_CUP,1
B071VPM9G6,DRINKING_CUP,1
B071W7HRV8,BLANKET,1
B071W9F2H9,BLANKET,2
B071WH3LDD,DRINKING_CUP,1
B071WMNYHZ,DRINKING_CUP,3
B071X1L6B3,DRINKING_CUP,1
B071X2JP4C,DRINKING_CUP,1
B071X3P3V8,BLANKET,1
B071X597W6,DRINKING_CUP,1
B071X6QJN9,DRINKING_CUP,2
B071X6YSJZ,PUZZLES,2
B071X916QR,BLANKET,3
B071XM6B36,DRINKING_CUP,1
B071XMR2VL,BLANKET,1
B071XN21R5,PUZZLES,1
B071XRDL1J,DRINKING_CUP,1
B071Y4QDYC,BLANKET,1
B071YQQH75,BLANKET,1
B071YR9WSN,DRINKING_CUP,1
B071Z2FMWT,DRINKING_CUP,5
B071Z6XMZW,DRINKING_CUP,1
B071Z9NXRQ,DRINKING_CUP,1
B071Z9XDP6,DRINKING_CUP,1
B071ZG4GK4,PUZZLES,3
B071ZM43BP,BAKING_PAN,1
B071ZNJV1C,BLANKET,1
B071ZPBWF2,DRINKING_CUP,2
B071ZPCFBX,DRINKING_CUP,1
B071ZRD67Z,DRINKING_CUP,1
B071ZSLB9S,DRINKING_CUP,1
B071ZZBTLN,DRINKING_CUP,1
B072167NWW,BLANKET,1
B0721778CT,PUZZLES,1
B0721B36WN,DRINKING_CUP,1
B0721L2Z8K,DRINKING_CUP,1
B0721NRYP3,PUZZLES,1
B0721XBVKM,PUZZLES,1
B07228RWKH,BLANKET,1
B0722D1RD7,DRINKING_CUP,1
B0722WVWY4,DRINKING_CUP,1
B07232265N,PUZZLES,1
B07237WNWM,PUZZLES,2
B0723D25TP,BLANKET,1
B0724Z2JLJ,DRINKING_CUP,1
B07252Q46C,PUZZLES,2
B072532714,BLANKET,1
B07254SRML,BLANKET,1
B07259V18M,DRINKING_CUP,1
B0725CV9XB,BLANKET,2
B0725NZR9C,DRINKING_CUP,1
B0725PZZJQ,DRINKING_CUP,1
B0725RTQR6,DRINKING_CUP,1
B0725VJCRT,DRINKING_CUP,1
B0725VK64Z,BLANKET,7
B072624R8P,BLANKET,1
B0727PTKVH,DRINKING_CUP,4
B07281Q5K6,BLANKET,1
B072893JX2,DRINKING_CUP,1
B07289FRHV,DRINKING_CUP,1
B0728B4RT1,BAKING_PAN,1
B0728CYXH7,DRINKING_CUP,1
B0728GC529,BAKING_PAN,1
B0728GCQGP,DRINKING_CUP,1
B0728GY1H5,DRINKING_CUP,1
B0728MM1F3,DRINKING_CUP,2
B072BBX443,DRINKING_CUP,1
B072BM5MDX,PUZZLES,2
B072BW6H44,PUZZLES,1
B072BWYFMW,DRINKING_CUP,1
B072BXB5YH,DRINKING_CUP,1
B072BXC1WV,BAKING_PAN,1
B072C3V841,DRINKING_CUP,1
B072F7Q8X4,BLANKET,1
B072FCW5RL,DRINKING_CUP,1
B072FMWV4C,DRINKING_CUP,3
B072FN5KLR,TOILET_PAPER,25
B072FNKPQW,BLANKET,1
B072FPCXQD,DRINKING_CUP,1
B072FPVFZM,TOILET_PAPER,3
B072FQYLGX,PUZZLES,1
B072FRDF5Q,DRINKING_CUP,1
B072HLF43W,DRINKING_CUP,1
B072HV6YWL,DRINKING_CUP,1
B072HVVDQD,BAKING_PAN,2
B072JCFSPR,DRINKING_CUP,1
B072JHRFBC,BLANKET,1
B072JHRFJL,BLANKET,2
B072JJB9PG,BLANKET,1
B072JKKB8W,DRINKING_CUP,1
B072JNG3FP,DRINKING_CUP,1
B072JR2GQD,DRINKING_CUP,1
B072JTFJ91,DRINKING_CUP,1
B072JVQ34Q,BAKING_PAN,1
B072JZGJW8,DRINKING_CUP,1
B072JZRKCC,BAKING_PAN,1
B072K2QZZ3,PUZZLES,1
B072K2XMS8,BLANKET,1
B072K32FS7,BLANKET,1
B072K4LV5V,DRINKING_CUP,2
B072K7BFGT,BLANKET,1
B072KD2JTD,DRINKING_CUP,1
B072KDRZH5,TOILET_PAPER,11
B072KPYY8Y,DRINKING_CUP,1
B072KQ51FV,PUZZLES,2
B072KXGY24,PUZZLES,1
B072LNPBZX,DRINKING_CUP,2
B072LR211P,SURFACE_CLEANING_WIPE,5
B072LTD58X,DRINKING_CUP,1
B072LTWX1J,BLANKET,1
B072LV1Q9X,BLANKET,3
B072LVZZXL,PUZZLES,1
B072M1Y5L7,DRINKING_CUP,1
B072M3KRDB,BLANKET,1
B072MC4M2T,BLANKET,1
B072MFJ3KP,DRINKING_CUP,2
B072MHKMPJ,BAKING_PAN,3
B072MJMPTF,DRINKING_CUP,3
B072ML1MVH,DRINKING_CUP,1
B072MYTVX7,BLANKET,1
B072MYTWYS,BLANKET,1
B072MYVC7N,DRINKING_CUP,1
B072N1JXVQ,DRINKING_CUP,1
B072N3PRZX,BLANKET,1
B072N3PSF9,DRINKING_CUP,1
B072N65KMG,PUZZLES,2
B072N6XMFZ,PUZZLES,1
B072NFLZ92,DRINKING_CUP,1
B072PTFX2G,BLANKET,1
B072PTPS7Z,PUZZLES,1
B072PZKBCL,DRINKING_CUP,1
B072Q2C9V7,DRINKING_CUP,1
B072Q5KJMN,DRINKING_CUP,1
B072Q9GPCM,BAKING_PAN,1
B072QCNR2Q,DRINKING_CUP,1
B072QW3VFF,DRINKING_CUP,1
B072QYL7HB,DRINKING_CUP,1
B072R5D7C8,PUZZLES,1
B072VNQJJ9,DRINKING_CUP,1
B072W34FV9,DRINKING_CUP,1
B072WKW4DV,BAKING_PAN,3
B072WKYZS6,BAKING_PAN,8
B072XFWM3C,BLANKET,3
B072XG4P4K,BLANKET,1
B072XG921C,BLANKET,2
B072XGV23K,BLANKET,1
B072XH5RVX,BLANKET,1
B072XSZJ8V,PUZZLES,2
B072XXDGHM,DRINKING_CUP,1
B072YS3PVM,SURFACE_CLEANING_WIPE,6
B072YVGJJH,DRINKING_CUP,2
B072YVPG27,DRINKING_CUP,2
B072Z4LR1M,DRINKING_CUP,1
B072Z7M7JZ,PUZZLES,2
B0731KGBKM,BAKING_PAN,1
B0731RN2W6,PUZZLES,1
B0731RTZHZ,BAKING_PAN,1
B0731XX4W3,DRINKING_CUP,1
B0731YN7J3,DRINKING_CUP,1
B07328J6QJ,BAKING_PAN,11
B07328J6QK,BAKING_PAN,3
B07329JDNQ,BAKING_PAN,3
B0732PFZNW,BAKING_PAN,7
B0732PG2N3,BAKING_PAN,1
B0732T1D46,DRINKING_CUP,1
B0732T5G38,BAKING_PAN,1
B0733JWG2B,BAKING_PAN,1
B07341Q7T7,BLANKET,1
B073429DTB,BLANKET,4
B073429DV2,BLANKET,18
B073439DSG,BLANKET,1
B07343DK69,BLANKET,2
B07344Q6WC,DRINKING_CUP,1
B073451HTY,BLANKET,5
B07345G3QG,BLANKET,2
B07346JGF2,PUZZLES,1
B07346KR5B,BLANKET,1
B0735JN6BD,PUZZLES,1
B073716B4S,BLANKET,1
B073718FB8,BLANKET,1
B073721HF7,BLANKET,1
B07372BCGJ,DRINKING_CUP,1
B0737355S9,BLANKET,1
B07373PZSW,BLANKET,1
B07374LLKV,DRINKING_CUP,1
B073761KD4,DRINKING_CUP,3
B07376L9FC,DRINKING_CUP,3
B0737722H8,DRINKING_CUP,1
B0737WQCXZ,BLANKET,2
B0737ZQYF3,BLANKET,1
B0739RG13C,BLANKET,1
B0739SV867,DRINKING_CUP,2
B073B1P2JV,BLANKET,2
B073BG93KR,BLANKET,1
B073BMWCCN,BLANKET,1
B073BP6T67,BLANKET,1
B073CFP47S,BLANKET,1
B073DGCPQH,DRINKING_CUP,1
B073F1JHQG,BLANKET,1
B073F2X28R,BLANKET,1
B073FDHQH2,BLANKET,1
B073FJSGQ1,PUZZLES,1
B073FQS8CW,BAKING_PAN,1
B073FYTZ7B,DRINKING_CUP,1
B073G9BH2Z,BLANKET,1
B073GDPQTC,BAKING_PAN,1
B073GFKHCH,BAKING_PAN,1
B073H5YLPS,BLANKET,1
B073H83KC4,DRINKING_CUP,1
B073H8STZ7,BLANKET,4
B073HC2G7Q,BLANKET,1
B073HCXHLC,BLANKET,1
B073HP15LR,BLANKET,1
B073HQVN9C,BLANKET,1
B073J7VWR8,BLANKET,1
B073J9HCS4,DRINKING_CUP,1
B073JB4QPM,BLANKET,1
B073JL2Q2G,BLANKET,4
B073JNLHQN,DRINKING_CUP,1
B073K2BYB9,DRINKING_CUP,1
B073KN3SFS,DRINKING_CUP,1
B073N39V53,DRINKING_CUP,2
B073NYKNL4,BLANKET,2
B073NYT7KH,BLANKET,1
B073NZDRM9,BLANKET,1
B073P4H7J7,BAKING_PAN,2
B073P4RPFP,BAKING_PAN,4
B073P52PPR,BAKING_PAN,12
B073P6W2XS,BLANKET,1
B073PC711P,BLANKET,1
B073PCRFTN,DRINKING_CUP,1
B073PCS45F,DRINKING_CUP,1
B073PD34FX,DRINKING_CUP,1
B073QM11PR,DRINKING_CUP,1
B073QNK7GT,DRINKING_CUP,1
B073QQ3V3C,DRINKING_CUP,3
B073QV8J1Y,DRINKING_CUP,1
B073QXLJ9J,DRINKING_CUP,1
B073QZKZRZ,DRINKING_CUP,1
B073R1P9MH,BLANKET,1
B073R8JSHT,DRINKING_CUP,1
B073RXKM4J,DRINKING_CUP,2
B073S4DY8Y,DRINKING_CUP,1
B073SDPDSM,BLANKET,1
B073SJVMXW,DRINKING_CUP,1
B073SP38CC,PUZZLES,1
B073TWNR62,BLANKET,1
B073TWYXFB,BLANKET,2
B073TXH5DS,BLANKET,2
B073V3G5Y8,DRINKING_CUP,1
B073V3T88G,BLANKET,1
B073V45CKM,BLANKET,1
B073V6K5CQ,DRINKING_CUP,1
B073VBD3GS,BLANKET,1
B073VCSNPQ,DRINKING_CUP,1
B073VDL6D1,BLANKET,1
B073VG32YB,BAKING_PAN,2
B073VL11MC,BLANKET,1
B073VL2WNK,BLANKET,1
B073VL5VH9,BLANKET,1
B073VLS2MM,BLANKET,1
B073VM8BF5,BAKING_PAN,1
B073VNDZQS,DRINKING_CUP,1
B073VS2NGJ,BLANKET,1
B073VS4N13,BLANKET,1
B073VV9YJ2,BLANKET,1
B073VX6XH1,DRINKING_CUP,1
B073VZ8V2Q,BLANKET,1
B073W85BJY,DRINKING_CUP,1
B073WCLV4T,DRINKING_CUP,3
B073WGTC45,DRINKING_CUP,1
B073WJD5BN,BLANKET,1
B073WJMKHN,DRINKING_CUP,17
B073WJRJZZ,DRINKING_CUP,13
B073WJSYMM,DRINKING_CUP,4
B073WJX9ZV,DRINKING_CUP,11
B073WK182F,DRINKING_CUP,7
B073WK3JWT,DRINKING_CUP,3
B073WR4F15,DRINKING_CUP,3
B073WV84GX,BLANKET,1
B073WVJY3D,BLANKET,4
B073WVKRJW,BLANKET,1
B073X8MX8R,DRINKING_CUP,1
B073XF3BSW,DRINKING_CUP,1
B073XF4W5T,DRINKING_CUP,1
B073XFDBJ1,DRINKING_CUP,1
B073XXW76R,PUZZLES,2
B073Y9HRZD,PUZZLES,2
B073Y9HWVZ,PUZZLES,2
B073YBNCFX,BLANKET,2
B073YCBNDW,BLANKET,1
B073YDCP2K,DRINKING_CUP,1
B073YDJD59,PUZZLES,1
B073YDJD5G,PUZZLES,1
B073YDJD5S,PUZZLES,7
B073YDQ1QV,BLANKET,1
B073YF5NHX,PUZZLES,1
B073YF5PTT,PUZZLES,5
B073YFPKL7,DRINKING_CUP,1
B073YG9KVG,PUZZLES,2
B073YXPF1F,DRINKING_CUP,2
B073YZ2PWF,DRINKING_CUP,1
B073YZX6Q3,DRINKING_CUP,1
B073Z11J93,DRINKING_CUP,1
B073Z1CZ4G,BAKING_PAN,1
B073Z1DDC7,DRINKING_CUP,1
B073Z21V1H,DRINKING_CUP,1
B073Z36RZ1,DRINKING_CUP,1
B073Z3QW46,DRINKING_CUP,1
B073Z43JY7,DRINKING_CUP,1
B073Z48KRJ,DRINKING_CUP,1
B073Z531D3,DRINKING_CUP,1
B073ZCCFDK,DRINKING_CUP,1
B073ZKHQGC,DRINKING_CUP,1
B073ZNCGZL,BLANKET,1
B073ZNH38Q,DRINKING_CUP,4
B073ZQYF6Z,BLANKET,2
B073ZT18R1,BLANKET,4
B073ZV632Z,BLANKET,1
B073ZXRCXS,DRINKING_CUP,2
B0741DL2GF,TOILET_PAPER,2
B0741DT22M,TOILET_PAPER,1
B0741KW5FZ,DRINKING_CUP,1
B0741XP8RH,DRINKING_CUP,2
B07427Q7DT,DRINKING_CUP,1
B0742873ZM,BLANKET,1
B0742FFNTV,BLANKET,1
B0742HHNCL,DRINKING_CUP,1
B0742K7845,DRINKING_CUP,1
B0742KR5XJ,PUZZLES,1
B07431R695,DRINKING_CUP,1
B0743DWDMJ,DRINKING_CUP,1
B0743F4M26,BLANKET,3
B0743JMP1V,DRINKING_CUP,2
B0743JRWJT,BLANKET,1
B0743KJMY3,BLANKET,1
B0743KJMYF,BLANKET,2
B0743L36Y3,BLANKET,1
B0743L74RS,BLANKET,1
B0743M913W,BLANKET,1
B07443Y6JR,DRINKING_CUP,5
B0744XSF6K,DRINKING_CUP,1
B0745HFZLV,DRINKING_CUP,4
B0745S3125,DRINKING_CUP,1
B0745WKM9F,BLANKET,1
B07463792F,DRINKING_CUP,1
B07468CP1J,TOILET_PAPER,1
B07469C5BN,DRINKING_CUP,1
B0746B24QT,DRINKING_CUP,1
B0746S4MGN,PUZZLES,1
B07473J571,BLANKET,4
B07477V3WD,BLANKET,6
B0747BDTBD,BLANKET,4
B0747HWLXX,DRINKING_CUP,3
B0747VD9XG,DRINKING_CUP,1
B0747VZYJR,BLANKET,1
B074822Y5N,BLANKET,1
B0748ZY2MF,BLANKET,1
B07499V2QK,BAKING_PAN,1
B0749BG1DR,BAKING_PAN,1
B074B4K5G8,DRINKING_CUP,1
B074B4Q6HQ,DRINKING_CUP,1
B074BS9ZL3,BLANKET,1
B074BSFVDM,BLANKET,2
B074BVJHS5,BLANKET,3
B074BX8YMW,BLANKET,9
B074C2FZXK,BLANKET,1
B074C691Q2,PUZZLES,3
B074CB2SRY,DRINKING_CUP,1
B074CKV89J,PUZZLES,1
B074CNY4T1,BLANKET,1
B074CR89PR,TOILET_PAPER,68
B074CRK54X,TOILET_PAPER,736
B074CT964K,TOILET_PAPER,16
B074CT964Q,TOILET_PAPER,3
B074CTMZ3Y,TOILET_PAPER,23
B074D6LM6Z,DRINKING_CUP,1
B074D6LXN6,DRINKING_CUP,2
B074D73YH1,DRINKING_CUP,1
B074D7FJW4,DRINKING_CUP,1
B074DDM4GH,BLANKET,1
B074DKJC5P,DRINKING_CUP,1
B074DTL17S,PUZZLES,2
B074DVPXT5,DRINKING_CUP,1
B074DYLVHD,BLANKET,1
B074DYPM6C,BLANKET,1
B074DYZW7Y,BLANKET,1
B074DZ8C1S,BLANKET,1
B074DZRTNT,DRINKING_CUP,1
B074F41N95,DRINKING_CUP,2
B074FFQBGT,BLANKET,2
B074FFZ539,BLANKET,2
B074FXS5VM,BLANKET,1
B074G4FK5F,DRINKING_CUP,1
B074G4Z4Q5,DRINKING_CUP,1
B074G5TDXS,BLANKET,1
B074GF81JR,DRINKING_CUP,1
B074H6VQJV,DRINKING_CUP,1
B074H6X5VB,DRINKING_CUP,12
B074HN8CZB,DRINKING_CUP,1
B074HNBXSQ,BLANKET,1
B074J7Y5C9,BLANKET,2
B074J85PMB,BLANKET,2
B074J8CKLR,BLANKET,1
B074J8FRRG,BLANKET,1
B074J95KTS,BLANKET,2
B074J9R8V2,BLANKET,1
B074JDR861,BLANKET,2
B074K7CSR5,PUZZLES,1
B074KFN98R,BAKING_PAN,1
B074KJ4Y2H,BAKING_PAN,1
B074KL2RWF,DRINKING_CUP,1
B074KLYS4X,DRINKING_CUP,1
B074KNY773,DRINKING_CUP,2
B074L2PBY9,DRINKING_CUP,1
B074L6NSLL,DRINKING_CUP,1
B074L7DW4G,DRINKING_CUP,2
B074M2FL94,DRINKING_CUP,1
B074M2M2NV,DRINKING_CUP,1
B074MJLYNZ,TOILET_PAPER,18
B074MJQG8B,TOILET_PAPER,3
B074MK9R4H,BAKING_PAN,1
B074MZBTSQ,BLANKET,1
B074N6VLLW,DRINKING_CUP,1
B074NBQBXH,SURFACE_CLEANING_WIPE,6
B074NFBT4B,BAKING_PAN,1
B074NM6179,BLANKET,1
B074NP59XV,DRINKING_CUP,1
B074NSWW79,DRINKING_CUP,1
B074NVCZPC,BLANKET,1
B074NX7LPD,DRINKING_CUP,1
B074NXF8D4,BLANKET,1
B074P1RHH1,DRINKING_CUP,1
B074P4MV9Q,PUZZLES,2
B074P5K4QV,PUZZLES,1
B074P5VWQM,BLANKET,1
B074P7CDLN,DRINKING_CUP,2
B074PB8Z12,DRINKING_CUP,1
B074PBWLJD,DRINKING_CUP,1
B074PC4TT4,DRINKING_CUP,1
B074PLVH2G,BLANKET,1
B074PPZYDV,BLANKET,1
B074Q456YK,BLANKET,1
B074QF12X5,BAKING_PAN,1
B074QF7RKY,DRINKING_CUP,1
B074QH45W8,PUZZLES,1
B074QJBHBG,PUZZLES,1
B074QLVD75,DRINKING_CUP,2
B074QM1YGR,BLANKET,1
B074QP24SN,PUZZLES,4
B074QPSX8S,DRINKING_CUP,1
B074QRHTGX,BLANKET,1
B074QSHN5F,BLANKET,1
B074QVD6ZD,TOILET_PAPER,11
B074QWJVL1,DRINKING_CUP,1
B074QX46QJ,BLANKET,1
B074R282H7,DRINKING_CUP,1
B074R4NF5J,DRINKING_CUP,1
B074R91LKL,DRINKING_CUP,1
B074RBL8CG,DRINKING_CUP,1
B074RPHBL8,PUZZLES,1
B074RPNHKS,PUZZLES,2
B074SD5Z7F,DRINKING_CUP,1
B074SHCL41,BLANKET,1
B074TSWSCM,BLANKET,1
B074TTWN63,BLANKET,1
B074TVF6NQ,BLANKET,1
B074TZ8RBC,DRINKING_CUP,1
B074V1RPRD,DRINKING_CUP,1
B074V2MJ9X,DRINKING_CUP,1
B074V2V1CR,DRINKING_CUP,1
B074V9HKBZ,DRINKING_CUP,1
B074W5XDMF,DRINKING_CUP,1
B074W99X7X,DRINKING_CUP,6
B074W9T3MN,DRINKING_CUP,6
B074WBJ2NF,DRINKING_CUP,2
B074WFRKKR,DRINKING_CUP,1
B074WHLP6H,TOILET_PAPER,1
B074XBCRL2,DRINKING_CUP,1
B074XHZ9CX,PUZZLES,1
B074XMH3W2,DRINKING_CUP,4
B074ZM6ZSB,BLANKET,1
B074ZMT18V,BLANKET,1
B074ZNM33Z,BLANKET,2
B074ZQS98L,BLANKET,1
B074ZRT8PF,BLANKET,1
B074ZRZ5VN,BLANKET,1
B0751CQ5QS,DRINKING_CUP,1
B0751JW1P9,DRINKING_CUP,1
B07527ND1Q,BLANKET,4
B0752PL24C,DRINKING_CUP,1
B0752VH5SM,BLANKET,1
B07533RV7W,BLANKET,1
B0753GMG4J,TOILET_PAPER,3
B0753K2JB2,DRINKING_CUP,1
B0753KMW66,SURFACE_CLEANING_WIPE,10
B0753SX9RX,BLANKET,1
B0753VNNBQ,DRINKING_CUP,1
B0753VRMRC,BLANKET,3
B0753XJDFB,BLANKET,1
B075417GDK,BLANKET,2
B07543C6XJ,BLANKET,2
B07543Q1WW,BLANKET,1
B07544JJBY,BLANKET,1
B07545HPT2,DRINKING_CUP,1
B07547KGC5,DRINKING_CUP,1
B07559WH5R,DRINKING_CUP,1
B0755H68QH,BLANKET,1
B0755N7C8V,PUZZLES,1
B07564RQDZ,DRINKING_CUP,1
B075672FPT,DRINKING_CUP,1
B075678D3D,DRINKING_CUP,1
B07567TGZ2,SURFACE_CLEANING_WIPE,2
B07568YHF7,BLANKET,1
B075698SDG,BLANKET,2
B0756DCSB1,BAKING_PAN,1
B0756GBL99,BLANKET,2
B0756KCKFN,DRINKING_CUP,5
B0756KYLWP,DRINKING_CUP,6
B0756N7BJZ,DRINKING_CUP,2
B0756PF9NX,DRINKING_CUP,1
B0756S4HKN,DRINKING_CUP,3
B0756TG51L,BLANKET,1
B0756TKKDJ,BLANKET,1
B0756XJ8L7,PUZZLES,1
B07571P5MT,DRINKING_CUP,1
B07571PNKS,DRINKING_CUP,1
B07572LYGQ,DRINKING_CUP,1
B07572PCPG,DRINKING_CUP,1
B075734XJW,DRINKING_CUP,1
B075743FFP,BAKING_PAN,1
B07576W4T2,BAKING_PAN,1
B0757G3PG3,BLANKET,1
B0757GVPMT,DRINKING_CUP,5
B0757XNTJS,DRINKING_CUP,1
B07581N23F,BLANKET,1
B07583WFYX,BLANKET,3
B07588JDT8,DRINKING_CUP,1
B07589KVWM,DRINKING_CUP,1
B0758JJ5P8,TOILET_PAPER,1
B0758PB74K,BLANKET,1
B0758VKFMT,BLANKET,1
B0759GNKV5,DRINKING_CUP,1
B0759H7YK9,DRINKING_CUP,1
B0759JBHXB,DRINKING_CUP,1
B0759T82K3,BLANKET,1
B0759W23GX,BLANKET,1
B0759WQ34L,DRINKING_CUP,1
B075B3W88Y,BLANKET,1
B075BKHQCQ,DRINKING_CUP,1
B075BQ2ZSM,DRINKING_CUP,1
B075C5GYZ5,DRINKING_CUP,1
B075CLZ8MG,BLANKET,1
B075CY9VBY,BLANKET,1
B075D3KDFX,DRINKING_CUP,1
B075D3MXPL,BAKING_PAN,1
B075D5W52B,DRINKING_CUP,1
B075D7585W,DRINKING_CUP,1
B075DHNT1H,DRINKING_CUP,1
B075DJ4J28,DRINKING_CUP,1
B075DN9X37,BAKING_PAN,1
B075DVWZGS,DRINKING_CUP,1
B075DW9CYP,PUZZLES,1
B075DXSMG2,BLANKET,1
B075F1ZV5G,BLANKET,1
B075F3DV97,DRINKING_CUP,1
B075F3YXZ6,BLANKET,1
B075F5921L,BLANKET,1
B075F9HK75,BLANKET,1
B075F9ST7G,BLANKET,6
B075FBWGBK,BLANKET,1
B075FMNBDG,BAKING_PAN,1
B075FR8LVX,PUZZLES,3
B075FSWXC5,PUZZLES,1
B075G1CCJV,DRINKING_CUP,1
B075G2NSN2,DRINKING_CUP,1
B075G2TJ98,DRINKING_CUP,2
B075GC195W,DRINKING_CUP,1
B075GDJ9B1,DRINKING_CUP,1
B075GGR33H,BLANKET,4
B075GGS5XC,BLANKET,1
B075GJZR6Q,BLANKET,2
B075GMDZJV,DRINKING_CUP,1
B075GSSPZM,DRINKING_CUP,4
B075GX59MJ,BLANKET,1
B075GXMNLL,DRINKING_CUP,2
B075GY7PYS,BLANKET,3
B075H1JRP2,BLANKET,1
B075HDBJK6,DRINKING_CUP,1
B075HJCVJZ,DRINKING_CUP,2
B075HVNTFH,BLANKET,2
B075HY4MJM,DRINKING_CUP,1
B075JDBSXJ,BAKING_PAN,1
B075JDPX94,BLANKET,1
B075JGK6F8,BLANKET,1
B075JPK8FN,DRINKING_CUP,1
B075JR6HD4,BLANKET,1
B075JRLH89,DRINKING_CUP,1
B075JXM4FM,DRINKING_CUP,1
B075K8L7LV,BLANKET,1
B075KHH9R2,BAKING_PAN,1
B075KQSCPT,PUZZLES,1
B075L22M6X,BAKING_PAN,1
B075L9RN2X,DRINKING_CUP,2
B075LFWCDP,DRINKING_CUP,2
B075LMD519,DRINKING_CUP,1
B075LMS7J2,DRINKING_CUP,1
B075LP6VPH,DRINKING_CUP,2
B075LP811R,DRINKING_CUP,1
B075LQWLH4,DRINKING_CUP,1
B075M74K4B,DRINKING_CUP,1
B075MGB65B,DRINKING_CUP,2
B075MJPXSD,BLANKET,1
B075MNF26H,PUZZLES,1
B075MY73Z8,PUZZLES,1
B075MYD6ZW,PUZZLES,1
B075MZ36FF,DRINKING_CUP,5
B075N3K1SY,DRINKING_CUP,1
B075PYDRVK,BLANKET,2
B075PYKJ3H,DRINKING_CUP,1
B075QCL8F8,BAKING_PAN,1
B075QD4JY5,DRINKING_CUP,5
B075QHK89K,DRINKING_CUP,1
B075QZ47ZN,DRINKING_CUP,2
B075R38RFN,DRINKING_CUP,2
B075R3NJTN,PUZZLES,1
B075R5QWTP,BLANKET,1
B075RD4B27,BLANKET,2
B075RGWQSF,DRINKING_CUP,1
B075RJ3QVV,DRINKING_CUP,1
B075RKKM9G,DRINKING_CUP,1
B075RNK4T4,DRINKING_CUP,1
B075RR65LC,DRINKING_CUP,1
B075RRD4LC,BLANKET,1
B075RSQPPW,DRINKING_CUP,2
B075RWGYZY,BLANKET,2
B075S43JG6,BAKING_PAN,2
B075S5QVSV,BLANKET,1
B075SDB2VX,DRINKING_CUP,1
B075SHZQ4M,DRINKING_CUP,1
B075SLTSCV,SURFACE_CLEANING_WIPE,1
B075TCH5VJ,DRINKING_CUP,3
B075TD8GL9,PUZZLES,1
B075TKKKSP,DRINKING_CUP,1
B075TRC7W1,BLANKET,1
B075TX8FT9,DRINKING_CUP,1
B075W4LFLG,BLANKET,1
B075W8HC3W,BLANKET,2
B075W94KB3,BLANKET,11
B075W97992,BLANKET,1
B075W98HZF,BLANKET,1
B075W9LL4P,BLANKET,3
B075W9VSW7,BLANKET,5
B075WDRCG1,DRINKING_CUP,1
B075WNFG1M,DRINKING_CUP,1
B075WPXRL5,BLANKET,1
B075WQT9XC,BLANKET,1
B075WSDCCN,DRINKING_CUP,1
B075WWBVFC,PUZZLES,1
B075WWP76G,DRINKING_CUP,1
B075WYG52Z,DRINKING_CUP,1
B075X194RW,BAKING_PAN,1
B075X3BJ4L,BLANKET,1
B075X9L2L7,DRINKING_CUP,1
B075XD88WR,BLANKET,1
B075XDLBHH,BLANKET,1
B075XHXXLQ,BLANKET,1
B075XRQKKT,DRINKING_CUP,1
B075Y1ZQ7H,PUZZLES,1
B075YP8ZY8,BLANKET,7
B075YTM1BS,BLANKET,1
B075YXQSC9,BLANKET,1
B075ZNVL6S,DRINKING_CUP,1
B075ZQJ17T,DRINKING_CUP,4
B075ZQJ18C,DRINKING_CUP,1
B075ZTLB7H,DRINKING_CUP,2
B075ZTW3CY,DRINKING_CUP,1
B075ZZ7JKG,DRINKING_CUP,2
B075ZZGQZT,BLANKET,2
B07611BT8X,DRINKING_CUP,1
B07611VZ8S,BLANKET,1
B076127Q87,PUZZLES,1
B0761K9SHM,DRINKING_CUP,1
B0761QMW3V,BLANKET,1
B0761YD99J,DRINKING_CUP,6
B0761YS47N,DRINKING_CUP,2
B0761Z8QCF,DRINKING_CUP,3
B0761Z9PN3,DRINKING_CUP,1
B0761ZT2BB,DRINKING_CUP,1
B0762BTT38,BLANKET,1
B0762CHT79,BAKING_PAN,1
B0762HXH2B,BLANKET,1
B0762JMCGH,BAKING_PAN,1
B0762S485C,DRINKING_CUP,1
B0763J7YCF,BLANKET,1
B0763T1HT3,BAKING_PAN,1
B0763V68S3,DRINKING_CUP,1
B0764HFFMY,DRINKING_CUP,1
B0764J7WYC,DRINKING_CUP,1
B07652XKXB,PUZZLES,1
B07653BQJT,PUZZLES,2
B0765865W2,BAKING_PAN,2
B07658KR3Q,DRINKING_CUP,2
B07659PF19,DRINKING_CUP,1
B07659ZVS5,BLANKET,2
B0765BDQ19,DRINKING_CUP,1
B0765BRPJ5,DRINKING_CUP,1
B0765BRZL7,DRINKING_CUP,1
B0765QG984,DRINKING_CUP,1
B07664NMRJ,TOILET_PAPER,2
B07665JLZ8,PUZZLES,1
B0767HM9ZG,DRINKING_CUP,1
B0767QKFWS,BLANKET,1
B0768HY6PQ,PUZZLES,2
B0768JCQWD,DRINKING_CUP,1
B076985XVF,PUZZLES,1
B0769FKMBK,BLANKET,1
B0769J3JWR,BLANKET,1
B0769M7TCS,PUZZLES,1
B0769QQPB2,BLANKET,1
B0769SFXM3,BLANKET,1
B076B4D2G4,DRINKING_CUP,1
B076B4VSTX,BLANKET,1
B076B56Z4R,PUZZLES,1
B076B6YDPQ,DRINKING_CUP,1
B076BYZQ3F,DRINKING_CUP,1
B076BZLTF7,DRINKING_CUP,1
B076C66G6D,DRINKING_CUP,1
B076C6NNHF,BLANKET,1
B076CKLF2G,BLANKET,1
B076CPCGM2,DRINKING_CUP,1
B076CT46MG,TOILET_PAPER,1
B076CTMN4C,BLANKET,1
B076CVKR6B,DRINKING_CUP,1
B076DD3L1Z,BLANKET,1
B076DD56XT,BLANKET,1
B076DH6NBR,BLANKET,3
B076DHX56F,BLANKET,1
B076DPSKTR,DRINKING_CUP,1
B076DVSJYY,BLANKET,1
B076DX44PD,DRINKING_CUP,1
B076DZ76H4,DRINKING_CUP,2
B076F2H822,BLANKET,1
B076F6BT7P,DRINKING_CUP,1
B076F87MVJ,DRINKING_CUP,1
B076F8S4NB,DRINKING_CUP,1
B076FG7V61,PUZZLES,1
B076FKBT9G,DRINKING_CUP,1
B076FTGQV3,DRINKING_CUP,1
B076FW5KX9,DRINKING_CUP,1
B076FW6RMV,DRINKING_CUP,1
B076FWF28T,DRINKING_CUP,1
B076FWJK28,DRINKING_CUP,1
B076FWR3VY,DRINKING_CUP,1
B076FX79MP,DRINKING_CUP,1
B076FXXMGR,DRINKING_CUP,1
B076G4CBNQ,BLANKET,1
B076GGWTBX,DRINKING_CUP,1
B076GKB6YV,PUZZLES,2
B076GMVG7B,DRINKING_CUP,1
B076GNN6C7,DRINKING_CUP,2
B076GNR9PV,DRINKING_CUP,1
B076GT8C87,DRINKING_CUP,1
B076GXH7LJ,DRINKING_CUP,1
B076GXVKF9,BLANKET,1
B076H63FDM,DRINKING_CUP,1
B076HN3FV7,BLANKET,2
B076HNK8FZ,BLANKET,1
B076HP2NV4,BLANKET,1
B076HPZL34,BLANKET,2
B076HTFT3D,PUZZLES,1
B076HVCYPF,DRINKING_CUP,1
B076HY9F89,DRINKING_CUP,1
B076HYF9WJ,PUZZLES,1
B076HYSJ7R,PUZZLES,1
B076HYT5S9,PUZZLES,1
B076HZHTYS,DRINKING_CUP,1
B076HZPG2J,BLANKET,1
B076J43TVR,DRINKING_CUP,1
B076J51GHW,BLANKET,1
B076J5GTMX,BLANKET,1
B076J83NZ2,PUZZLES,1
B076J8CNSJ,BLANKET,1
B076J8S2DC,BLANKET,2
B076J9RJQY,BLANKET,2
B076JFQZXF,BAKING_PAN,1
B076JMVVTC,BLANKET,1
B076JN4B2J,BAKING_PAN,1
B076K9RJBJ,BLANKET,1
B076KBQ6GW,DRINKING_CUP,2
B076KDD2XC,DRINKING_CUP,1
B076KP9BXM,DRINKING_CUP,1
B076KZRZCP,DRINKING_CUP,1
B076L167HB,BLANKET,1
B076L3ZRLX,DRINKING_CUP,1
B076LMZFB8,BAKING_PAN,1
B076M4M51X,BLANKET,1
B076M9321K,DRINKING_CUP,1
B076MCN6ZM,DRINKING_CUP,1
B076MD4TJ4,BLANKET,1
B076MPRZWN,DRINKING_CUP,1
B076MR1RH6,PUZZLES,1
B076MR3M69,DRINKING_CUP,1
B076MSW8BZ,DRINKING_CUP,1
B076MVWW32,DRINKING_CUP,4
B076NM5YDX,DRINKING_CUP,1
B076NX9NW9,SURFACE_CLEANING_WIPE,1
B076P3H4SP,DRINKING_CUP,1
B076PJ1JSG,DRINKING_CUP,4
B076PLTBXN,BLANKET,1
B076PPK5ZB,BLANKET,1
B076PPXN7M,BLANKET,1
B076PQHK8Q,BLANKET,1
B076PRFD59,BLANKET,1
B076PRFZRH,DRINKING_CUP,1
B076PV3MK3,PUZZLES,1
B076PZMM16,DRINKING_CUP,1
B076PZTK2N,DRINKING_CUP,1
B076Q1FLZK,DRINKING_CUP,1
B076Q2H7NZ,DRINKING_CUP,1
B076Q3MPT9,DRINKING_CUP,1
B076Q5TZ6B,DRINKING_CUP,1
B076QBQ9KJ,BLANKET,1
B076QDV55Y,DRINKING_CUP,1
B076QGRWYS,BLANKET,2
B076QHBYCY,BLANKET,2
B076SFFX5M,BLANKET,3
B076SGDRLV,BLANKET,1
B076SPG2ND,BLANKET,1
B076T6QNQT,DRINKING_CUP,1
B076TC7HMR,DRINKING_CUP,1
B076TFJBVZ,DRINKING_CUP,1
B076VJ65RC,DRINKING_CUP,1
B076VVQ6JZ,DRINKING_CUP,1
B076VVWL5S,DRINKING_CUP,1
B076VX3RYR,PUZZLES,1
B076X33PJS,BAKING_PAN,1
B076X3DS7D,BLANKET,1
B076X4YWZ4,BLANKET,1
B076XD1F5X,PUZZLES,1
B076XG2LP5,BAKING_PAN,1
B076XYQKCG,BLANKET,2
B076Y3VMSR,PUZZLES,2
B076Y48QL5,PUZZLES,2
B076YW4R4D,DRINKING_CUP,2
B076Z5JJK6,DRINKING_CUP,1
B076ZK66PK,DRINKING_CUP,1
B076ZM1K6Z,PUZZLES,2
B076ZPMXN5,DRINKING_CUP,1
B076ZRN32R,DRINKING_CUP,1
B076ZWDFM1,DRINKING_CUP,7
B076ZXFVW2,DRINKING_CUP,2
B076ZYS6RX,BLANKET,1
B0771FGXBK,DRINKING_CUP,1
B0771H8V5H,DRINKING_CUP,2
B0771LJL5D,BAKING_PAN,1
B0771MZXCW,DRINKING_CUP,1
B0771XBTDM,PUZZLES,2
B0771XDXXC,BLANKET,2
B0771YRSQ6,DRINKING_CUP,1
B0772G5BBJ,BAKING_PAN,1
B0772V6XSP,BAKING_PAN,1
B0772XSTF1,DRINKING_CUP,1
B07738HJ24,BLANKET,2
B0773CBCHS,BLANKET,2
B0773F1HJG,DRINKING_CUP,1
B0773KX133,BLANKET,1
B0773LTDRN,BLANKET,1
B0773QT2FP,DRINKING_CUP,1
B0773R6JW1,BLANKET,2
B0773RG3TS,DRINKING_CUP,1
B0773SDNHF,BLANKET,1
B0773SN3GX,DRINKING_CUP,3
B0773WG6NK,DRINKING_CUP,1
B0773YHJX5,DRINKING_CUP,1
B0774LNVGW,PUZZLES,4
B0774WVPGK,DRINKING_CUP,1
B07751CZBP,DRINKING_CUP,1
B07751LG3Y,DRINKING_CUP,1
B0775SXR3Q,BLANKET,1
B0775VNB23,BLANKET,2
B0775WVMPQ,BLANKET,1
B0775YM1JC,BLANKET,1
B0775Z6M81,BLANKET,1
B0775Z9VLY,BLANKET,1
B07765YMLH,BLANKET,1
B077669TZ8,BLANKET,2
B077669TZJ,BLANKET,1
B07768GL52,BLANKET,2
B0776RFKCY,BLANKET,2
B0776RK7LR,BLANKET,1
B0776YKWW2,PUZZLES,1
B07771DR9G,PUZZLES,3
B07771DV5J,PUZZLES,1
B077739BGX,DRINKING_CUP,2
B07775T5DG,PUZZLES,1
B07779GR72,BAKING_PAN,1
B07779NFDZ,PUZZLES,2
B0777N24NR,BLANKET,1
B0777PG288,PUZZLES,1
B0777T2KLF,PUZZLES,1
B0777T8GSG,DRINKING_CUP,1
B0777TFR98,SURFACE_CLEANING_WIPE,1
B0777TKS62,PUZZLES,1
B0777V9Y1H,DRINKING_CUP,2
B07781P6ZW,BAKING_PAN,1
B077821YBN,BLANKET,1
B07782X7TQ,BAKING_PAN,2
B0778DH25Y,DRINKING_CUP,2
B0778MJ5C8,DRINKING_CUP,1
B0778N2BBT,DRINKING_CUP,1
B0778NL4WL,BLANKET,2
B0778TM4W6,BLANKET,1
B0778YL6MZ,DRINKING_CUP,1
B07792Y1Q4,BLANKET,1
B07796P1XL,BLANKET,2
B0779FRLJX,BLANKET,1
B0779HF49C,BLANKET,1
B0779JFJ99,BLANKET,1
B0779JRBNJ,BLANKET,1
B0779KLM3T,DRINKING_CUP,1
B0779LLZV3,DRINKING_CUP,1
B0779Z4TWQ,BAKING_PAN,1
B077BBM5QF,PUZZLES,1
B077BLFHY8,BLANKET,1
B077BPZGDY,DRINKING_CUP,1
B077CW9WFG,BLANKET,1
B077D155YJ,DRINKING_CUP,1
B077D1C24C,BLANKET,1
B077DB55S7,BLANKET,1
B077DLGRW5,BLANKET,1
B077DVL528,DRINKING_CUP,1
B077DZR88D,DRINKING_CUP,1
B077F4TD6R,DRINKING_CUP,1
B077FJTN12,DRINKING_CUP,1
B077G4QN3Q,DRINKING_CUP,1
B077G69GPM,DRINKING_CUP,1
B077G6YP23,DRINKING_CUP,1
B077GCXH8P,DRINKING_CUP,2
B077GHZRC9,BLANKET,1
B077GJHSPF,DRINKING_CUP,1
B077GK2GBC,BLANKET,1
B077GKH99Z,BLANKET,5
B077GL8F5N,PUZZLES,1
B077GM6TTR,PUZZLES,1
B077H34Z1F,DRINKING_CUP,1
B077HD5Q99,PUZZLES,1
B077HQH3Q9,BAKING_PAN,2
B077J633ZQ,DRINKING_CUP,1
B077JPQB9H,PUZZLES,1
B077KD3S15,BLANKET,1
B077KG16JH,BLANKET,2
B077KZTYBH,DRINKING_CUP,1
B077MBCT22,BLANKET,1
B077MN6XMD,BLANKET,1
B077N65RY8,DRINKING_CUP,1
B077NR7TQG,DRINKING_CUP,1
B077NRQ47Q,DRINKING_CUP,2
B077NSCBHV,BLANKET,1
B077P31291,PUZZLES,1
B077P4GYCL,BLANKET,2
B077P4MXJ8,BLANKET,1
B077P56TWJ,BAKING_PAN,1
B077PB4T42,PUZZLES,1
B077PLW6SN,DRINKING_CUP,2
B077PR84WH,DRINKING_CUP,1
B077PT93YK,DRINKING_CUP,1
B077PXSL8N,DRINKING_CUP,4
B077Q9NTYZ,BLANKET,1
B077RPYQZL,BLANKET,1
B077RYYYQY,PUZZLES,1
B077S9CGLQ,DRINKING_CUP,1
B077SKX3H8,BLANKET,1
B077TC25XQ,DRINKING_CUP,1
B077TJ3MYV,DRINKING_CUP,1
B077TVGWCS,BAKING_PAN,1
B077TYZ2ZP,BLANKET,1
B077TZLBKP,BLANKET,1
B077TZWGJB,PUZZLES,1
B077V165RL,BLANKET,1
B077V1LYM3,BLANKET,1
B077V3VFT5,BLANKET,2
B077V9V2HD,DRINKING_CUP,1
B077VS1427,BAKING_PAN,4
B077VV524D,BLANKET,1
B077VVLY9P,BLANKET,1
B077VWMZ9C,DRINKING_CUP,1
B077VXBHZK,BLANKET,2
B077VYYN4X,DRINKING_CUP,1
B077VZTMH7,DRINKING_CUP,1
B077X53VWP,BLANKET,1
B077X96DVZ,DRINKING_CUP,1
B077XC4N62,PUZZLES,1
B077XFFGFJ,DRINKING_CUP,3
B077XRLG85,DRINKING_CUP,1
B077XTBKL9,DRINKING_CUP,1
B077Y28S3G,BLANKET,1
B077Y49T96,DRINKING_CUP,3
B077YHTKF8,BLANKET,1
B077YJLPSV,DRINKING_CUP,1
B077YKJ2WF,DRINKING_CUP,1
B077YKR8GP,BLANKET,4
B077YNHQBF,DRINKING_CUP,1
B077YQVYJJ,BLANKET,1
B077YSW18K,BAKING_PAN,1
B077YTMW4C,BLANKET,1
B077YVF1GZ,BLANKET,3
B077YVH9XW,BLANKET,1
B077Z3G9B3,BLANKET,1
B077Z6X2Z2,DRINKING_CUP,1
B077ZDRVX4,DRINKING_CUP,1
B077ZH6514,BLANKET,1
B077ZKDYCK,PUZZLES,1
B077ZSGW2G,DRINKING_CUP,1
B077ZT3271,PUZZLES,1
B077ZVM7MG,BLANKET,1
B077ZWD8NZ,PUZZLES,1
B07813LGQM,PUZZLES,1
B07818XHZQ,BLANKET,1
B0781ZMCTD,DRINKING_CUP,1
B07836MC88,PUZZLES,1
B078382X7Q,PUZZLES,1
B07839ZLCH,PUZZLES,1
B0783MR8XS,DRINKING_CUP,1
B07842Y6BX,DRINKING_CUP,1
B0784NFNL6,DRINKING_CUP,1
B0784S4T3G,DRINKING_CUP,1
B07856JPJX,DRINKING_CUP,1
B0785GLZYH,DRINKING_CUP,1
B0785L4Y5G,DRINKING_CUP,2
B0785MB3SV,DRINKING_CUP,1
B0785MHZXR,DRINKING_CUP,4
B0785WM192,DRINKING_CUP,1
B07864XDWG,DRINKING_CUP,1
B0786HY59M,BLANKET,1
B0786Q56HV,BLANKET,1
B0786W11S8,BLANKET,2
B0786XQQMJ,BLANKET,1
B0786Y76CS,BLANKET,1
B0786YRFFZ,DRINKING_CUP,1
B07872V26L,BLANKET,1
B07873R45W,BLANKET,1
B07873SLWP,BLANKET,1
B078741VKX,BLANKET,1
B0787DV97J,BLANKET,1
B0787GJ2YS,DRINKING_CUP,1
B0787H2LX1,DRINKING_CUP,2
B0787K3C5J,DRINKING_CUP,1
B0787RNLYP,BLANKET,1
B0787XN98K,BLANKET,1
B07885BY63,DRINKING_CUP,1
B07886XT82,DRINKING_CUP,1
B07888S6KK,DRINKING_CUP,1
B0788B8KFX,SURFACE_CLEANING_WIPE,1
B0788DLM3R,PUZZLES,1
B0788F4QHM,DRINKING_CUP,1
B0788FRVK3,DRINKING_CUP,1
B0788K9FSH,BLANKET,2
B0788P4K1W,BLANKET,1
B0788VMPHH,DRINKING_CUP,1
B0788Y23NQ,BLANKET,1
B0789449T9,DRINKING_CUP,1
B07895LCBX,DRINKING_CUP,6
B07895M6D9,DRINKING_CUP,3
B078964VK7,DRINKING_CUP,2
B0789F6B4R,DRINKING_CUP,7
B0789P1TQG,DRINKING_CUP,1
B0789S2KNT,BLANKET,1
B078B21C76,DRINKING_CUP,1
B078BYP59N,DRINKING_CUP,1
B078BYXHKJ,DRINKING_CUP,1
B078D7K9BM,DRINKING_CUP,1
B078GBFMXZ,BLANKET,1
B078GRFL5F,DRINKING_CUP,1
B078GWP57K,DRINKING_CUP,1
B078GYFTK3,DRINKING_CUP,1
B078H49W13,DRINKING_CUP,1
B078H93TKJ,DRINKING_CUP,1
B078HGFP2L,SURFACE_CLEANING_WIPE,7
B078HMFP9R,PUZZLES,1
B078HNTG4F,PUZZLES,2
B078HPGCQ1,DRINKING_CUP,1
B078HR35HN,BLANKET,1
B078HRLXYG,SURFACE_CLEANING_WIPE,5
B078HVQC8B,DRINKING_CUP,1
B078J4VCQN,DRINKING_CUP,1
B078JCF6PS,PUZZLES,1
B078JLC6J3,DRINKING_CUP,1
B078JLQJJR,DRINKING_CUP,1
B078JRLKZY,DRINKING_CUP,1
B078JTHSQN,DRINKING_CUP,1
B078JWW3KM,DRINKING_CUP,1
B078JY6JPK,DRINKING_CUP,1
B078JZ3V1V,DRINKING_CUP,2
B078K4KR8K,BLANKET,6
B078L1J41N,DRINKING_CUP,1
B078LDFBKM,SURFACE_CLEANING_WIPE,6
B078LGJ4K2,PUZZLES,2
B078LGK6VJ,TOILET_PAPER,2
B078LMXPNL,DRINKING_CUP,1
B078LN89NY,DRINKING_CUP,2
B078LN9FD1,DRINKING_CUP,1
B078LQCDP3,DRINKING_CUP,1
B078LS42DW,BAKING_PAN,1
B078M55L5T,DRINKING_CUP,1
B078M9H9KC,BLANKET,1
B078MCZZX5,DRINKING_CUP,2
B078MVPF95,SURFACE_CLEANING_WIPE,1
B078MWGJJX,SURFACE_CLEANING_WIPE,1
B078MWMK4X,BLANKET,1
B078N25RKC,PUZZLES,2
B078N784K8,BLANKET,1
B078N9TM33,DRINKING_CUP,1
B078NFCX87,BLANKET,1
B078NH2MP1,BLANKET,1
B078NQSBG4,DRINKING_CUP,1
B078P5YY68,BLANKET,1
B078PDP7GR,DRINKING_CUP,2
B078PFG9BX,DRINKING_CUP,1
B078Q194LV,BAKING_PAN,1
B078QGQFSW,DRINKING_CUP,1
B078QZLBXF,BLANKET,1
B078QZY71H,BLANKET,3
B078R43FND,PUZZLES,1
B078R7FNFT,DRINKING_CUP,1
B078RMZWV3,BLANKET,3
B078S52F68,BLANKET,1
B078S5KCTF,DRINKING_CUP,1
B078SDRHQ5,DRINKING_CUP,1
B078SHB61Y,BLANKET,2
B078SJ3QRY,DRINKING_CUP,1
B078SJ7Z7F,DRINKING_CUP,1
B078SKDX2Y,DRINKING_CUP,1
B078SR2YZ3,DRINKING_CUP,1
B078SVK6XW,PUZZLES,1
B078T1XM7D,DRINKING_CUP,1
B078T1YMYB,DRINKING_CUP,3
B078T1ZK6F,DRINKING_CUP,1
B078T2J1KF,DRINKING_CUP,1
B078T3PBW8,DRINKING_CUP,1
B078T3PBWC,DRINKING_CUP,1
B078TGV8BK,BLANKET,1
B078TQ387F,DRINKING_CUP,1
B078TQ8HZ9,DRINKING_CUP,1
B078TZHC8D,PUZZLES,1
B078V8WQBB,BLANKET,2
B078VB3HSM,DRINKING_CUP,1
B078VDQ4LV,DRINKING_CUP,1
B078VJRWGN,BLANKET,1
B078VK4JLM,DRINKING_CUP,2
B078VKBQZC,DRINKING_CUP,1
B078VMCZRY,BLANKET,2
B078W4JDKN,DRINKING_CUP,1
B078W6798B,DRINKING_CUP,1
B078W6PBTT,PUZZLES,1
B078WFX7QG,DRINKING_CUP,1
B078WJ8Q1X,BAKING_PAN,1
B078WQK3BS,DRINKING_CUP,1
B078WRFFSW,DRINKING_CUP,2
B078WRSSWD,DRINKING_CUP,4
B078WRTKV8,DRINKING_CUP,1
B078WRTMXK,DRINKING_CUP,8
B078WRTMXL,DRINKING_CUP,10
B078WS7TR6,BLANKET,1
B078WS7WH3,DRINKING_CUP,3
B078WTG73Q,DRINKING_CUP,1
B078WTTK6Z,DRINKING_CUP,1
B078WZXYZB,DRINKING_CUP,1
B078X36V6L,DRINKING_CUP,1
B078XHBSLT,PUZZLES,1
B078XJPV7X,BLANKET,1
B078XKLT71,DRINKING_CUP,1
B078XLWM5C,PUZZLES,1
B078XPTCTS,BLANKET,1
B078XSB37D,BLANKET,1
B078Y21JTY,PUZZLES,1
B078Y2T7BB,PUZZLES,1
B078YNVXBJ,BLANKET,1
B078YP1RBC,BLANKET,3
B078YQDX3J,BAKING_PAN,1
B078YZLDCB,BLANKET,1
B078YZYKM6,BLANKET,1
B078YZYT4B,DRINKING_CUP,1
B078Z4X5N4,BLANKET,1
B078ZDYP5P,DRINKING_CUP,1
B078ZHX8YB,BLANKET,1
B078ZJFRQK,BLANKET,1
B0791G9LVG,PUZZLES,1
B0791KD5T5,DRINKING_CUP,1
B0791L1CRX,DRINKING_CUP,3
B0791S985J,DRINKING_CUP,1
B0792HZXQW,BLANKET,2
B0792PD6KQ,DRINKING_CUP,1
B0792PGDX9,DRINKING_CUP,1
B0792SM4NY,BLANKET,1
B0792WGRNL,BLANKET,1
B07932QCZJ,BLANKET,1
B0793349JQ,BLANKET,1
B07933PVVL,BLANKET,1
B07934366V,BLANKET,1
B07934PHKZ,DRINKING_CUP,1
B07935PQQH,PUZZLES,1
B07937FP47,DRINKING_CUP,1
B0793DKBD6,DRINKING_CUP,1
B0793F25RV,DRINKING_CUP,1
B0793HPJB4,BLANKET,1
B0793HXTY7,BAKING_PAN,2
B0793JMC4V,DRINKING_CUP,1
B07942RSQ7,DRINKING_CUP,1
B07944GQ5B,DRINKING_CUP,1
B07944MF11,DRINKING_CUP,1
B0794CPVQH,DRINKING_CUP,1
B0794H18RY,DRINKING_CUP,1
B0794MKBFK,BLANKET,1
B07953JMJ6,DRINKING_CUP,1
B07955DBGK,DRINKING_CUP,1
B07959367L,DRINKING_CUP,1
B07959QZBD,BLANKET,1
B0795VB25Y,TOILET_PAPER,1
B0795VWV8K,TOILET_PAPER,10
B0795XF9HY,TOILET_PAPER,11
B0795XM3HY,TOILET_PAPER,2
B07968ZM4L,DRINKING_CUP,1
B0796XHT62,DRINKING_CUP,1
B0797J5XBB,DRINKING_CUP,1
B0797K1Q9D,PUZZLES,1
B0797KN4ZK,BLANKET,1
B0797MQC2B,DRINKING_CUP,1
B0797VTHX8,BLANKET,1
B07982NSN3,DRINKING_CUP,2
B079853D3D,BLANKET,1
B07986PWD3,TOILET_PAPER,67
B0798C1NYR,TOILET_PAPER,137
B0798DVT68,TOILET_PAPER,138
B0798DVT69,TOILET_PAPER,65
B0798H6HP3,PUZZLES,1
B0798K3KW7,PUZZLES,2
B0798RVQZW,DRINKING_CUP,1
B0798VNJW6,PUZZLES,1
B0798WV5P2,BLANKET,1
B0799JRHWY,DRINKING_CUP,1
B0799LHTS9,PUZZLES,1
B0799NWS67,BLANKET,1
B079B5C9CG,BLANKET,5
B079BJHPL5,BLANKET,5
B079C52P8Q,DRINKING_CUP,1
B079CS5K65,DRINKING_CUP,1
B079D4B6B7,DRINKING_CUP,1
B079DDTGY1,DRINKING_CUP,1
B079DFS8VN,DRINKING_CUP,1
B079DLDRHT,DRINKING_CUP,2
B079DRHVF2,BLANKET,1
B079F75RQV,DRINKING_CUP,1
B079FP6MCQ,BLANKET,2
B079FPF6BR,BLANKET,1
B079FRFT9G,BAKING_PAN,1
B079FXT289,DRINKING_CUP,1
B079G4Q7NW,PUZZLES,1
B079G8ZZ3D,BLANKET,2
B079GS5J2C,DRINKING_CUP,1
B079GSG3FW,BAKING_PAN,1
B079GTTS1X,DRINKING_CUP,1
B079GXHRF8,DRINKING_CUP,1
B079H3MB6W,BAKING_PAN,1
B079H8S4HQ,DRINKING_CUP,3
B079H8S5TK,DRINKING_CUP,4
B079H93J5N,DRINKING_CUP,1
B079H9WC4P,PUZZLES,1
B079HB2TWY,PUZZLES,1
B079HV44ZQ,DRINKING_CUP,1
B079HVFZQK,PUZZLES,2
B079J1TKTR,PUZZLES,1
B079J6Y7L6,DRINKING_CUP,1
B079JTFWX7,DRINKING_CUP,1
B079K1GB27,DRINKING_CUP,1
B079K57VGC,DRINKING_CUP,1
B079K5QW2L,PUZZLES,1
B079K74KKD,DRINKING_CUP,1
B079K7899F,DRINKING_CUP,2
B079KCVWKY,DRINKING_CUP,2
B079KD9LY9,DRINKING_CUP,1
B079KDMQXQ,DRINKING_CUP,1
B079KG24JK,DRINKING_CUP,1
B079KG2B93,DRINKING_CUP,3
B079KN6RCG,DRINKING_CUP,1
B079KNTJ8W,DRINKING_CUP,2
B079M1Q9QV,DRINKING_CUP,2
B079MFZW16,BLANKET,1
B079MHGC2K,PUZZLES,3
B079MHJZB2,DRINKING_CUP,2
B079MHKLVZ,BAKING_PAN,1
B079MHYBLG,DRINKING_CUP,1
B079MNH4FW,DRINKING_CUP,1
B079NMRHXW,BLANKET,2
B079NQ3JPQ,BLANKET,1
B079NWVH9C,BLANKET,1
B079P4SZ68,BAKING_PAN,1
B079P6YL4Y,DRINKING_CUP,1
B079P79YQH,BLANKET,1
B079PWMP7Y,BLANKET,1
B079Q62FTT,BAKING_PAN,1
B079QM4NZC,DRINKING_CUP,2
B079QMK7XV,DRINKING_CUP,1
B079QPFDGB,BAKING_PAN,1
B079R2RSPB,BAKING_PAN,1
B079R58NWR,DRINKING_CUP,2
B079RJWSTX,DRINKING_CUP,1
B079S3G71K,DRINKING_CUP,1
B079S6WZH4,BLANKET,1
B079SG2DP8,BLANKET,1
B079SQJCB4,SURFACE_CLEANING_WIPE,11
B079SSNXJ8,DRINKING_CUP,1
B079STWN1J,BAKING_PAN,1
B079T4T551,DRINKING_CUP,2
B079T73RW9,BLANKET,1
B079THKYC3,SURFACE_CLEANING_WIPE,2
B079TJBCP9,DRINKING_CUP,2
B079TJDV49,BLANKET,1
B079TKR9R5,BLANKET,1
B079TP1F25,SURFACE_CLEANING_WIPE,1
B079TZ8YZB,BLANKET,1
B079V11Q49,PUZZLES,1
B079V4PZQK,PUZZLES,1
B079V4RZ9W,PUZZLES,1
B079V5LWW9,PUZZLES,1
B079VMJP78,DRINKING_CUP,2
B079VS9LW3,DRINKING_CUP,1
B079VWMFVK,DRINKING_CUP,1
B079W9MH4P,DRINKING_CUP,2
B079WM7FBF,DRINKING_CUP,6
B079WM8RR8,DRINKING_CUP,1
B079WNPS7F,DRINKING_CUP,1
B079WQVJWH,DRINKING_CUP,3
B079Y5YD3G,DRINKING_CUP,1
B079Y6Y5YJ,DRINKING_CUP,2
B079Y7Y3QX,DRINKING_CUP,2
B079YBNQQV,BLANKET,1
B079YGTG6G,DRINKING_CUP,1
B079YLYFRB,DRINKING_CUP,1
B079YVR2DM,BLANKET,1
B079YWG291,DRINKING_CUP,3
B079YYLJHH,BLANKET,1
B079Z5XGPC,DRINKING_CUP,1
B079ZP55LN,BLANKET,1
B079ZXF941,DRINKING_CUP,1
B07B112L49,DRINKING_CUP,1
B07B13SX9M,DRINKING_CUP,1
B07B1KPD29,DRINKING_CUP,1
B07B26YTKP,DRINKING_CUP,1
B07B2FCP15,DRINKING_CUP,1
B07B2FNSBQ,DRINKING_CUP,1
B07B2GY1CT,DRINKING_CUP,1
B07B2PPWBW,DRINKING_CUP,1
B07B2PWC1S,BAKING_PAN,1
B07B2Q3S4Z,BLANKET,1
B07B2QLTLD,BLANKET,1
B07B2W4L5N,BLANKET,1
B07B31HDL1,DRINKING_CUP,1
B07B3P4TX6,DRINKING_CUP,1
B07B3XK4L6,DRINKING_CUP,1
B07B3Y4GFX,BLANKET,1
B07B442BBF,DRINKING_CUP,2
B07B45MFT2,BLANKET,1
B07B47KN5W,DRINKING_CUP,1
B07B4BZDX8,DRINKING_CUP,1
B07B4CX698,PUZZLES,1
B07B4FLZVT,PUZZLES,1
B07B4KZ56D,DRINKING_CUP,1
B07B4MGKWX,DRINKING_CUP,1
B07B4R14Y9,BLANKET,1
B07B4RYGBX,BLANKET,1
B07B4RZ36Z,BLANKET,1
B07B6B73BF,SURFACE_CLEANING_WIPE,3
B07B6T49T5,BAKING_PAN,1
B07B6WFHF3,DRINKING_CUP,1
B07B778SGC,DRINKING_CUP,2
B07B793KF4,BAKING_PAN,1
B07B79PZFV,BAKING_PAN,1
B07B7HBSC8,BLANKET,1
B07B7SZMYQ,PUZZLES,1
B07B7TMCNQ,PUZZLES,1
B07B7XRPS7,TOILET_PAPER,1
B07B8C1RR5,DRINKING_CUP,1
B07B8F91DB,DRINKING_CUP,1
B07B8PZG3X,DRINKING_CUP,1
B07B8TK5N7,DRINKING_CUP,1
B07B8VCC32,BAKING_PAN,1
B07B8VXHLX,PUZZLES,1
B07B8ZLBGS,BLANKET,1
B07B91JC1L,DRINKING_CUP,1
B07B92S1DZ,PUZZLES,1
B07B97NVLC,DRINKING_CUP,1
B07B9MD3QP,DRINKING_CUP,1
B07BB2L9DC,DRINKING_CUP,1
B07BB2LFKN,DRINKING_CUP,1
B07BB2NHMF,DRINKING_CUP,1
B07BB2XBX3,DRINKING_CUP,1
B07BB318PS,DRINKING_CUP,1
B07BB36P2G,DRINKING_CUP,1
B07BB37BMC,DRINKING_CUP,1
B07BB3DBR9,DRINKING_CUP,1
B07BBSRQ26,BLANKET,3
B07BBVWTFP,DRINKING_CUP,1
B07BBYTPJC,DRINKING_CUP,1
B07BBZ78NY,TOILET_PAPER,11
B07BC1QKZX,BLANKET,1
B07BC2JTMZ,TOILET_PAPER,1
B07BC8RQ76,PUZZLES,1
B07BCN273W,DRINKING_CUP,1
B07BDNQ8QQ,DRINKING_CUP,1
B07BDNV8JM,BLANKET,1
B07BDNYLMD,SURFACE_CLEANING_WIPE,1
B07BDQCNJT,DRINKING_CUP,1
B07BDS6K74,BLANKET,1
B07BDTBFNP,BLANKET,2
B07BF2FHKX,PUZZLES,1
B07BF4MHY7,BLANKET,1
B07BFCQWRR,BLANKET,2
B07BFFHCMF,PUZZLES,1
B07BFGBYQ1,BLANKET,1
B07BFGPN6H,BLANKET,1
B07BFGV757,BLANKET,1
B07BFHF5N3,DRINKING_CUP,1
B07BFLBKSN,PUZZLES,1
B07BFRL1B7,DRINKING_CUP,1
B07BFSP8FV,PUZZLES,2
B07BFSYS1K,DRINKING_CUP,1
B07BFT3T81,PUZZLES,1
B07BFT9RVL,PUZZLES,1
B07BFV935T,PUZZLES,1
B07BG3SCHV,TOILET_PAPER,6
B07BG5NX3Y,TOILET_PAPER,9
B07BGD5S7W,BLANKET,1
B07BGGB7R2,BLANKET,1
B07BGJFP7N,DRINKING_CUP,1
B07BGLT25K,TOILET_PAPER,119
B07BGVFLSR,DRINKING_CUP,1
B07BGVZ84Z,BLANKET,3
B07BH3XBL8,DRINKING_CUP,5
B07BH48LDW,DRINKING_CUP,1
B07BH7QPX1,DRINKING_CUP,1
B07BHH3ZZ1,DRINKING_CUP,1
B07BHHJ8C4,DRINKING_CUP,1
B07BHL57RZ,SURFACE_CLEANING_WIPE,5
B07BHT7D7D,DRINKING_CUP,1
B07BHV928L,TOILET_PAPER,1
B07BHXKQ68,DRINKING_CUP,1
B07BHYP9BR,BLANKET,1
B07BHYWB2X,BLANKET,1
B07BJ4GBP2,DRINKING_CUP,1
B07BJ59KZH,BLANKET,1
B07BJ8YH6B,DRINKING_CUP,1
B07BJDLF2F,PUZZLES,1
B07BJFSGJ9,DRINKING_CUP,1
B07BJHCV83,BLANKET,1
B07BJHJ97H,BLANKET,2
B07BJHWNSV,BLANKET,1
B07BJMTJTD,BLANKET,2
B07BKKXVVM,DRINKING_CUP,1
B07BKKYCDS,DRINKING_CUP,1
B07BKLH8V9,DRINKING_CUP,7
B07BKPJ35K,DRINKING_CUP,1
B07BKVBC5L,DRINKING_CUP,1
B07BKW84W5,DRINKING_CUP,1
B07BL4J57G,DRINKING_CUP,1
B07BLL2W9D,DRINKING_CUP,1
B07BLM332Y,DRINKING_CUP,1
B07BLVM6PK,BLANKET,1
B07BLX996P,DRINKING_CUP,1
B07BLZ63CY,BLANKET,1
B07BM2WF72,DRINKING_CUP,1
B07BM35319,BLANKET,1
B07BM35KG6,DRINKING_CUP,1
B07BM51VWC,BLANKET,1
B07BM72ZXT,DRINKING_CUP,1
B07BM9CT64,BLANKET,2
B07BMBM6ST,DRINKING_CUP,1
B07BMBXVZS,BLANKET,1
B07BMC1N55,BLANKET,1
B07BMCKRW9,BLANKET,1
B07BMDP7BZ,DRINKING_CUP,1
B07BMDSS3L,DRINKING_CUP,7
B07BMFH71R,BLANKET,1
B07BMFRWG5,BLANKET,3
B07BMFS9WY,DRINKING_CUP,1
B07BMG59V4,DRINKING_CUP,4
B07BMGSRMS,DRINKING_CUP,2
B07BMH6XDQ,DRINKING_CUP,1
B07BMJFJVF,DRINKING_CUP,1
B07BMK4VRL,BLANKET,1
B07BML51TY,DRINKING_CUP,1
B07BMLNLC8,DRINKING_CUP,1
B07BMLYQ4V,DRINKING_CUP,2
B07BMMDCVQ,DRINKING_CUP,1
B07BMPD3CY,PUZZLES,1
B07BMQ4HVR,BLANKET,1
B07BMQP2GD,BLANKET,1
B07BMR6189,BLANKET,1
B07BMSQMSX,BAKING_PAN,1
B07BMTZY9H,BLANKET,1
B07BN7JFYT,DRINKING_CUP,1
B07BN8K1F2,BAKING_PAN,2
B07BNBTGHD,BLANKET,1
B07BNCWYZ4,BLANKET,1
B07BND8TM6,DRINKING_CUP,1
B07BNRTVX3,DRINKING_CUP,1
B07BNS6CBN,TOILET_PAPER,2
B07BNTDTQT,TOILET_PAPER,5
B07BNVS5RJ,DRINKING_CUP,1
B07BNWCT18,BLANKET,1
B07BNXR5HN,DRINKING_CUP,1
B07BNY42R8,DRINKING_CUP,1
B07BPJQYDN,DRINKING_CUP,1
B07BPP98CD,DRINKING_CUP,1
B07BPXG7B4,DRINKING_CUP,1
B07BPYTKT8,DRINKING_CUP,1
B07BQ1F9N4,DRINKING_CUP,3
B07BQ5C9TL,BLANKET,1
B07BQF9TRD,DRINKING_CUP,1
B07BQNNZG3,BAKING_PAN,2
B07BQV5RWW,TOILET_PAPER,84
B07BQWD5BH,BLANKET,1
B07BQZJ2FD,BLANKET,1
B07BR5MVJS,DRINKING_CUP,2
B07BR8JYFQ,TOILET_PAPER,2
B07BR94K2X,BLANKET,1
B07BRPBQQ8,BLANKET,1
B07BRVJBSP,TOILET_PAPER,1
B07BRWWJYT,TOILET_PAPER,9
B07BS47R66,PUZZLES,1
B07BS4W3C3,DRINKING_CUP,1
B07BSG131J,DRINKING_CUP,1
B07BSHHRG5,PUZZLES,1
B07BSRCMFN,TOILET_PAPER,1
B07BSS2294,TOILET_PAPER,2
B07BSSVFMY,TOILET_PAPER,3
B07BSTWW6M,TOILET_PAPER,10
B07BT45VLN,BAKING_PAN,1
B07BTF7RWJ,DRINKING_CUP,1
B07BTXT8TT,BLANKET,1
B07BV149RD,PUZZLES,1
B07BV1ZCZT,PUZZLES,2
B07BV258LR,DRINKING_CUP,1
B07BV3Q88L,PUZZLES,2
B07BV5NRSP,PUZZLES,1
B07BV8ZYQN,BLANKET,1
B07BVQKXVF,DRINKING_CUP,1
B07BVTDT9N,BAKING_PAN,1
B07BW6MF4Z,PUZZLES,1
B07BW9BZQT,BLANKET,2
B07BWF7HX3,BLANKET,1
B07BWGR29C,DRINKING_CUP,1
B07BWQHFD6,TOILET_PAPER,4
B07BX2NGL2,DRINKING_CUP,1
B07BX31W7Z,DRINKING_CUP,1
B07BX328ZK,DRINKING_CUP,1
B07BX3FYMR,BLANKET,2
B07BX3LXFZ,TOILET_PAPER,3
B07BX4QSBV,BLANKET,3
B07BX5RLMH,BLANKET,4
B07BXJM6QN,PUZZLES,1
B07BXT15CT,PUZZLES,1
B07BXYH8J3,BLANKET,1
B07BY2B9FM,BLANKET,1
B07BY3863T,DRINKING_CUP,3
B07BY64Q9S,BAKING_PAN,4
B07BYF5LBL,DRINKING_CUP,1
B07BYV5YV8,DRINKING_CUP,1
B07BZHZ2SR,DRINKING_CUP,1
B07BZJR6Z7,DRINKING_CUP,1
B07BZW1QYN,PUZZLES,1
B07C12VFR9,BLANKET,1
B07C14LN6V,DRINKING_CUP,1
B07C18T8DH,BLANKET,1
B07C193MKM,BLANKET,1
B07C1DGDQ5,BLANKET,1
B07C1GN2LK,BLANKET,1
B07C1KXDDG,BLANKET,1
B07C1LNZFB,BLANKET,1
B07C1P4QWH,BLANKET,5
B07C1PBDLX,BLANKET,3
B07C1Q5F7B,DRINKING_CUP,1
B07C1VPCFP,BLANKET,3
B07C1VPH6K,BLANKET,1
B07C1Y927K,BLANKET,3
B07C1Z7567,DRINKING_CUP,1
B07C26FWZT,BAKING_PAN,1
B07C2F9TGS,BLANKET,2
B07C2MCQC4,BLANKET,1
B07C2QTYDG,DRINKING_CUP,1
B07C2S4YTP,BLANKET,1
B07C2XW1QR,TOILET_PAPER,42
B07C34X1P4,DRINKING_CUP,3
B07C39RVVS,BLANKET,1
B07C3KBBKK,TOILET_PAPER,1
B07C3KL858,BLANKET,1
B07C3QZXJC,DRINKING_CUP,2
B07C3Z6K75,DRINKING_CUP,1
B07C42R664,DRINKING_CUP,1
B07C472LFS,BLANKET,1
B07C4WZLNX,BLANKET,1
B07C535MB4,BLANKET,1
B07C56T27P,DRINKING_CUP,1
B07C5BMB7X,TOILET_PAPER,2
B07C5NHSCC,DRINKING_CUP,1
B07C5P6FJY,BLANKET,1
B07C5V9L98,DRINKING_CUP,1
B07C5VHZWL,BLANKET,1
B07C5VLF24,DRINKING_CUP,1
B07C62QZJV,DRINKING_CUP,1
B07C6FP4HJ,BAKING_PAN,1
B07C7134G6,PUZZLES,1
B07C7LGLVF,DRINKING_CUP,1
B07C7N95VQ,BLANKET,1
B07C82S1SJ,BLANKET,1
B07C8FW2FZ,DRINKING_CUP,1
B07C8GBL8P,DRINKING_CUP,1
B07C8GTZLF,DRINKING_CUP,1
B07C8L4CTZ,BLANKET,3
B07C96DMF6,BLANKET,1
B07C97VRHR,DRINKING_CUP,1
B07C9CJ697,DRINKING_CUP,1
B07C9FX3N5,BLANKET,1
B07C9JYF2W,TOILET_PAPER,74
B07C9N1GXD,BLANKET,2
B07C9RSWQZ,DRINKING_CUP,1
B07C9X7552,PUZZLES,4
B07C9YTNX4,BAKING_PAN,1
B07CB5X7RF,TOILET_PAPER,56
B07CB7N8R1,TOILET_PAPER,7
B07CBFY9GM,DRINKING_CUP,1
B07CBHPBJQ,DRINKING_CUP,3
B07CBN1T3X,DRINKING_CUP,1
B07CBPWQZT,BLANKET,1
B07CBR7Y7V,BLANKET,2
B07CBTF1R8,BLANKET,2
B07CBVS4W2,DRINKING_CUP,1
B07CBYR1R5,DRINKING_CUP,1
B07CCB5H9L,BLANKET,2
B07CCG7R9T,PUZZLES,1
B07CCSGPQK,DRINKING_CUP,1
B07CDCMRJD,DRINKING_CUP,3
B07CDRLTKC,DRINKING_CUP,2
B07CFWSWW9,BLANKET,1
B07CG2P4WR,BLANKET,1
B07CG5VV6G,PUZZLES,1
B07CG6JGJP,BAKING_PAN,2
B07CG6X524,DRINKING_CUP,1
B07CGGKG6L,DRINKING_CUP,1
B07CGNNBZG,DRINKING_CUP,1
B07CH8J1XQ,DRINKING_CUP,1
B07CHJYGD1,DRINKING_CUP,1
B07CHZP8PS,DRINKING_CUP,1
B07CJ1P19M,DRINKING_CUP,2
B07CJ21N3C,PUZZLES,1
B07CJ29TGX,PUZZLES,2
B07CJ7XKG1,BLANKET,1
B07CJPRX4G,PUZZLES,1
B07CJWSH8Z,DRINKING_CUP,1
B07CK5836J,DRINKING_CUP,1
B07CKKTS4D,DRINKING_CUP,1
B07CKXG11T,SURFACE_CLEANING_WIPE,1
B07CLGNYL3,DRINKING_CUP,1
B07CLYH6ZX,BAKING_PAN,1
B07CM3YXZ5,PUZZLES,2
B07CM5GMXW,PUZZLES,4
B07CMCQDG9,SURFACE_CLEANING_WIPE,10
B07CMJ9HQ7,BLANKET,1
B07CML438M,DRINKING_CUP,1
B07CMSVJZL,DRINKING_CUP,1
B07CMT9P6B,BLANKET,1
B07CMVLJZ3,DRINKING_CUP,1
B07CMYDJD5,PUZZLES,1
B07CMZ4JQM,BLANKET,2
B07CNCV8YR,DRINKING_CUP,1
B07CNHSCLQ,BLANKET,1
B07CNL31MJ,DRINKING_CUP,1
B07CNNJQDP,DRINKING_CUP,2
B07CNPC6LS,BLANKET,2
B07CNR317D,DRINKING_CUP,1
B07CNSHMQ7,DRINKING_CUP,1
B07CNV26RF,DRINKING_CUP,1
B07CNV35BQ,DRINKING_CUP,1
B07CP3BVM8,BLANKET,1
B07CPDJFK6,BLANKET,1
B07CPP9HZL,DRINKING_CUP,1
B07CPPFLNN,PUZZLES,1
B07CPRBCXV,PUZZLES,1
B07CPRK3DS,PUZZLES,1
B07CPSSC8C,PUZZLES,1
B07CPTSVS9,BAKING_PAN,1
B07CQ58PYY,BLANKET,1
B07CQBF3DJ,PUZZLES,1
B07CQBG4NS,PUZZLES,1
B07CQBMSR5,DRINKING_CUP,1
B07CQCBD8C,BLANKET,1
B07CQGL2T9,DRINKING_CUP,2
B07CQT26ZY,DRINKING_CUP,1
B07CQTQSYP,DRINKING_CUP,1
B07CQXHGHY,DRINKING_CUP,1
B07CR842HT,DRINKING_CUP,1
B07CR8KFKQ,DRINKING_CUP,1
B07CR9Q745,PUZZLES,1
B07CRDHWZ9,DRINKING_CUP,1
B07CRG31XD,DRINKING_CUP,1
B07CRR7RFP,PUZZLES,1
B07CRW29V5,BLANKET,1
B07CRZR28L,BLANKET,1
B07CS22B4L,PUZZLES,1
B07CSXVP99,DRINKING_CUP,1
B07CT1Y22J,DRINKING_CUP,1
B07CT3J9NZ,DRINKING_CUP,1
B07CT9CJ5J,BLANKET,3
B07CTNDF9Q,DRINKING_CUP,1
B07CTV2K6R,DRINKING_CUP,1
B07CV3B5PC,DRINKING_CUP,1
B07CV3WMVS,DRINKING_CUP,1
B07CV3ZCB7,DRINKING_CUP,2
B07CV47Z9P,DRINKING_CUP,1
B07CV4881Z,DRINKING_CUP,2
B07CV4DDPF,DRINKING_CUP,1
B07CV4RW4G,DRINKING_CUP,1
B07CV4T3GK,DRINKING_CUP,2
B07CV97JHW,BLANKET,1
B07CVB2WRT,SURFACE_CLEANING_WIPE,22
B07CVB2YP2,SURFACE_CLEANING_WIPE,2
B07CVBTFNL,BLANKET,2
B07CVH1W1K,PUZZLES,1
B07CVJZVSK,DRINKING_CUP,1
B07CVPHZMJ,DRINKING_CUP,1
B07CVQ4271,SURFACE_CLEANING_WIPE,5
B07CVT2N73,BAKING_PAN,1
B07CW8K7FM,DRINKING_CUP,1
B07CWNDBPR,BLANKET,1
B07CWQDN7W,PUZZLES,1
B07CWRQVK2,BLANKET,5
B07CX3TN9V,DRINKING_CUP,1
B07CX73HWP,BLANKET,1
B07CXHLNT2,BLANKET,2
B07CXJNQ8X,DRINKING_CUP,1
B07CXL453D,BLANKET,1
B07CXRWGGN,BLANKET,1
B07CXWLFVL,PUZZLES,2
B07CY244TT,DRINKING_CUP,1
B07CYF1Z6W,DRINKING_CUP,1
B07CYJK5MQ,BLANKET,1
B07CYRGTVX,BLANKET,1
B07CYW7Q9H,DRINKING_CUP,1
B07CZ6XDTY,BLANKET,1
B07CZG8DCY,DRINKING_CUP,1
B07CZKKVBS,BLANKET,1
B07CZM9TWZ,BLANKET,1
B07CZR5Z15,DRINKING_CUP,1
B07CZR944C,DRINKING_CUP,1
B07CZTJKVP,BLANKET,1
B07CZXWH8C,DRINKING_CUP,1
B07D18DKML,DRINKING_CUP,1
B07D18QK21,DRINKING_CUP,1
B07D1BCJLG,DRINKING_CUP,1
B07D1BPMD9,DRINKING_CUP,3
B07D1C2L7B,DRINKING_CUP,1
B07D1CH52K,DRINKING_CUP,1
B07D1FC3JN,BLANKET,1
B07D1G14Z8,BLANKET,2
B07D1MBHTH,DRINKING_CUP,1
B07D276DRM,BLANKET,5
B07D2DPQF2,BLANKET,1
B07D2FY87L,BLANKET,1
B07D2K1835,BLANKET,1
B07D2K4KVX,BLANKET,1
B07D2KTQL4,DRINKING_CUP,2
B07D2N6XGS,BLANKET,1
B07D2WHVS7,BLANKET,1
B07D2WJKTN,BLANKET,2
B07D2WKTQ2,BLANKET,1
B07D2X4WF1,BLANKET,1
B07D2X6M78,BLANKET,1
B07D2XJLLG,DRINKING_CUP,1
B07D32MNS5,DRINKING_CUP,1
B07D34SY4L,BLANKET,1
B07D35G4K8,BLANKET,1
B07D39CM7F,BLANKET,2
B07D3LGH4J,BLANKET,1
B07D3LGN62,BLANKET,1
B07D3M814L,BLANKET,1
B07D3T8FJL,BAKING_PAN,1
B07D3YKKZN,DRINKING_CUP,3
B07D3YM4NP,BLANKET,1
B07D3YQYW2,BLANKET,1
B07D49KVZF,DRINKING_CUP,1
B07D4BF1LY,DRINKING_CUP,3
B07D4BF9B6,DRINKING_CUP,2
B07D4BHX1D,DRINKING_CUP,2
B07D4BNCCM,DRINKING_CUP,5
B07D4BR3ZR,DRINKING_CUP,1
B07D4BRSYG,DRINKING_CUP,2
B07D4BST58,DRINKING_CUP,2
B07D4BTQSJ,DRINKING_CUP,1
B07D4BTSYV,DRINKING_CUP,1
B07D4BTYZG,DRINKING_CUP,3
B07D4BVD2Z,DRINKING_CUP,2
B07D4BVDMC,DRINKING_CUP,3
B07D4BX6XY,DRINKING_CUP,1
B07D4C2BC2,DRINKING_CUP,2
B07D4C2NM3,DRINKING_CUP,1
B07D4FMRKH,DRINKING_CUP,1
B07D4QQKVW,BLANKET,1
B07D537SCT,DRINKING_CUP,1
B07D5497X2,DRINKING_CUP,1
B07D56SJM3,BAKING_PAN,1
B07D57Y83R,PUZZLES,2
B07D57YVQ6,DRINKING_CUP,1
B07D5JBZPT,DRINKING_CUP,1
B07D5MB8XG,BLANKET,1
B07D5PSMRS,DRINKING_CUP,1
B07D637QXM,TOILET_PAPER,1
B07D6MLH2M,DRINKING_CUP,1
B07D6V297Y,BLANKET,1
B07D6VYWXV,BLANKET,1
B07D6WW6FH,DRINKING_CUP,1
B07D6XJ5W9,DRINKING_CUP,1
B07D6XNJYM,DRINKING_CUP,1
B07D6YMR21,DRINKING_CUP,1
B07D714P9D,BLANKET,1
B07D71LVSH,TOILET_PAPER,2
B07D72DRMH,BLANKET,1
B07D757QS6,BLANKET,1
B07D7B1JLY,DRINKING_CUP,1
B07D7L8646,DRINKING_CUP,1
B07D7MYQHQ,BLANKET,1
B07D7NCV9B,BLANKET,2
B07D7TXPXC,BLANKET,1
B07D8244ZD,DRINKING_CUP,1
B07D831LHB,BLANKET,1
B07D83GX44,BLANKET,1
B07D86TDV4,DRINKING_CUP,10
B07D8CHDPH,DRINKING_CUP,1
B07D8DL3K5,PUZZLES,1
B07D8DL775,PUZZLES,1
B07D8GMJ1D,DRINKING_CUP,2
B07D8H3XHS,PUZZLES,1
B07D8JKDRN,PUZZLES,3
B07D8K8J8X,PUZZLES,2
B07D8TBW22,DRINKING_CUP,1
B07D9227XK,DRINKING_CUP,1
B07D93QWXG,DRINKING_CUP,3
B07D99RJ1M,BLANKET,1
B07D9JQ7CN,BAKING_PAN,1
B07D9MN499,PUZZLES,1
B07D9Z39YN,DRINKING_CUP,1
B07D9Z7PDC,BAKING_PAN,1
B07DB51Y12,BAKING_PAN,3
B07DB58X2F,BAKING_PAN,1
B07DB7DS8M,BLANKET,1
B07DBDKDYY,BLANKET,7
B07DBDR1P4,BLANKET,2
B07DBTYZWL,PUZZLES,1
B07DBV1K7F,DRINKING_CUP,1
B07DBY8RN3,PUZZLES,3
B07DBY91ZX,BLANKET,1
B07DC2TGB2,PUZZLES,1
B07DCJZ9Q9,DRINKING_CUP,1
B07DCWK9Y8,BLANKET,1
B07DCZZSM8,DRINKING_CUP,1
B07DD1D6PP,PUZZLES,1
B07DDFNL5C,BLANKET,1
B07DDFP3FN,PUZZLES,1
B07DDNM1ZX,PUZZLES,1
B07DDZJ5DR,PUZZLES,1
B07DF6DDNM,BLANKET,2
B07DFCF6MW,BLANKET,1
B07DFQD9VM,BAKING_PAN,1
B07DFQGLS3,BAKING_PAN,1
B07DFQSV8P,BAKING_PAN,1
B07DFW4BDM,PUZZLES,2
B07DG21J18,BLANKET,1
B07DG534M4,BLANKET,2
B07DGMMM9W,PUZZLES,1
B07DGNF4CM,BLANKET,1
B07DGQ2NSQ,DRINKING_CUP,2
B07DH995HT,BLANKET,1
B07DH9Y95L,BLANKET,2
B07DHB3KGG,BLANKET,1
B07DHB8JD6,BLANKET,1
B07DHPWKWQ,BLANKET,1
B07DHT2FFM,BLANKET,1
B07DHVJ7NZ,DRINKING_CUP,1
B07DHVXQBW,PUZZLES,1
B07DHZ2HY5,PUZZLES,1
B07DJ22T2C,BLANKET,1
B07DJ3RW8R,BAKING_PAN,1
B07DJ78KYT,DRINKING_CUP,1
B07DJVJD9D,BLANKET,1
B07DJY14QF,DRINKING_CUP,1
B07DK261SR,DRINKING_CUP,2
B07DK2VTY1,BLANKET,1
B07DK7NGXF,DRINKING_CUP,1
B07DKM3PJ6,TOILET_PAPER,32
B07DKQGB41,BLANKET,1
B07DKVNBCW,DRINKING_CUP,1
B07DKXLKBS,DRINKING_CUP,1
B07DKZ49JN,BLANKET,1
B07DL5GFKH,DRINKING_CUP,1
B07DL6T2KX,PUZZLES,1
B07DL9LR5S,BLANKET,1
B07DLC8TND,DRINKING_CUP,1
B07DLGVLMQ,BLANKET,1
B07DLHSLL3,BLANKET,1
B07DLHY4HW,BLANKET,1
B07DLMTJC7,BLANKET,1
B07DLNGD2C,DRINKING_CUP,1
B07DLX8WJV,DRINKING_CUP,1
B07DM8DV93,BLANKET,1
B07DM9RDCZ,BLANKET,1
B07DMF4628,PUZZLES,1
B07DMF5Z7F,DRINKING_CUP,5
B07DMWJRR4,DRINKING_CUP,1
B07DN5TPC4,DRINKING_CUP,1
B07DN7MQLX,BLANKET,1
B07DN7NGD8,BLANKET,3
B07DNLPSPV,DRINKING_CUP,1
B07DNMK1W7,BAKING_PAN,1
B07DNMSJ6F,DRINKING_CUP,1
B07DNN4VR2,BLANKET,1
B07DNNVW84,BAKING_PAN,1
B07DNQ5SL6,DRINKING_CUP,1
B07DNZYPLB,BLANKET,1
B07DP722XP,DRINKING_CUP,1
B07DP88GPK,BLANKET,2
B07DPCVXPT,BLANKET,1
B07DPFP53D,PUZZLES,1
B07DPGWXFQ,BAKING_PAN,1
B07DPHLG34,DRINKING_CUP,1
B07DPT2L65,BLANKET,2
B07DPT5397,BLANKET,1
B07DPT6614,BAKING_PAN,1
B07DQBZYHK,DRINKING_CUP,1
B07DQDR1MJ,BLANKET,1
B07DQYKCGG,BLANKET,1
B07DR5B6HG,DRINKING_CUP,1
B07DR84LKZ,PUZZLES,1
B07DR8XWSY,BLANKET,1
B07DRQ2GJK,DRINKING_CUP,1
B07DRTLMDB,DRINKING_CUP,1
B07DRTMSKV,DRINKING_CUP,1
B07DRZ4R1J,DRINKING_CUP,1
B07DSDWS7W,DRINKING_CUP,1
B07DT42VFL,DRINKING_CUP,1
B07DT66R5M,BLANKET,1
B07DTH13DH,BLANKET,1
B07DTL3F4W,DRINKING_CUP,1
B07DTYSD9P,DRINKING_CUP,1
B07DVBRNPK,TOILET_PAPER,23
B07DVCW7T1,DRINKING_CUP,1
B07DVGQW6K,PUZZLES,1
B07DVN9FTJ,BAKING_PAN,2
B07DVTVY9F,BLANKET,1
B07DVYKBQ7,BLANKET,1
B07DW4RCS1,TOILET_PAPER,1
B07DW6492K,BLANKET,1
B07DWLTKKH,BLANKET,1
B07DX3NHQS,DRINKING_CUP,1
B07DX9XGWK,DRINKING_CUP,1
B07DXBVHW9,BAKING_PAN,1
B07DXCZG45,BLANKET,2
B07DXH58P6,DRINKING_CUP,1
B07DXKKTV2,BAKING_PAN,1
B07DXKYLFY,TOILET_PAPER,2
B07DXNTT85,BLANKET,1
B07DXP633F,BLANKET,1
B07DXVHWBZ,PUZZLES,2
B07DY3QZVX,DRINKING_CUP,1
B07DY4H7FP,PUZZLES,1
B07DY4H7G6,PUZZLES,1
B07DY8WHVD,BLANKET,6
B07DYBX4JB,BAKING_PAN,1
B07DYCQKYZ,BAKING_PAN,1
B07DYMD3ZJ,DRINKING_CUP,2
B07DZC4CZ9,BLANKET,1
B07DZCKTNV,DRINKING_CUP,3
B07DZL51NM,BLANKET,1
B07DZSM9MN,BLANKET,3
B07F173FGH,DRINKING_CUP,2
B07F1GYQGS,DRINKING_CUP,1
B07F1KLYVH,TOILET_PAPER,4
B07F1NH91D,DRINKING_CUP,1
B07F1NQ4MV,DRINKING_CUP,1
B07F1SPFPC,BLANKET,1
B07F1T1JB1,DRINKING_CUP,1
B07F1VMXFZ,DRINKING_CUP,1
B07F1XNBW8,BAKING_PAN,1
B07F1YM26C,DRINKING_CUP,1
B07F1YSBJK,BLANKET,2
B07F21H6YL,SURFACE_CLEANING_WIPE,2
B07F21Q3SG,BLANKET,1
B07F23CVHS,BLANKET,3
B07F246YG1,SURFACE_CLEANING_WIPE,132
B07F248PHS,BLANKET,1
B07F24HVRR,SURFACE_CLEANING_WIPE,14
B07F267D33,BLANKET,1
B07F27K5R2,BLANKET,1
B07F27NBLD,DRINKING_CUP,1
B07F2BRR3J,BLANKET,1
B07F2HGT1L,BLANKET,1
B07F2HZVST,SURFACE_CLEANING_WIPE,15
B07F2J2GX9,DRINKING_CUP,1
B07F2KDZLY,DRINKING_CUP,1
B07F2MNNRB,DRINKING_CUP,1
B07F2NKS5Y,DRINKING_CUP,1
B07F2PQBWH,DRINKING_CUP,1
B07F2Q7865,DRINKING_CUP,1
B07F2S747P,DRINKING_CUP,2
B07F2STG42,PUZZLES,1
B07F2T2F68,DRINKING_CUP,1
B07F2VDSLK,DRINKING_CUP,1
B07F35SPDF,DRINKING_CUP,1
B07F37YN9D,DRINKING_CUP,1
B07F3BYGMV,BAKING_PAN,1
B07F3FMJZ5,DRINKING_CUP,1
B07F3L2GX6,DRINKING_CUP,1
B07F3X852V,DRINKING_CUP,1
B07F4128P2,DRINKING_CUP,2
B07F42L3SX,PUZZLES,1
B07F42P11B,PUZZLES,1
B07F42XGMN,BLANKET,1
B07F433FB7,BLANKET,1
B07F43F2YL,BLANKET,2
B07F4B8K1L,DRINKING_CUP,1
B07F4RBGX4,BLANKET,1
B07F5P4KMM,DRINKING_CUP,1
B07F5QSSGH,DRINKING_CUP,1
B07F5SC6YH,BLANKET,1
B07F5SRDTC,BLANKET,1
B07F5T5XT8,BLANKET,1
B07F62C24H,BLANKET,1
B07F62CNZ2,DRINKING_CUP,1
B07F6362NT,DRINKING_CUP,2
B07F66D784,DRINKING_CUP,1
B07F6FR5KW,DRINKING_CUP,1
B07F6M141M,DRINKING_CUP,1
B07F6WTPMN,BLANKET,2
B07F6YSSYT,BLANKET,1
B07F749QRP,BLANKET,1
B07F75XMRQ,BLANKET,1
B07F7C8CD9,BLANKET,1
B07F7J2YWW,DRINKING_CUP,1
B07F7V6X6L,BAKING_PAN,5
B07F7VCZN4,BLANKET,3
B07F7WVK6Y,PUZZLES,1
B07F898M14,DRINKING_CUP,1
B07F8NM81P,PUZZLES,1
B07F8RRZ9L,BLANKET,1
B07F9HXJ6D,BLANKET,1
B07F9M8ZC5,BLANKET,1
B07F9RV2YM,DRINKING_CUP,1
B07F9RWB8Y,DRINKING_CUP,1
B07F9Z296V,DRINKING_CUP,1
B07FB47JGH,DRINKING_CUP,2
B07FC4CR8J,DRINKING_CUP,1
B07FCDHDTR,BLANKET,1
B07FCHYHBC,BLANKET,1
B07FCJTYPV,BLANKET,2
B07FCVLK6Y,BLANKET,1
B07FCVVD9T,PUZZLES,1
B07FD1PLGS,BLANKET,1
B07FDQR6D1,DRINKING_CUP,1
B07FDRMFD2,BAKING_PAN,1
B07FF2CRC8,DRINKING_CUP,1
B07FF6LVMB,DRINKING_CUP,1
B07FFKYJGR,DRINKING_CUP,5
B07FFQYB52,BLANKET,1
B07FFTM73T,BLANKET,1
B07FGBDD3D,DRINKING_CUP,1
B07FGBSF45,TOILET_PAPER,194
B07FGQSVS7,BLANKET,2
B07FH83HWR,DRINKING_CUP,1
B07FHLRSVS,PUZZLES,1
B07FJMPZ71,BLANKET,1
B07FJPTWQL,PUZZLES,1
B07FK13W6J,BAKING_PAN,3
B07FK63PSH,DRINKING_CUP,4
B07FK82CCT,DRINKING_CUP,1
B07FKBF8N9,PUZZLES,1
B07FKM7VT9,DRINKING_CUP,1
B07FKNN3GV,BLANKET,1
B07FKQPJX4,PUZZLES,3
B07FKSJPX8,DRINKING_CUP,1
B07FKV6GSK,DRINKING_CUP,1
B07FKVQHYZ,DRINKING_CUP,1
B07FKW2VY8,BLANKET,1
B07FL1QG1Y,BLANKET,1
B07FL1QHNQ,BLANKET,1
B07FL3SSQJ,BLANKET,1
B07FL4WVVS,BLANKET,1
B07FL4XXQ7,BLANKET,1
B07FL9QH3P,DRINKING_CUP,1
B07FLBMZHC,BLANKET,1
B07FLZ6NL1,BLANKET,1
B07FLZ9R74,BLANKET,1
B07FM5HLMF,DRINKING_CUP,12
B07FMBSC3W,DRINKING_CUP,1
B07FMBWPYR,DRINKING_CUP,3
B07FMDHX3H,BLANKET,1
B07FMMF5F7,BLANKET,1
B07FMPDNYY,DRINKING_CUP,1
B07FMSLW4D,BLANKET,1
B07FN611HD,BAKING_PAN,1
B07FN84899,DRINKING_CUP,1
B07FNC2L76,PUZZLES,1
B07FNC3J4Q,DRINKING_CUP,1
B07FNDB2NV,DRINKING_CUP,1
B07FNF8GLC,DRINKING_CUP,1
B07FNJ1T11,PUZZLES,2
B07FNLKK18,PUZZLES,1
B07FNPZLGZ,BAKING_PAN,1
B07FNQX5W6,DRINKING_CUP,1
B07FNW66G2,DRINKING_CUP,1
B07FNZYS8W,DRINKING_CUP,1
B07FP1P98H,DRINKING_CUP,1
B07FP2TQG1,DRINKING_CUP,1
B07FP5484H,DRINKING_CUP,9
B07FP6ZPVC,BLANKET,1
B07FPR2LY1,BAKING_PAN,1
B07FPRBMVP,BLANKET,1
B07FPWVVTN,DRINKING_CUP,5
B07FPXSQF3,BLANKET,1
B07FQDT28L,BLANKET,1
B07FQLTCZX,DRINKING_CUP,1
B07FQNHHPJ,BLANKET,1
B07FQSHM4T,DRINKING_CUP,1
B07FQTRKQG,DRINKING_CUP,2
B07FQTXS24,PUZZLES,1
B07FQWF3VP,DRINKING_CUP,2
B07FQY2SJ4,DRINKING_CUP,1
B07FQZ6TGX,PUZZLES,1
B07FR6P9TK,PUZZLES,1
B07FRFYRCV,PUZZLES,1
B07FRQNFS6,BLANKET,1
B07FRXC59C,BAKING_PAN,1
B07FS3N5CT,BLANKET,1
B07FS9QNJL,PUZZLES,1
B07FSBJPH4,DRINKING_CUP,1
B07FSFW3VQ,TOILET_PAPER,1
B07FSNBDM4,BLANKET,1
B07FT8H5XV,BAKING_PAN,1
B07FTCHTCB,PUZZLES,1
B07FTCRY7Z,BLANKET,1
B07FTHDTCV,DRINKING_CUP,1
B07FTHMVDB,BLANKET,1
B07FTLZ1SC,BLANKET,1
B07FTV44VY,BAKING_PAN,1
B07FTWZBRJ,BLANKET,1
B07FTYKX34,BLANKET,1
B07FTZ74NL,BLANKET,1
B07FV1HZRR,DRINKING_CUP,1
B07FVKGXDB,BLANKET,1
B07FVSTB4W,BLANKET,1
B07FXW98LV,BLANKET,1
B07FXYY9VM,BLANKET,1
B07FXZ3VC5,SURFACE_CLEANING_WIPE,1
B07FY1VGRG,DRINKING_CUP,1
B07FY2XKZP,BLANKET,1
B07FY339CF,BLANKET,2
B07FY4WXJZ,BAKING_PAN,4
B07FY785WB,DRINKING_CUP,1
B07FY9V17M,BAKING_PAN,1
B07FYPPMPX,DRINKING_CUP,1
B07FYRSMST,BLANKET,1
B07FYZ8CV3,DRINKING_CUP,1
B07FZ223L9,DRINKING_CUP,1
B07FZMNKSM,DRINKING_CUP,1
B07FZY181K,DRINKING_CUP,1
B07FZYBXVD,DRINKING_CUP,1
B07G1MKQJH,BLANKET,1
B07G1XQ1NQ,DRINKING_CUP,1
B07G23MH2Y,DRINKING_CUP,1
B07G2CDLK5,DRINKING_CUP,1
B07G2CZS8M,DRINKING_CUP,1
B07G2F7DCH,PUZZLES,1
B07G2GB9FD,BLANKET,1
B07G2KS37P,BLANKET,1
B07G2LHH75,BLANKET,1
B07G2MDDKN,DRINKING_CUP,1
B07G2MW5SF,PUZZLES,1
B07G2NM611,BLANKET,1
B07G2SL6GK,DRINKING_CUP,1
B07G2SLPXW,PUZZLES,1
B07G2SNLJD,PUZZLES,1
B07G2SRMHL,BAKING_PAN,1
B07G2THSWW,DRINKING_CUP,1
B07G2TNNF8,PUZZLES,1
B07G2V4F8P,BLANKET,1
B07G2VW1J8,BLANKET,1
B07G3SG3Z2,DRINKING_CUP,1
B07G3SGX5F,BLANKET,1
B07G42QCCG,PUZZLES,1
B07G42W8PY,BLANKET,1
B07G4B17JT,DRINKING_CUP,1
B07G4HXDXK,DRINKING_CUP,1
B07G4L7WMY,DRINKING_CUP,2
B07G4VT3X6,DRINKING_CUP,1
B07G4XWF5X,PUZZLES,1
B07G4ZJKNK,PUZZLES,2
B07G54K2BQ,BLANKET,1
B07G55XYMY,PUZZLES,1
B07G5LNLQT,DRINKING_CUP,1
B07G6644R8,BLANKET,1
B07G6TPK6H,BAKING_PAN,1
B07G716D31,PUZZLES,1
B07G75RX22,DRINKING_CUP,1
B07G76BV21,BAKING_PAN,2
B07G7BB5GX,DRINKING_CUP,1
B07G7BV2MD,DRINKING_CUP,1
B07G7D3PSP,DRINKING_CUP,1
B07G7GP58H,DRINKING_CUP,1
B07G7MQHG1,BLANKET,1
B07G7WFR12,BLANKET,1
B07G81GQ3Q,BLANKET,1
B07G87K7BD,PUZZLES,1
B07G89HYXM,BLANKET,1
B07G8B746Q,BLANKET,1
B07G8HW7L2,DRINKING_CUP,4
B07G8JF9GW,DRINKING_CUP,1
B07G8QF2N5,PUZZLES,3
B07G8RSPDP,PUZZLES,1
B07G8RSY8H,PUZZLES,1
B07G8ZVWMR,PUZZLES,1
B07G8ZXH12,PUZZLES,1
B07G95N8Q3,PUZZLES,1
B07G96L2GX,PUZZLES,2
B07G98QSS1,DRINKING_CUP,1
B07G9HD7K5,BLANKET,2
B07G9NF3ZR,BLANKET,1
B07G9PBGBW,BLANKET,1
B07G9PMX6H,DRINKING_CUP,1
B07G9QTR4J,BLANKET,1
B07G9YDTL4,PUZZLES,2
B07GBCXHHH,BLANKET,1
B07GBFXGPX,DRINKING_CUP,1
B07GBH6P6W,DRINKING_CUP,1
B07GBHMWSN,BLANKET,1
B07GBJGCMN,BLANKET,3
B07GBNB9HQ,DRINKING_CUP,1
B07GBNCSK4,DRINKING_CUP,1
B07GBWYLX4,BLANKET,1
B07GBX5J32,PUZZLES,1
B07GCF4TVK,TOILET_PAPER,1
B07GCS7DD4,BLANKET,1
B07GD2M3VS,BAKING_PAN,1
B07GD3TR6J,DRINKING_CUP,1
B07GD88V1J,BLANKET,2
B07GDM4G2Y,DRINKING_CUP,1
B07GDM64HK,BLANKET,2
B07GDM7Y1C,BLANKET,1
B07GDQBX21,DRINKING_CUP,1
B07GDRDCSS,BLANKET,1
B07GDXF6L2,DRINKING_CUP,1
B07GDZJ663,DRINKING_CUP,1
B07GF793T6,DRINKING_CUP,1
B07GF9421C,PUZZLES,11
B07GFLKHVZ,SURFACE_CLEANING_WIPE,1
B07GFT4HBT,BLANKET,1
B07GG598ZS,DRINKING_CUP,8
B07GG5LJB5,DRINKING_CUP,1
B07GG6KDFB,PUZZLES,1
B07GGYLCMB,DRINKING_CUP,1
B07GHD6YFV,BLANKET,3
B07GJ3ZCP8,BAKING_PAN,1
B07GJ8SSK8,DRINKING_CUP,1
B07GJJC9GR,DRINKING_CUP,1
B07GJWCPLS,BAKING_PAN,1
B07GKY5K67,BLANKET,1
B07GKY5K68,BLANKET,2
B07GL55KSN,DRINKING_CUP,1
B07GL6Z1X3,DRINKING_CUP,2
B07GLCYR5S,BLANKET,10
B07GLGJLZ9,DRINKING_CUP,1
B07GLJBTP5,BLANKET,1
B07GLRJGCZ,BLANKET,1
B07GN9WDHG,BLANKET,1
B07GNW4Z56,DRINKING_CUP,1
B07GNWJFD2,PUZZLES,1
B07GPJ5XNX,BAKING_PAN,6
B07GPNK997,DRINKING_CUP,1
B07GQ2N3YN,BAKING_PAN,1
B07GQ37LGV,DRINKING_CUP,1
B07GQ7JD8H,DRINKING_CUP,1
B07GQD8TY5,DRINKING_CUP,1
B07GQWKFC1,PUZZLES,1
B07GRD9HGZ,DRINKING_CUP,1
B07GRL762Y,DRINKING_CUP,1
B07GRN4C3F,BAKING_PAN,1
B07GRSW96N,BLANKET,1
B07GSH4941,BLANKET,2
B07GSJKTVM,BAKING_PAN,2
B07GSK5KLP,BLANKET,1
B07GT265BM,PUZZLES,1
B07GT7TX2Z,BLANKET,2
B07GTBJ217,DRINKING_CUP,1
B07GTBS7D2,BLANKET,1
B07GV33CVD,TOILET_PAPER,1
B07GV5JKCX,DRINKING_CUP,1
B07GVCNF3N,BLANKET,1
B07GVCP5W2,DRINKING_CUP,1
B07GVJ5TG7,DRINKING_CUP,1
B07GVJFPGN,DRINKING_CUP,1
B07GVLPZ3M,BLANKET,1
B07GVLSDV7,BLANKET,1
B07GVMPJ8Q,BLANKET,2
B07GVQS8V7,DRINKING_CUP,1
B07GW69SZP,PUZZLES,1
B07GWB6R3P,DRINKING_CUP,1
B07GWH4V48,DRINKING_CUP,6
B07GWHLBJN,PUZZLES,2
B07GWY23X5,DRINKING_CUP,1
B07GX3WCG3,DRINKING_CUP,1
B07GX47Y5Z,DRINKING_CUP,3
B07GX5CBK7,DRINKING_CUP,1
B07GX6V945,DRINKING_CUP,1
B07GXDWVDG,DRINKING_CUP,1
B07GXJ79L6,DRINKING_CUP,1
B07GXLKFDR,BAKING_PAN,1
B07GXRVHVD,BLANKET,1
B07GXYDVNN,DRINKING_CUP,1
B07GY4579W,BLANKET,1
B07GY54H8M,TOILET_PAPER,2
B07GY7QP6V,PUZZLES,1
B07GYBMW69,BAKING_PAN,2
B07GYK4ZPW,BLANKET,1
B07GYLL3DH,DRINKING_CUP,1
B07GYM5X1N,BLANKET,1
B07GYXQZCZ,BLANKET,1
B07GZD6MJB,DRINKING_CUP,1
B07GZDWND6,PUZZLES,1
B07GZYCXD1,BLANKET,2
B07GZZKPNX,DRINKING_CUP,2
B07GZZWDH8,BLANKET,1
B07H12Q7S9,DRINKING_CUP,1
B07H1JPTNG,BLANKET,1
B07H1YL67V,DRINKING_CUP,1
B07H2BBP14,DRINKING_CUP,2
B07H2FBXZG,PUZZLES,2
B07H2M45V1,BLANKET,1
B07H2PSLCW,DRINKING_CUP,1
B07H2TYL2N,BLANKET,1
B07H2Y6474,BLANKET,1
B07H32J736,BLANKET,1
B07H33H7PL,BLANKET,1
B07H38SJVQ,DRINKING_CUP,1
B07H3MW17X,BLANKET,1
B07H3QSXMF,PUZZLES,1
B07H3SNFQN,DRINKING_CUP,4
B07H3WNWM8,DRINKING_CUP,1
B07H44BDM4,BLANKET,1
B07H484PPH,BAKING_PAN,1
B07H48GR7Z,PUZZLES,1
B07H4C2947,PUZZLES,3
B07H4CZ69D,BLANKET,1
B07H4D5CBD,DRINKING_CUP,1
B07H4DPKSC,SURFACE_CLEANING_WIPE,5
B07H4FN8TQ,PUZZLES,1
B07H4G1Y15,PUZZLES,1
B07H4JMT11,DRINKING_CUP,1
B07H4KRX3V,SURFACE_CLEANING_WIPE,1
B07H4P47RN,BLANKET,1
B07H537DTB,PUZZLES,3
B07H556HQR,BLANKET,1
B07H56R525,BLANKET,1
B07H5815W9,DRINKING_CUP,1
B07H5JZQD7,BLANKET,1
B07H5KB2C6,BLANKET,1
B07H5KCT9J,BLANKET,1
B07H5MX4ZK,BLANKET,1
B07H5P4FQV,BLANKET,1
B07H5QD1M6,PUZZLES,1
B07H5STBL3,PUZZLES,1
B07H5SZQKG,PUZZLES,1
B07H5TFNW2,DRINKING_CUP,1
B07H5VM3WJ,PUZZLES,2
B07H658XX5,BLANKET,1
B07H6VRDVZ,BLANKET,1
B07H7489Y9,DRINKING_CUP,1
B07H79JJ8Y,BLANKET,1
B07H7B9LHP,BLANKET,1
B07H7CS62P,BLANKET,2
B07H7G99Q3,DRINKING_CUP,1
B07H7QBCSJ,DRINKING_CUP,1
B07H7T982M,DRINKING_CUP,1
B07H7WZQK6,DRINKING_CUP,1
B07H83WB26,BLANKET,1
B07H84F3CW,BLANKET,1
B07H84MD47,BLANKET,1
B07H84Q2N6,BLANKET,1
B07H86631N,BAKING_PAN,1
B07H88NM6Y,DRINKING_CUP,1
B07H8J55K5,BLANKET,1
B07H8LJTN4,PUZZLES,1
B07H8MWB93,PUZZLES,1
B07H8NB9FQ,PUZZLES,1
B07H8PFC5D,SURFACE_CLEANING_WIPE,1
B07H8T6787,BLANKET,1
B07H8W5K9L,DRINKING_CUP,1
B07H91N2CS,BLANKET,1
B07H9B8M4B,PUZZLES,1
B07H9DS5JP,DRINKING_CUP,1
B07H9PGS8Y,DRINKING_CUP,1
B07HB42CCJ,BLANKET,1
B07HBBSPZG,PUZZLES,1
B07HBRXC9F,DRINKING_CUP,2
B07HBZL9TG,TOILET_PAPER,1
B07HBZNLT4,DRINKING_CUP,1
B07HCD97TV,BLANKET,1
B07HCKS6WC,DRINKING_CUP,1
B07HCLY8FX,PUZZLES,1
B07HCNQH7J,PUZZLES,2
B07HCWBHBQ,DRINKING_CUP,1
B07HCZX52Y,PUZZLES,1
B07HDJS8TQ,PUZZLES,1
B07HDK244K,PUZZLES,1
B07HDKYCWY,PUZZLES,4
B07HDL2QCX,PUZZLES,1
B07HDVVWXM,DRINKING_CUP,1
B07HDWVQRD,DRINKING_CUP,1
B07HDYTQX3,BLANKET,1
B07HF2CR82,BLANKET,1
B07HF379GF,BLANKET,3
B07HF53BH6,BLANKET,1
B07HFB21Y9,PUZZLES,1
B07HFHVCY9,PUZZLES,1
B07HFHWZRL,PUZZLES,1
B07HFJGHKM,DRINKING_CUP,1
B07HFJMQK7,DRINKING_CUP,1
B07HFJY2PP,DRINKING_CUP,1
B07HFK24VX,DRINKING_CUP,1
B07HFKBM49,DRINKING_CUP,1
B07HFMNY8H,BLANKET,1
B07HFQ48L2,PUZZLES,1
B07HFTRB2D,DRINKING_CUP,1
B07HG44568,DRINKING_CUP,1
B07HGFCYQ4,BLANKET,1
B07HGFJ6VV,DRINKING_CUP,3
B07HGKVP2Z,BLANKET,1
B07HH4HZJ4,DRINKING_CUP,1
B07HHKK5KP,BLANKET,1
B07HJC61LY,DRINKING_CUP,1
B07HJF2LJF,PUZZLES,1
B07HKCB6TN,TOILET_PAPER,1
B07HKNFHBD,PUZZLES,1
B07HKPGTKW,DRINKING_CUP,1
B07HKQMLP6,DRINKING_CUP,1
B07HKYD7M6,DRINKING_CUP,1
B07HL2C4JM,BLANKET,2
B07HL79XQB,DRINKING_CUP,14
B07HL7VZXW,DRINKING_CUP,2
B07HLT35WN,BLANKET,3
B07HLZSP5W,BLANKET,1
B07HM686HY,BLANKET,1
B07HMB1N4S,BLANKET,1
B07HMFYLVD,BLANKET,2
B07HMQJ46R,DRINKING_CUP,1
B07HMTJXN7,DRINKING_CUP,2
B07HN8XSRT,DRINKING_CUP,1
B07HNDCGLB,BLANKET,1
B07HNY6WCY,BLANKET,2
B07HNZ58GT,BLANKET,1
B07HP1TQRP,BLANKET,4
B07HP4S7N3,DRINKING_CUP,1
B07HP9XKTP,BLANKET,1
B07HPC33C3,BLANKET,1
B07HPCVNLD,BLANKET,3
B07HPF7L7L,DRINKING_CUP,1
B07HPGQ9QY,DRINKING_CUP,1
B07HQ5JYHR,DRINKING_CUP,1
B07HQBHZ8Q,DRINKING_CUP,1
B07HQDWXHY,DRINKING_CUP,1
B07HQSMC3H,DRINKING_CUP,2
B07HR1P873,PUZZLES,1
B07HRGRX3M,DRINKING_CUP,1
B07HRGTLWZ,PUZZLES,2
B07HRJNJTC,BLANKET,1
B07HRJWVBL,DRINKING_CUP,1
B07HRK8NJD,BLANKET,1
B07HRKPX9J,DRINKING_CUP,1
B07HRRZ6PC,BLANKET,1
B07HS2HLRR,DRINKING_CUP,1
B07HS3XLX2,DRINKING_CUP,1
B07HSTTDJH,DRINKING_CUP,1
B07HSVRQJ2,BLANKET,1
B07HSX2MPM,BLANKET,1
B07HSXBY7S,DRINKING_CUP,3
B07HSZ9LYJ,PUZZLES,1
B07HSZHG57,BLANKET,1
B07HVCZWC3,DRINKING_CUP,1
B07HVZCMB4,BLANKET,1
B07HWYWSD3,BLANKET,1
B07HXD8WWS,DRINKING_CUP,1
B07HXN8C2B,DRINKING_CUP,1
B07HXPN7W7,DRINKING_CUP,1
B07HXXHDY3,BLANKET,1
B07HY1XKNF,DRINKING_CUP,1
B07HYDCKLQ,DRINKING_CUP,1
B07HYG74FP,DRINKING_CUP,1
B07HYPX7RX,BLANKET,1
B07HYYMNG1,DRINKING_CUP,1
B07HYYPT8B,DRINKING_CUP,1
B07HYZMTKX,BLANKET,1
B07J1GNDY5,DRINKING_CUP,1
B07J1NVV87,DRINKING_CUP,1
B07J1V7ZFW,DRINKING_CUP,1
B07J1VKDRL,DRINKING_CUP,1
B07J1XMMXZ,BLANKET,1
B07J1ZVJB5,BLANKET,1
B07J2BQ6CF,BLANKET,1
B07J2N3MZ7,PUZZLES,5
B07J2PF5TW,BLANKET,1
B07J2Q8HTF,DRINKING_CUP,1
B07J2T3JZK,DRINKING_CUP,2
B07J31NNBD,PUZZLES,1
B07J31SJBC,PUZZLES,1
B07J3C3T7B,BAKING_PAN,1
B07J3D77QK,PUZZLES,1
B07J3D9499,PUZZLES,1
B07J4BCG6N,TOILET_PAPER,1
B07J4LL49L,BAKING_PAN,1
B07J4M18X3,DRINKING_CUP,1
B07J4NMXFW,DRINKING_CUP,1
B07J4PPKGR,DRINKING_CUP,1
B07J4WLDJ4,DRINKING_CUP,1
B07J4Y844C,BAKING_PAN,5
B07J53RQ6Y,DRINKING_CUP,1
B07J5696DP,BAKING_PAN,1
B07J57SK59,BLANKET,1
B07J5HYDN2,TOILET_PAPER,2
B07J5VKTYR,DRINKING_CUP,1
B07J5WTX5Z,BLANKET,1
B07J5XCM7L,DRINKING_CUP,1
B07J9R81ZX,DRINKING_CUP,1
B07J9RS4YJ,SURFACE_CLEANING_WIPE,2
B07JB33K3C,BAKING_PAN,1
B07JB5N3YD,BLANKET,1
B07JBDCDYY,BLANKET,1
B07JBJJBHT,PUZZLES,1
B07JBL8WM2,PUZZLES,2
B07JBN8D7C,PUZZLES,1
B07JC3MW6M,BAKING_PAN,1
B07JCC6S1Z,DRINKING_CUP,1
B07JD1G7K6,DRINKING_CUP,1
B07JD4TSQ3,DRINKING_CUP,1
B07JD9PN9K,DRINKING_CUP,1
B07JDGJKVM,PUZZLES,1
B07JDKGD5L,BLANKET,1
B07JDL4ZMH,BLANKET,1
B07JDNCK55,DRINKING_CUP,1
B07JDNKRT4,BLANKET,1
B07JF91Y6M,BLANKET,2
B07JFQQPB4,DRINKING_CUP,3
B07JFRV875,DRINKING_CUP,1
B07JFSD2BB,DRINKING_CUP,2
B07JFXXWHB,DRINKING_CUP,1
B07JFY6HRT,DRINKING_CUP,1
B07JFYYK6X,BLANKET,1
B07JFZQL13,PUZZLES,2
B07JG1RXN5,DRINKING_CUP,1
B07JG3TYTD,DRINKING_CUP,1
B07JG8CL83,DRINKING_CUP,1
B07JGB83F2,DRINKING_CUP,1
B07JGCB1D7,BLANKET,1
B07JGF3CXN,DRINKING_CUP,2
B07JGHF4NP,DRINKING_CUP,1
B07JGKZPKK,BLANKET,1
B07JH199CT,DRINKING_CUP,1
B07JH2YNBT,BLANKET,1
B07JH3M33G,DRINKING_CUP,1
B07JH3Z3N3,BLANKET,1
B07JH4BGPM,BLANKET,1
B07JH97X4M,BLANKET,1
B07JHCW2HL,DRINKING_CUP,1
B07JHGTN1V,BLANKET,2
B07JHLK9K6,DRINKING_CUP,1
B07JHM7FP8,DRINKING_CUP,1
B07JHNJLYH,BLANKET,4
B07JHXKHKB,BAKING_PAN,3
B07JHZC6BJ,DRINKING_CUP,1
B07JHZH6V4,DRINKING_CUP,1
B07JHZNYFQ,BLANKET,3
B07JJ25RCH,DRINKING_CUP,1
B07JJ52TNJ,BLANKET,1
B07JJCJZGG,BLANKET,1
B07JJDG4BX,BLANKET,1
B07JJDNMBQ,PUZZLES,1
B07JJF1S21,PUZZLES,1
B07JJH6DRL,DRINKING_CUP,2
B07JJN2QSZ,PUZZLES,1
B07JJV5YQF,BLANKET,1
B07JJV8ZKB,PUZZLES,1
B07JJXTVTD,DRINKING_CUP,1
B07JJYNRXF,PUZZLES,2
B07JKBM5DR,DRINKING_CUP,1
B07JKFJGT7,BLANKET,1
B07JKHFXSL,BLANKET,1
B07JKT32DD,DRINKING_CUP,2
B07JKZHW4X,BLANKET,1
B07JL7CCVQ,BLANKET,1
B07JL8ZB5R,DRINKING_CUP,1
B07JLM86YJ,BLANKET,1
B07JLTS1WK,BLANKET,1
B07JM1FDLF,PUZZLES,1
B07JM2DP8Y,BLANKET,1
B07JM2T1G4,BLANKET,2
B07JM2XQQJ,DRINKING_CUP,1
B07JM4DTYY,BLANKET,1
B07JMCWNSM,DRINKING_CUP,2
B07JMDB8P9,DRINKING_CUP,1
B07JMFRWV2,BLANKET,1
B07JMG5N6R,DRINKING_CUP,1
B07JMHDNP3,DRINKING_CUP,2
B07JMHPGHF,DRINKING_CUP,1
B07JMKH53Y,DRINKING_CUP,1
B07JMKJ7Z2,DRINKING_CUP,1
B07JMLP31R,BLANKET,3
B07JMV1QC3,BLANKET,1
B07JMVJVWZ,DRINKING_CUP,1
B07JMXMXF6,DRINKING_CUP,1
B07JN2NRX8,BLANKET,1
B07JN9MPG1,DRINKING_CUP,1
B07JNGRCDD,BLANKET,2
B07JNGYGL3,DRINKING_CUP,1
B07JNJPHH9,DRINKING_CUP,1
B07JNJYXTV,DRINKING_CUP,1
B07JNL8KHF,BLANKET,1
B07JNLP3F6,DRINKING_CUP,1
B07JP1R6KW,DRINKING_CUP,1
B07JPHQCL9,BLANKET,1
B07JPM1MZG,BLANKET,1
B07JPMCFNF,DRINKING_CUP,1
B07JQ1WSTT,TOILET_PAPER,2
B07JQ45RHT,BLANKET,1
B07JQ71QWP,DRINKING_CUP,1
B07JQ8C67M,BLANKET,1
B07JQ8DH3N,PUZZLES,1
B07JQ8PHG5,BLANKET,1
B07JQGWVRK,PUZZLES,1
B07JQJT9JG,BLANKET,1
B07JQMHLKD,DRINKING_CUP,1
B07JQWPPSY,DRINKING_CUP,1
B07JR3WFCD,DRINKING_CUP,1
B07JR5P1RL,BLANKET,1
B07JRB34SV,PUZZLES,1
B07JV7HF36,PUZZLES,1
B07JV8B544,BLANKET,1
B07JVBYZQC,DRINKING_CUP,1
B07JVHJYS5,BLANKET,1
B07JVJ3R4P,DRINKING_CUP,1
B07JVJMG84,BAKING_PAN,4
B07JVJQ9XK,BLANKET,1
B07JVK4V33,PUZZLES,1
B07JVLMR1W,DRINKING_CUP,1
B07JVLSSGQ,PUZZLES,1
B07JVM1MMD,PUZZLES,1
B07JVSKPGB,DRINKING_CUP,1
B07JWC4K2R,BLANKET,1
B07JWGMM5H,DRINKING_CUP,1
B07JWKDW8Z,BAKING_PAN,2
B07JX96654,BAKING_PAN,1
B07JXBK7G5,BLANKET,1
B07JXV41J2,BLANKET,1
B07JY6CLVX,TOILET_PAPER,18
B07JY8SXQ4,DRINKING_CUP,2
B07JYCTW12,DRINKING_CUP,1
B07JYF4WXL,PUZZLES,2
B07JYFBVZC,DRINKING_CUP,1
B07JYP61ZV,DRINKING_CUP,1
B07JYT5K56,BLANKET,1
B07JZ4WZ1P,PUZZLES,3
B07JZ56VYB,BLANKET,2
B07JZ691TJ,BLANKET,1
B07JZDMJ3K,DRINKING_CUP,1
B07JZHG9N2,DRINKING_CUP,2
B07JZHQS5W,DRINKING_CUP,1
B07JZHTYS8,DRINKING_CUP,1
B07JZSCXC3,SURFACE_CLEANING_WIPE,3
B07JZZ327D,DRINKING_CUP,1
B07K18WTHK,DRINKING_CUP,1
B07K1QT1T6,BLANKET,1
B07K1QV7RB,SURFACE_CLEANING_WIPE,1
B07K1RB5QM,SURFACE_CLEANING_WIPE,1
B07K1VBCWD,BAKING_PAN,1
B07K1VVWYP,SURFACE_CLEANING_WIPE,1
B07K1ZCP65,SURFACE_CLEANING_WIPE,5
B07K24ZXRP,BAKING_PAN,1
B07K25XKVV,BLANKET,1
B07K2CK8PW,DRINKING_CUP,1
B07K2DLQ75,DRINKING_CUP,1
B07K2LJDQV,BLANKET,1
B07K2LLB81,BLANKET,1
B07K2MRT89,BLANKET,1
B07K2NN4N9,BLANKET,1
B07K2WGH4Z,BAKING_PAN,1
B07K2YPXL6,DRINKING_CUP,1
B07K34XL7Z,DRINKING_CUP,2
B07K3626BS,DRINKING_CUP,1
B07K36G5Z4,DRINKING_CUP,1
B07K3MDGHY,DRINKING_CUP,1
B07K3QL2R5,BLANKET,1
B07K3QSBCB,BLANKET,1
B07K3X3FB7,SURFACE_CLEANING_WIPE,2
B07K41CXB1,DRINKING_CUP,1
B07K43M5HJ,BLANKET,1
B07K4GM368,PUZZLES,1
B07K4V7R57,BLANKET,1
B07K57B72C,BLANKET,1
B07K57T4SQ,BLANKET,1
B07K593QFK,BLANKET,1
B07K5HGNYZ,DRINKING_CUP,2
B07K5YWYL8,DRINKING_CUP,2
B07K65QSV7,DRINKING_CUP,1
B07K685PYJ,BLANKET,1
B07K6FT44T,BLANKET,1
B07K6TQRWY,DRINKING_CUP,1
B07K6V8JFD,PUZZLES,1
B07K6VZLT6,BLANKET,1
B07K6W73VP,DRINKING_CUP,2
B07K6XW8FW,DRINKING_CUP,1
B07K6YBZ9S,DRINKING_CUP,1
B07K7HRLW4,DRINKING_CUP,1
B07K7JCSS9,PUZZLES,1
B07K7LZ8HM,DRINKING_CUP,1
B07K7RQW42,DRINKING_CUP,1
B07K7TNTGT,DRINKING_CUP,1
B07K7TQ2GM,BAKING_PAN,1
B07K7VPQKL,DRINKING_CUP,1
B07K7X249Y,DRINKING_CUP,1
B07K7XJ4TT,DRINKING_CUP,1
B07K7ZVZVL,DRINKING_CUP,1
B07K8878CJ,BLANKET,1
B07K8NK8B1,BLANKET,1
B07K8W7KQX,DRINKING_CUP,1
B07K8XB3TT,BLANKET,1
B07K8XBTCB,DRINKING_CUP,1
B07K9C598D,DRINKING_CUP,2
B07K9PBR1J,BAKING_PAN,1
B07K9XJBH5,DRINKING_CUP,1
B07KBG9Z2D,DRINKING_CUP,1
B07KBH2C8W,BLANKET,2
B07KBJX2CV,BLANKET,4
B07KCDL1FB,PUZZLES,1
B07KCLS5FH,PUZZLES,1
B07KCQTVWW,DRINKING_CUP,1
B07KCS8DWL,BLANKET,1
B07KCVTT8Q,DRINKING_CUP,1
B07KD1YSBT,BLANKET,1
B07KD31T2H,BLANKET,1
B07KDLMYCG,DRINKING_CUP,1
B07KDMT6GS,DRINKING_CUP,1
B07KDQB2F6,DRINKING_CUP,2
B07KDZFC9J,DRINKING_CUP,1
B07KF55W1W,PUZZLES,1
B07KFN4TGJ,BAKING_PAN,1
B07KFPTN5T,DRINKING_CUP,1
B07KFPXCP9,SURFACE_CLEANING_WIPE,5
B07KFQLY74,SURFACE_CLEANING_WIPE,7
B07KFTKDD4,BAKING_PAN,1
B07KFV1LL1,BLANKET,1
B07KFV419T,BAKING_PAN,2
B07KG1FJMY,BLANKET,1
B07KGHPJ7X,DRINKING_CUP,1
B07KGJC1R5,DRINKING_CUP,1
B07KGJRQ3M,BAKING_PAN,1
B07KGMNCHK,BLANKET,1
B07KGP81RQ,BLANKET,1
B07KGPP8V7,TOILET_PAPER,15
B07KH6XQTG,DRINKING_CUP,1
B07KJD5WWZ,DRINKING_CUP,1
B07KJN2NY2,DRINKING_CUP,1
B07KJYQ3ZW,DRINKING_CUP,1
B07KJYQWHR,DRINKING_CUP,2
B07KJZX8H7,DRINKING_CUP,2
B07KJZXH2R,DRINKING_CUP,1
B07KJZXKN9,DRINKING_CUP,2
B07KK5P1XX,DRINKING_CUP,4
B07KKHRJQ4,DRINKING_CUP,1
B07KL7MMTR,BLANKET,1
B07KL874F4,BLANKET,4
B07KLCJ4SQ,BLANKET,2
B07KLDPPP5,BLANKET,1
B07KLZKV7K,BLANKET,1
B07KM7KYJF,BLANKET,1
B07KMCYFBK,DRINKING_CUP,2
B07KMDZNZZ,BLANKET,1
B07KMGKWBS,BLANKET,1
B07KN1KGJY,DRINKING_CUP,1
B07KN82VVP,DRINKING_CUP,1
B07KNPQTRG,DRINKING_CUP,1
B07KP1M17G,DRINKING_CUP,1
B07KP7JTN3,BAKING_PAN,1
B07KP8G2ZY,DRINKING_CUP,1
B07KPDJ6XC,DRINKING_CUP,1
B07KPG6PKQ,BLANKET,1
B07KPHF9GM,PUZZLES,4
B07KPQTG5S,BLANKET,4
B07KQPQQ8G,DRINKING_CUP,2
B07KQRNVDB,BLANKET,1
B07KQSNSF3,BAKING_PAN,1
B07KQVG314,BLANKET,1
B07KQVR2B8,DRINKING_CUP,7
B07KQXLFY4,DRINKING_CUP,2
B07KQY69MT,BLANKET,1
B07KR42JXF,BLANKET,1
B07KR5PQBB,BLANKET,2
B07KR7NVQB,DRINKING_CUP,1
B07KRTYV6L,DRINKING_CUP,1
B07KRX4P9T,DRINKING_CUP,1
B07KRXQWT8,DRINKING_CUP,1
B07KRXQWTB,DRINKING_CUP,1
B07KRZW6BL,BLANKET,1
B07KS17NZC,PUZZLES,1
B07KS184NP,DRINKING_CUP,2
B07KS1TQDT,BLANKET,1
B07KS4XH41,BLANKET,1
B07KS59R2Y,BLANKET,1
B07KS63MPS,BLANKET,1
B07KS6HVP2,BLANKET,1
B07KSJ7VVN,DRINKING_CUP,2
B07KSKN5TD,DRINKING_CUP,1
B07KSTXHMR,DRINKING_CUP,1
B07KSW4K6L,BLANKET,1
B07KSX323V,BLANKET,1
B07KTGZRXX,DRINKING_CUP,1
B07KTPDTL4,BLANKET,1
B07KTSMBGX,PUZZLES,1
B07KTY55W3,BAKING_PAN,1
B07KW5FZMG,PUZZLES,2
B07KW5S141,PUZZLES,1
B07KWDL367,DRINKING_CUP,2
B07KWF8RN6,DRINKING_CUP,1
B07KWFZQG4,DRINKING_CUP,1
B07KWGLFKJ,DRINKING_CUP,1
B07KWKJNF4,BLANKET,3
B07KWNSTRR,TOILET_PAPER,17
B07KWQ5M9W,DRINKING_CUP,1
B07KWRGRQH,DRINKING_CUP,1
B07KWS1QW5,TOILET_PAPER,8
B07KWTVVCF,DRINKING_CUP,1
B07KX12DV5,TOILET_PAPER,1
B07KX4V69S,BLANKET,2
B07KX4XMNQ,BLANKET,1
B07KX64VT8,DRINKING_CUP,2
B07KX75BRR,BLANKET,1
B07KXG126H,BLANKET,1
B07KXNHP3S,PUZZLES,1
B07KXVQ7PJ,DRINKING_CUP,1
B07KXZ61DJ,BLANKET,1
B07KY3X3SK,DRINKING_CUP,1
B07KY4M1SV,DRINKING_CUP,1
B07KY4T41B,DRINKING_CUP,1
B07KY59LGK,DRINKING_CUP,1
B07KY5L81N,DRINKING_CUP,1
B07KYBTNT5,DRINKING_CUP,1
B07KYFKWWR,BLANKET,1
B07KYQR1Z8,DRINKING_CUP,1
B07KYWP2MT,DRINKING_CUP,2
B07KYY39B6,BLANKET,1
B07KZ82QCQ,DRINKING_CUP,1
B07KZFYLYF,BLANKET,2
B07KZPLVY5,BLANKET,1
B07KZV65XV,BAKING_PAN,1
B07KZZ8V9G,BLANKET,1
B07L13THZT,BLANKET,2
B07L1BKQRT,BLANKET,1
B07L1CJY1K,DRINKING_CUP,1
B07L1CNR9W,DRINKING_CUP,1
B07L1GYNQG,DRINKING_CUP,1
B07L1L9LMV,SURFACE_CLEANING_WIPE,4
B07L1PCSWF,DRINKING_CUP,1
B07L2CNCGS,DRINKING_CUP,3
B07L2JSMND,DRINKING_CUP,1
B07L2TF4NC,DRINKING_CUP,1
B07L31MS23,DRINKING_CUP,1
B07L35SK1J,DRINKING_CUP,1
B07L3GY84W,BLANKET,1
B07L3JLBT5,SURFACE_CLEANING_WIPE,1
B07L3KCDB3,BLANKET,2
B07L3KK6JT,SURFACE_CLEANING_WIPE,15
B07L3KTYS9,BAKING_PAN,1
B07L3VW9PB,PUZZLES,1
B07L4942S5,DRINKING_CUP,1
B07L4DHNVK,DRINKING_CUP,7
B07L4DHNVQ,DRINKING_CUP,2
B07L4J1B14,BLANKET,1
B07L4K5M2N,BLANKET,1
B07L4L4DP9,BLANKET,1
B07L52V363,BLANKET,1
B07L5F4Q64,BLANKET,1
B07L5FHTNM,BLANKET,2
B07L5HBBFK,BLANKET,1
B07L5R87Z1,DRINKING_CUP,1
B07L5S9XYG,DRINKING_CUP,1
B07L5SXCH7,BLANKET,1
B07L5TKFQK,BLANKET,1
B07L5TNBGL,BLANKET,1
B07L5TT33N,BLANKET,1
B07L6KPRJ4,DRINKING_CUP,1
B07L6LL95P,DRINKING_CUP,2
B07L6LN1XM,DRINKING_CUP,1
B07L6N2641,DRINKING_CUP,2
B07L6NBJVL,DRINKING_CUP,1
B07L6PD8PJ,DRINKING_CUP,1
B07L78G8VV,DRINKING_CUP,3
B07L7GGMH8,BLANKET,1
B07L7SMV1L,DRINKING_CUP,1
B07L8BJCM4,PUZZLES,1
B07L8JL97K,PUZZLES,1
B07L8NFRN6,DRINKING_CUP,1
B07L8NGN5Q,BLANKET,1
B07L8S4PM5,BAKING_PAN,4
B07L8VLY8S,DRINKING_CUP,1
B07L8VZJW9,DRINKING_CUP,1
B07L94SMBX,DRINKING_CUP,1
B07L9H1S9V,DRINKING_CUP,3
B07L9PXGVR,DRINKING_CUP,10
B07L9Q99TP,BLANKET,1
B07L9QHQSS,DRINKING_CUP,2
B07L9QRWTB,DRINKING_CUP,3
B07L9RG4TC,DRINKING_CUP,2
B07L9RG4WP,DRINKING_CUP,2
B07L9RLRYV,BLANKET,1
B07L9SM57P,DRINKING_CUP,5
B07L9XGKBR,PUZZLES,1
B07LB7MQ3Y,DRINKING_CUP,1
B07LBJGVRD,BLANKET,1
B07LBKWDQL,BLANKET,1
B07LBXPYRL,BLANKET,2
B07LC48LM6,DRINKING_CUP,1
B07LC4LWR7,BLANKET,1
B07LC61PMT,PUZZLES,3
B07LCCZ2Z8,BLANKET,1
B07LCFF4NW,BAKING_PAN,1
B07LCH3PKX,PUZZLES,1
B07LCHQQRG,DRINKING_CUP,1
B07LCRVZ2V,SURFACE_CLEANING_WIPE,3
B07LCRXBWK,SURFACE_CLEANING_WIPE,3
B07LCX8GMB,BLANKET,1
B07LD9ZNZG,BLANKET,1
B07LDX4HRK,DRINKING_CUP,1
B07LF1VN1K,DRINKING_CUP,1
B07LF2W5M8,DRINKING_CUP,1
B07LFPL77N,DRINKING_CUP,1
B07LFTH7DL,DRINKING_CUP,1
B07LFVHR43,BLANKET,1
B07LG3KN5J,DRINKING_CUP,1
B07LGQJRD5,DRINKING_CUP,1
B07LGTZC1G,BLANKET,1
B07LH5N24Z,SURFACE_CLEANING_WIPE,1
B07LHJDGWF,DRINKING_CUP,1
B07M5KDF9W,BLANKET,1
B07M5MJLNS,DRINKING_CUP,1
B07M5MKGBW,DRINKING_CUP,1
B07M5V72WV,BLANKET,1
B07M5WGTJR,DRINKING_CUP,1
B07M63TNHM,PUZZLES,1
B07M63TVYQ,DRINKING_CUP,2
B07M65Q8PV,DRINKING_CUP,1
B07M6FXGLC,BLANKET,1
B07M6PBTZM,BLANKET,1
B07M6PBYYM,BLANKET,1
B07M6QZC13,TOILET_PAPER,9
B07M6R6ZTH,DRINKING_CUP,1
B07M6VG26S,BLANKET,1
B07M6ZHHS2,BLANKET,1
B07M7BSP73,BLANKET,1
B07M7C3MGR,BLANKET,2
B07M7CHM6N,BLANKET,1
B07M7FCKPQ,DRINKING_CUP,1
B07M7MYCD4,DRINKING_CUP,1
B07M7V1D3N,DRINKING_CUP,1
B07M7VQMS8,DRINKING_CUP,1
B07M85TB6V,DRINKING_CUP,1
B07M8BCNQQ,BLANKET,1
B07M8KDPPH,DRINKING_CUP,2
B07M8KM128,DRINKING_CUP,2
B07M8LPP3M,DRINKING_CUP,1
B07M8WSGDJ,DRINKING_CUP,1
B07M92STKK,BLANKET,6
B07M9CJR8W,BAKING_PAN,1
B07M9CXYJ7,DRINKING_CUP,1
B07M9DS2MJ,DRINKING_CUP,1
B07M9DS3S4,DRINKING_CUP,1
B07M9GHXGY,DRINKING_CUP,1
B07M9QQLV9,BLANKET,1
B07M9WN4CM,DRINKING_CUP,1
B07MB19WB4,DRINKING_CUP,1
B07MB1NV1B,BLANKET,1
B07MB6M8ZZ,PUZZLES,1
B07MBGJ129,DRINKING_CUP,1
B07MBGLH8N,BLANKET,2
B07MBPKTV8,DRINKING_CUP,1
B07MBQMHD6,PUZZLES,1
B07MBV5DS7,BLANKET,1
B07MC2XR9V,BLANKET,1
B07MC848SJ,DRINKING_CUP,1
B07MCC4YQ4,DRINKING_CUP,1
B07MCJTPY2,BAKING_PAN,1
B07MCMJ3C4,PUZZLES,2
B07MCVLJ4F,BLANKET,1
B07MCYFSWT,BLANKET,3
B07MCYTG8W,DRINKING_CUP,1
B07MCYV26N,DRINKING_CUP,1
B07MCYVLHB,DRINKING_CUP,1
B07MCYZY3Z,TOILET_PAPER,2
B07MD2CQQP,DRINKING_CUP,1
B07MDG1HKV,DRINKING_CUP,1
B07MDJL4FL,DRINKING_CUP,1
B07MDJP2JW,DRINKING_CUP,1
B07MDJZFB8,BAKING_PAN,1
B07MDKNB9V,PUZZLES,9
B07MDRZ4BV,BLANKET,1
B07MF23HKS,BLANKET,1
B07MF4CR67,BLANKET,2
B07MFCBZ4H,DRINKING_CUP,1
B07MFH1SR2,DRINKING_CUP,1
B07MFJ25H3,DRINKING_CUP,1
B07MFNWRPN,DRINKING_CUP,2
B07MFR3JMG,DRINKING_CUP,1
B07MFRFGZ1,DRINKING_CUP,1
B07MFXKCB1,DRINKING_CUP,1
B07MG4DXFC,DRINKING_CUP,1
B07MGG8L4F,PUZZLES,1
B07MGK8SL7,PUZZLES,1
B07MGL6171,PUZZLES,2
B07MGND9WC,BLANKET,1
B07MHBK8DB,DRINKING_CUP,1
B07MHM248Q,BLANKET,1
B07MHRHQ7Z,BLANKET,2
B07MHT3KDK,PUZZLES,1
B07MHWNKR8,DRINKING_CUP,1
B07MHWSM33,PUZZLES,1
B07MHXPXGL,BLANKET,1
B07MHYW86V,DRINKING_CUP,1
B07MHZV34J,BLANKET,3
B07MJ4W5LN,BLANKET,1
B07MJ7V63C,PUZZLES,1
B07MJ9BWG3,BLANKET,2
B07MJC7R5F,BLANKET,1
B07MJKJWY9,PUZZLES,1
B07MJL1H26,BLANKET,1
B07MJQT1VX,DRINKING_CUP,1
B07MJR3P1H,DRINKING_CUP,11
B07MJTC4R4,DRINKING_CUP,1
B07MJWF21X,DRINKING_CUP,2
B07MK5F4XW,BLANKET,3
B07MK5RN94,DRINKING_CUP,1
B07MK5TC4J,DRINKING_CUP,1
B07MK5THBY,DRINKING_CUP,1
B07MK5TJLR,DRINKING_CUP,1
B07MK5V289,DRINKING_CUP,1
B07MK6ZVZP,DRINKING_CUP,1
B07MK7ZXDB,DRINKING_CUP,1
B07MKDFBTG,BLANKET,1
B07MKFYX16,BAKING_PAN,4
B07MKMGLZR,DRINKING_CUP,3
B07MKQTF1Q,BLANKET,1
B07MKRNW7G,BLANKET,1
B07MKZFDV1,BLANKET,1
B07MKZG1GN,PUZZLES,1
B07ML6LQRX,BLANKET,1
B07ML7C8R2,BLANKET,1
B07MLBSNJP,BAKING_PAN,1
B07MLH3JYH,PUZZLES,1
B07MLV6T81,BLANKET,1
B07MM2SFDD,DRINKING_CUP,1
B07MMFD7ZV,BAKING_PAN,1
B07MMJ5T4J,DRINKING_CUP,2
B07MMPJQ7T,DRINKING_CUP,1
B07MN959CZ,DRINKING_CUP,2
B07MND6R2Q,BLANKET,1
B07MNLD61C,BLANKET,1
B07MNX8NHD,DRINKING_CUP,1
B07MNY2D3D,DRINKING_CUP,1
B07MP2GSKG,PUZZLES,1
B07MP2R8X5,BLANKET,1
B07MP74KN6,BLANKET,1
B07MP7T5R8,BLANKET,1
B07MP955RN,BLANKET,1
B07MP9KWS2,DRINKING_CUP,1
B07MPXB4N4,BLANKET,2
B07MPXTRMR,BLANKET,1
B07MQ1M8L5,DRINKING_CUP,1
B07MQ4Y156,DRINKING_CUP,2
B07MQCNT9B,PUZZLES,4
B07MQG4G6K,DRINKING_CUP,1
B07MQJJMQL,DRINKING_CUP,1
B07MQK646L,DRINKING_CUP,1
B07MQN99N3,DRINKING_CUP,1
B07MQP669M,PUZZLES,1
B07MQQ7YPZ,DRINKING_CUP,1
B07MQT5F8Z,PUZZLES,1
B07MR4FSPT,BLANKET,3
B07MRC5JY1,DRINKING_CUP,2
B07MRGJ5Q3,DRINKING_CUP,1
B07MRJ3DPG,BLANKET,1
B07MRLZD8M,BLANKET,1
B07MS5NRJ1,BAKING_PAN,1
B07MSBCVX3,BLANKET,1
B07MSCYHLB,BLANKET,1
B07MSJPX42,PUZZLES,1
B07MSKBQYZ,DRINKING_CUP,1
B07MTGQBJH,BAKING_PAN,2
B07MTT239X,DRINKING_CUP,1
B07MV2XJ66,DRINKING_CUP,1
B07MV3HNH4,PUZZLES,1
B07MV4LP6S,DRINKING_CUP,1
B07MV6Z896,DRINKING_CUP,1
B07MV7PFBH,DRINKING_CUP,1
B07MVF32TH,PUZZLES,2
B07MVGKZ8T,DRINKING_CUP,1
B07MVHSTTW,TOILET_PAPER,1
B07MVK2NKZ,DRINKING_CUP,1
B07MVKBX9B,PUZZLES,1
B07MVKMR4W,PUZZLES,1
B07MVMNTHW,DRINKING_CUP,1
B07MVNJ5VC,BLANKET,1
B07MVS5BMB,DRINKING_CUP,1
B07MVVFMMK,PUZZLES,4
B07MVWFZ46,PUZZLES,1
B07MVYNQJ4,PUZZLES,1
B07MVYWRFM,PUZZLES,1
B07MVZGF6P,PUZZLES,1
B07MW19PHJ,BLANKET,1
B07MW35PG5,BLANKET,1
B07MW8962Z,BLANKET,1
B07MWC38QN,PUZZLES,1
B07MWGPBWB,PUZZLES,1
B07MWR7634,PUZZLES,1
B07MWRK6MX,PUZZLES,8
B07MWW3YXS,PUZZLES,1
B07MWWLB1L,PUZZLES,1
B07MWYH7M3,PUZZLES,1
B07MWZTY9T,PUZZLES,1
B07MX1TFB5,PUZZLES,1
B07MX21263,PUZZLES,1
B07MXN38SY,PUZZLES,1
B07MXQFD6X,DRINKING_CUP,1
B07MXQJRHF,BLANKET,1
B07MXR635M,DRINKING_CUP,1
B07MXV7V42,BAKING_PAN,1
B07MY13LQJ,PUZZLES,1
B07MY3KPPK,DRINKING_CUP,2
B07MY42KNC,DRINKING_CUP,1
B07MYBB6QZ,BLANKET,1
B07MYXTM9G,BLANKET,1
B07MZ1P69N,DRINKING_CUP,1
B07MZ4K67Y,SURFACE_CLEANING_WIPE,1
B07MZC475V,SURFACE_CLEANING_WIPE,2
B07MZFVBFK,BAKING_PAN,1
B07MZL5D84,DRINKING_CUP,1
B07MZMQF1N,BLANKET,1
B07MZNRWPK,BLANKET,2
B07MZPBKP6,DRINKING_CUP,1
B07MZPDWBH,BLANKET,1
B07MZRQ7WF,DRINKING_CUP,1
B07N11J3Z7,DRINKING_CUP,2
B07N12JD8B,BLANKET,1
B07N17SBF4,BLANKET,1
B07N18GCHY,BLANKET,1
B07N1BHWVG,DRINKING_CUP,1
B07N1BNZS8,DRINKING_CUP,2
B07N1FZ1Z5,PUZZLES,1
B07N1HJRN4,PUZZLES,1
B07N1P9J9R,PUZZLES,1
B07N1PGBCS,BLANKET,1
B07N1WY6YR,DRINKING_CUP,1
B07N281R1W,BLANKET,1
B07N31KHMC,BLANKET,1
B07N32HS5C,DRINKING_CUP,1
B07N364LLW,BLANKET,1
B07N3BP4CC,DRINKING_CUP,1
B07N3BPKLC,DRINKING_CUP,1
B07N3BRXWG,DRINKING_CUP,1
B07N3BXRD8,DRINKING_CUP,1
B07N3C5BM8,DRINKING_CUP,1
B07N448CKG,BLANKET,1
B07N49LG6T,DRINKING_CUP,1
B07N4K6FPB,BAKING_PAN,1
B07N4KQQGB,PUZZLES,1
B07N4KQV4X,PUZZLES,1
B07N4KR48V,PUZZLES,1
B07N4P1LFD,PUZZLES,1
B07N4PGSV3,PUZZLES,2
B07N4PXC64,PUZZLES,2
B07N4PXC66,PUZZLES,1
B07N4Q1WCC,PUZZLES,1
B07N4Q3F6X,PUZZLES,3
B07N4Q71KQ,PUZZLES,2
B07N4Q866P,PUZZLES,6
B07N626TR4,DRINKING_CUP,1
B07N6LJ6PV,BLANKET,1
B07N6MSS3M,BAKING_PAN,2
B07N6N2Y16,BAKING_PAN,4
B07N6N6WW1,BAKING_PAN,10
B07N6NBTB6,BAKING_PAN,5
B07N6NR8Q6,BLANKET,1
B07N6PP2MW,DRINKING_CUP,1
B07N6PP6G7,DRINKING_CUP,2
B07N6PTHLD,DRINKING_CUP,1
B07N6QCJJF,DRINKING_CUP,1
B07N6SYLWN,DRINKING_CUP,1
B07N743XQ6,BLANKET,2
B07N77M5F9,BLANKET,2
B07N7GFJ55,BLANKET,1
B07N7GSGTK,BLANKET,5
B07N7HS9Q5,BLANKET,3
B07N7JCS1G,BAKING_PAN,1
B07N7NLXVS,BLANKET,2
B07N7SJT7K,BLANKET,3
B07N7WQY46,BLANKET,1
B07N7ZTMR8,SURFACE_CLEANING_WIPE,2
B07N8314GM,PUZZLES,1
B07N849G8M,DRINKING_CUP,1
B07N88DGQX,BAKING_PAN,1
B07N8FWLSH,PUZZLES,2
B07N8K6KYH,SURFACE_CLEANING_WIPE,1
B07N8W8F86,DRINKING_CUP,1
B07N8WTX2B,DRINKING_CUP,1
B07N8X96QJ,DRINKING_CUP,1
B07N949YS1,PUZZLES,2
B07N98KS7F,DRINKING_CUP,1
B07N99SHHP,DRINKING_CUP,2
B07N9PJ5QG,PUZZLES,1
B07NBL72WK,DRINKING_CUP,1
B07NBQK56V,DRINKING_CUP,1
B07NBSCVXL,PUZZLES,1
B07NBW43K4,BLANKET,1
B07NC3PXKP,DRINKING_CUP,1
B07NC67VWS,PUZZLES,1
B07NC8MZ4T,PUZZLES,1
B07NC8QLND,BLANKET,1
B07NC8TZYJ,PUZZLES,1
B07NC8YW4W,PUZZLES,3
B07NC8Z2L5,PUZZLES,1
B07NC9F8P1,PUZZLES,1
B07ND3MW45,TOILET_PAPER,174
B07ND3PZYT,TOILET_PAPER,11
B07ND5BB8V,TOILET_PAPER,179
B07ND6HNN3,DRINKING_CUP,1
B07NDNGXD5,DRINKING_CUP,2
B07NF18Y99,DRINKING_CUP,1
B07NF69VK5,PUZZLES,1
B07NF9BL1L,BLANKET,2
B07NFBF12T,DRINKING_CUP,1
B07NFRB7PL,PUZZLES,3
B07NFVGKV7,BLANKET,1
B07NGG467F,DRINKING_CUP,1
B07NGQJFMZ,DRINKING_CUP,1
B07NGXXPK7,BLANKET,1
B07NH2X2NY,PUZZLES,3
B07NJJ75WQ,PUZZLES,1
B07NJP9W64,BLANKET,2
B07NJXLP7V,DRINKING_CUP,1
B07NK31SJL,BLANKET,4
B07NKHGMM8,PUZZLES,2
B07NKZX486,PUZZLES,1
B07NLD2P92,DRINKING_CUP,1
B07NLGDRRD,DRINKING_CUP,1
B07NMLZTQZ,DRINKING_CUP,1
B07NMNNNCX,BLANKET,1
B07NMSL1LT,BLANKET,1
B07NMTPFVW,DRINKING_CUP,1
B07NN2K4D5,DRINKING_CUP,1
B07NN3ZQLJ,DRINKING_CUP,1
B07NNN9597,DRINKING_CUP,1
B07NNRM7SP,PUZZLES,1
B07NNY5TFV,PUZZLES,3
B07NP2PHH3,DRINKING_CUP,1
B07NP3KT7H,DRINKING_CUP,1
B07NPFD75B,DRINKING_CUP,1
B07NPKXDB2,DRINKING_CUP,1
B07NPM5TYP,SURFACE_CLEANING_WIPE,1
B07NPQVJVX,DRINKING_CUP,1
B07NPXDML9,BLANKET,1
B07NQ6CPCQ,BLANKET,1
B07NQ7G11B,BAKING_PAN,1
B07NQ97T39,DRINKING_CUP,1
B07NQDBC6T,BAKING_PAN,1
B07NQGGYMS,BAKING_PAN,2
B07NQPYGYD,DRINKING_CUP,1
B07NQPZF3T,DRINKING_CUP,1
B07NQR1YTT,DRINKING_CUP,1
B07NQRM6ML,DRINKING_CUP,4
B07NQSJRBZ,DRINKING_CUP,1
B07NQWH7QY,DRINKING_CUP,1
B07NRBVB83,BLANKET,1
B07NRZ7GGH,DRINKING_CUP,1
B07NSBC9W8,BLANKET,1
B07NSLK161,DRINKING_CUP,1
B07NSNQXN1,PUZZLES,1
B07NSQVJX7,BLANKET,2
B07NSXGDGS,BLANKET,1
B07NTJXHS2,DRINKING_CUP,1
B07NTKXTXP,BAKING_PAN,2
B07NTXS4TK,BLANKET,1
B07NV11CMV,BLANKET,1
B07NVBT7QP,BAKING_PAN,1
B07NVG6MFZ,DRINKING_CUP,1
B07NVG92M4,DRINKING_CUP,1
B07NVJQTPY,BAKING_PAN,1
B07NVKFZXS,BAKING_PAN,1
B07NVKRR39,DRINKING_CUP,1
B07NVSBPBT,DRINKING_CUP,1
B07NVXV5RH,TOILET_PAPER,4
B07NW5H492,BLANKET,1
B07NW8G7XK,DRINKING_CUP,1
B07NWVFRNH,BAKING_PAN,1
B07NXP8W6R,DRINKING_CUP,1
B07NXR9HTG,BAKING_PAN,1
B07NXRMW89,PUZZLES,1
B07NXW13TC,DRINKING_CUP,1
B07NXW53TP,DRINKING_CUP,1
B07NXW7CHD,BLANKET,1
B07NY11S17,TOILET_PAPER,12
B07NY2DXM6,BAKING_PAN,2
B07NY3Q5SG,DRINKING_CUP,1
B07NY5X3NR,DRINKING_CUP,3
B07NY656MR,BLANKET,2
B07NY88WB1,DRINKING_CUP,1
B07NYBK6GD,BAKING_PAN,1
B07NYMZG35,PUZZLES,1
B07NYW8RXR,BLANKET,1
B07NYYHTMS,DRINKING_CUP,1
B07NZ8NHH7,DRINKING_CUP,1
B07NZBC8D9,PUZZLES,1
B07NZM14BN,DRINKING_CUP,2
B07NZPHQ1B,BLANKET,8
B07NZW9SR9,BAKING_PAN,1
B07P12TRPN,DRINKING_CUP,1
B07P1G8MHJ,DRINKING_CUP,1
B07P1KYTDF,PUZZLES,1
B07P25NX5N,BLANKET,1
B07P25W6VF,DRINKING_CUP,1
B07P2C4Y4Y,PUZZLES,1
B07P2CWTBV,PUZZLES,1
B07P2KRC4B,BAKING_PAN,1
B07P2PJ9WB,BAKING_PAN,1
B07P2VF2KT,BLANKET,1
B07P2WK549,BLANKET,1
B07P31PHP1,BAKING_PAN,1
B07P3HFRSN,DRINKING_CUP,1
B07P3HKBWH,BAKING_PAN,1
B07P3K3C5D,PUZZLES,1
B07P45RZC6,BAKING_PAN,1
B07P4D2YLJ,BAKING_PAN,1
B07P4KYJ6C,PUZZLES,1
B07P4QXD9H,DRINKING_CUP,1
B07P547PDY,BLANKET,1
B07P5MMT19,DRINKING_CUP,1
B07P5PN1LP,DRINKING_CUP,1
B07P5S4Y88,DRINKING_CUP,1
B07P5S6HXD,DRINKING_CUP,1
B07P61HKYM,DRINKING_CUP,1
B07P62BC6J,BLANKET,1
B07P6L5ZJM,BLANKET,1
B07P6PXNXF,BLANKET,1
B07P6SYPP2,PUZZLES,1
B07P716C78,BLANKET,2
B07P79Q7ZW,BLANKET,1
B07P7FRSJK,PUZZLES,2
B07P7RVD5Y,DRINKING_CUP,1
B07P7SCTTX,DRINKING_CUP,1
B07P7T1RDW,DRINKING_CUP,1
B07P83SFMP,DRINKING_CUP,1
B07P867G9K,BLANKET,1
B07P86KB3P,BLANKET,4
B07P86QK9P,BLANKET,2
B07P875L95,BLANKET,1
B07P8LWTKS,DRINKING_CUP,1
B07P8SWL66,BLANKET,1
B07P8WWWKH,BLANKET,1
B07P8Z991H,DRINKING_CUP,1
B07P97S919,DRINKING_CUP,2
B07P97SKYL,DRINKING_CUP,1
B07P99WWZM,BLANKET,2
B07P9PFC8B,PUZZLES,1
B07P9PMQ1P,BLANKET,1
B07P9PRDX2,DRINKING_CUP,1
B07P9TB8KB,DRINKING_CUP,1
B07P9VQDXX,DRINKING_CUP,1
B07P9Y4RMG,BLANKET,1
B07P9ZW1HT,DRINKING_CUP,1
B07PB47CZB,DRINKING_CUP,1
B07PB5M1W3,DRINKING_CUP,1
B07PBB5JVN,DRINKING_CUP,1
B07PBJPSYP,BLANKET,1
B07PBMHBFH,BLANKET,1
B07PBQCQ88,PUZZLES,1
B07PBZ1K88,BLANKET,1
B07PCH2H6N,BLANKET,2
B07PCM28TV,PUZZLES,3
B07PCNF76N,BLANKET,1
B07PDBT86F,BLANKET,1
B07PDN4715,BLANKET,1
B07PDNQRW1,DRINKING_CUP,1
B07PDV9T69,BLANKET,1
B07PF2JL9N,BAKING_PAN,1
B07PF3HX2H,DRINKING_CUP,1
B07PF527DR,DRINKING_CUP,1
B07PF8HJ7S,BLANKET,1
B07PFJ5HNQ,PUZZLES,1
B07PFL9WJ4,BLANKET,1
B07PFLP1NN,DRINKING_CUP,1
B07PFLP38M,DRINKING_CUP,1
B07PFLP7WF,DRINKING_CUP,2
B07PGFTV8T,DRINKING_CUP,2
B07PGHTVRP,DRINKING_CUP,1
B07PGMVVC2,BLANKET,2
B07PGR4DFR,DRINKING_CUP,1
B07PGWR75Y,DRINKING_CUP,1
B07PGX4TD6,DRINKING_CUP,1
B07PGZRC1B,BLANKET,1
B07PH2RQGV,DRINKING_CUP,1
B07PH474WP,DRINKING_CUP,2
B07PHL9MJS,DRINKING_CUP,2
B07PHP5HNB,DRINKING_CUP,1
B07PHQ78NB,BLANKET,3
B07PHQNQD9,DRINKING_CUP,1
B07PHSSZCH,PUZZLES,2
B07PHVTW1Z,DRINKING_CUP,1
B07PHY7YQK,DRINKING_CUP,1
B07PHYFQY5,BLANKET,1
B07PHYT2T5,DRINKING_CUP,1
B07PJ1L11C,DRINKING_CUP,1
B07PJ238NP,DRINKING_CUP,1
B07PJCHQH2,DRINKING_CUP,1
B07PJG9WZY,BAKING_PAN,1
B07PJHQJXB,PUZZLES,1
B07PJL9Z2N,BLANKET,1
B07PJQ1JJW,DRINKING_CUP,1
B07PJRHL4R,DRINKING_CUP,1
B07PJW4GV4,DRINKING_CUP,1
B07PJW5SNC,DRINKING_CUP,1
B07PJWG66T,DRINKING_CUP,1
B07PJYD171,DRINKING_CUP,3
B07PK15RZ1,TOILET_PAPER,1
B07PK19LJ8,TOILET_PAPER,5
B07PK49T2C,BLANKET,1
B07PKDNG9K,DRINKING_CUP,1
B07PKJXZJV,BLANKET,3
B07PL7B98F,DRINKING_CUP,1
B07PL7GM7M,TOILET_PAPER,1
B07PLYTC38,BAKING_PAN,1
B07PM5D5YQ,BLANKET,1
B07PM82QWW,PUZZLES,1
B07PMFT3WY,DRINKING_CUP,1
B07PMFTMZ7,PUZZLES,1
B07PMG2LGJ,BLANKET,1
B07PMHRTN6,BLANKET,1
B07PMQHLVF,DRINKING_CUP,1
B07PMW7BBZ,BAKING_PAN,1
B07PN6M2H1,DRINKING_CUP,2
B07PNCKRJZ,DRINKING_CUP,1
B07PNCSLBN,DRINKING_CUP,2
B07PNFLJ3B,PUZZLES,1
B07PNRHMJF,PUZZLES,1
B07PNS8WBX,BLANKET,1
B07PP43Z56,DRINKING_CUP,3
B07PP4P87J,PUZZLES,1
B07PP59RRT,BAKING_PAN,1
B07PPFSFYJ,DRINKING_CUP,1
B07PPH1RFP,BAKING_PAN,1
B07PPLS46V,PUZZLES,1
B07PPNT73Q,BLANKET,1
B07PPPSLNN,DRINKING_CUP,2
B07PPQ4PGG,DRINKING_CUP,2
B07PPTMW5G,DRINKING_CUP,2
B07PPV6H73,DRINKING_CUP,2
B07PPVMFDL,DRINKING_CUP,2
B07PPVQNYY,PUZZLES,2
B07PPWQNTS,PUZZLES,1
B07PPXB8WC,BLANKET,1
B07PPXN64N,SURFACE_CLEANING_WIPE,2
B07PQ4P4TV,DRINKING_CUP,1
B07PQ76FRX,PUZZLES,1
B07PQ76WLN,PUZZLES,2
B07PQH8ZTX,BAKING_PAN,8
B07PQJNTBT,BLANKET,2
B07PR6S3DZ,DRINKING_CUP,2
B07PRLD3VW,PUZZLES,1
B07PRLW5K9,DRINKING_CUP,1
B07PRPB51J,DRINKING_CUP,1
B07PRR9ZYV,BLANKET,1
B07PRXTVFH,DRINKING_CUP,2
B07PRZ4ZC9,BLANKET,1
B07PRZS9FV,PUZZLES,1
B07PS18NB6,BLANKET,1
B07PS1QV8Z,BLANKET,1
B07PS24CXR,BAKING_PAN,1
B07PS8JKCG,DRINKING_CUP,1
B07PSBY8WG,DRINKING_CUP,1
B07PSGJ3R7,BLANKET,1
B07PSKHB3M,DRINKING_CUP,1
B07PSVHPGS,BAKING_PAN,2
B07PT377TS,DRINKING_CUP,1
B07PT3BSBG,SURFACE_CLEANING_WIPE,1
B07PT3KLXD,PUZZLES,5
B07PT46H76,BLANKET,1
B07PT71R5D,BLANKET,1
B07PTCBSBR,DRINKING_CUP,1
B07PTD8LYW,DRINKING_CUP,1
B07PTZPGLY,DRINKING_CUP,1
B07PTZRW46,DRINKING_CUP,1
B07PV1FZPC,BLANKET,1
B07PV1G5D7,BLANKET,1
B07PV7NCLS,BLANKET,1
B07PVDDTWT,DRINKING_CUP,7
B07PVF9DS4,BLANKET,1
B07PVKW4T8,BLANKET,1
B07PVL2XHY,DRINKING_CUP,3
B07PVLZRHN,BLANKET,30
B07PVRBWV6,DRINKING_CUP,1
B07PVT3C2S,DRINKING_CUP,1
B07PVWZX7Y,DRINKING_CUP,1
B07PVZC47F,BLANKET,1
B07PW4GDZD,BLANKET,1
B07PW4L5H1,PUZZLES,1
B07PW4PGHH,BLANKET,1
B07PW9GLGW,DRINKING_CUP,1
B07PWBBXDV,DRINKING_CUP,1
B07PWF8W6C,BLANKET,1
B07PWGRYJW,BLANKET,1
B07PWMP6T4,SURFACE_CLEANING_WIPE,5
B07PWNJ1FR,DRINKING_CUP,1
B07PWQTT4R,BLANKET,2
B07PX2YQVQ,BAKING_PAN,1
B07PX3Q92S,BLANKET,1
B07PX3YRT5,PUZZLES,1
B07PX9NFXL,BLANKET,1
B07PXH446V,BLANKET,1
B07PXHX5K3,DRINKING_CUP,6
B07PXTJ7ZR,DRINKING_CUP,1
B07PXV5C38,BLANKET,2
B07PXW78WQ,PUZZLES,1
B07PY15V1Y,DRINKING_CUP,1
B07PY29DXS,PUZZLES,1
B07PY4J8PB,DRINKING_CUP,1
B07PY94CLR,DRINKING_CUP,1
B07PYCDJ1M,DRINKING_CUP,1
B07PYLRYTD,BLANKET,1
B07PYN7ZY3,BLANKET,2
B07PYP938R,DRINKING_CUP,1
B07PYTYTNW,BAKING_PAN,1
B07PZ2CQJS,DRINKING_CUP,1
B07PZ78T3G,BLANKET,1
B07PZFBJDS,PUZZLES,1
B07Q1PC9SZ,PUZZLES,1
B07Q1SZBB6,DRINKING_CUP,5
B07Q1SZBB7,DRINKING_CUP,5
B07Q23X9ZF,DRINKING_CUP,1
B07Q2CQBB4,DRINKING_CUP,1
B07Q2NQSZW,DRINKING_CUP,1
B07Q341LLR,BLANKET,1
B07Q392H9G,DRINKING_CUP,1
B07Q393JLQ,PUZZLES,2
B07Q3TBTLJ,DRINKING_CUP,1
B07Q3X6T85,BLANKET,1
B07Q41HC36,BLANKET,1
B07Q42MBW6,BLANKET,1
B07Q44R4V9,DRINKING_CUP,1
B07Q47HXNM,DRINKING_CUP,1
B07Q47KFGS,PUZZLES,1
B07Q4CY1PV,BLANKET,2
B07Q4FJD7L,DRINKING_CUP,1
B07Q4SHKXR,BLANKET,1
B07Q4XVV48,DRINKING_CUP,2
B07Q58D3DZ,PUZZLES,1
B07Q5FBJ9G,BLANKET,1
B07Q5QXSPS,BLANKET,2
B07Q5QZ5K2,DRINKING_CUP,1
B07Q5YS564,PUZZLES,1
B07Q62DMZR,PUZZLES,1
B07Q68YVV8,BLANKET,1
B07Q693WQ1,BLANKET,1
B07Q6CBTJ2,BLANKET,1
B07Q6HQRJP,TOILET_PAPER,1
B07Q6KBJ5C,BAKING_PAN,1
B07Q6SCQKY,DRINKING_CUP,1
B07Q75WRG7,DRINKING_CUP,1
B07Q78S742,BLANKET,3
B07Q794D9J,DRINKING_CUP,1
B07Q7LTRDW,PUZZLES,1
B07Q7LTSY3,PUZZLES,1
B07Q88GF4Y,PUZZLES,1
B07Q893FHC,PUZZLES,1
B07Q8FHCYL,BLANKET,1
B07Q8GLFJX,BLANKET,1
B07Q8NBY2B,PUZZLES,2
B07Q8R1TSJ,BLANKET,1
B07Q8ZT7JL,BLANKET,1
B07Q9JCFM3,DRINKING_CUP,1
B07QB461HM,DRINKING_CUP,1
B07QB4TBZR,DRINKING_CUP,1
B07QBDFY8Q,DRINKING_CUP,1
B07QBF2CD6,DRINKING_CUP,1
B07QBJCF5Y,BLANKET,1
B07QBJD6Y1,BLANKET,1
B07QC34MQB,DRINKING_CUP,1
B07QC4GGGC,DRINKING_CUP,4
B07QC6W18S,DRINKING_CUP,1
B07QC98DXZ,DRINKING_CUP,1
B07QCMZ3BC,BLANKET,1
B07QCTB5LW,BAKING_PAN,1
B07QCXL1CJ,BLANKET,4
B07QCYX3WW,PUZZLES,1
B07QCZ4Y18,DRINKING_CUP,2
B07QD4D1BV,BLANKET,1
B07QD4L2QX,BLANKET,1
B07QD53QRN,BLANKET,1
B07QDBFQK3,DRINKING_CUP,1
B07QDK7SY2,BAKING_PAN,2
B07QDLS877,BLANKET,1
B07QDNK73T,BLANKET,2
B07QDVNCL5,DRINKING_CUP,1
B07QF2TF4D,DRINKING_CUP,1
B07QF3PFC8,DRINKING_CUP,1
B07QF4N2Z8,PUZZLES,1
B07QF59ZF7,BLANKET,1
B07QF5G5HF,DRINKING_CUP,1
B07QF72446,BLANKET,1
B07QFC3PV6,DRINKING_CUP,1
B07QFC6LTB,PUZZLES,1
B07QFC6LW8,PUZZLES,2
B07QFM3B25,BAKING_PAN,2
B07QFQ5JF2,BLANKET,1
B07QG618QT,PUZZLES,3
B07QG6HBHT,PUZZLES,1
B07QG7WDHG,BLANKET,1
B07QGL16YV,DRINKING_CUP,1
B07QGL2WY5,DRINKING_CUP,1
B07QGT52PX,BLANKET,1
B07QGX2FLX,DRINKING_CUP,1
B07QH9TH6X,DRINKING_CUP,1
B07QHB9RY8,DRINKING_CUP,1
B07QHNBFQ3,DRINKING_CUP,1
B07QHQW6RD,PUZZLES,2
B07QHSPTJQ,BLANKET,1
B07QHVM3N2,BLANKET,2
B07QHZYQRC,TOILET_PAPER,1
B07QJ64BZY,DRINKING_CUP,1
B07QJ7R6T9,BAKING_PAN,1
B07QJ8X53C,BLANKET,2
B07QJB7LPP,BAKING_PAN,1
B07QJD152L,DRINKING_CUP,1
B07QK2ZZK7,DRINKING_CUP,1
B07QK4RWCW,DRINKING_CUP,1
B07QKC4PF1,DRINKING_CUP,1
B07QKCBY1W,BLANKET,2
B07QKG4T34,DRINKING_CUP,1
B07QKQQH2X,DRINKING_CUP,1
B07QL3BZH2,BLANKET,1
B07QL3CS19,DRINKING_CUP,1
B07QL9JRQX,DRINKING_CUP,1
B07QLKCXPG,BAKING_PAN,1
B07QLN7Z9H,DRINKING_CUP,1
B07QLQNKYT,DRINKING_CUP,1
B07QLYPWCX,TOILET_PAPER,28
B07QM375K8,BLANKET,1
B07QM4YJ5G,DRINKING_CUP,1
B07QM5RPS8,TOILET_PAPER,1
B07QM7C2NB,BLANKET,2
B07QM83J4Q,BLANKET,1
B07QM9TMQ5,DRINKING_CUP,1
B07QM9XHRQ,DRINKING_CUP,1
B07QMJGC5M,BLANKET,1
B07QMV4XH1,BAKING_PAN,1
B07QMWSYLK,TOILET_PAPER,7
B07QMWVYRD,TOILET_PAPER,13
B07QMY61R8,DRINKING_CUP,1
B07QMYLNF6,DRINKING_CUP,1
B07QN82G93,PUZZLES,6
B07QNB5QG4,BLANKET,1
B07QNBX411,PUZZLES,1
B07QNLH5S6,PUZZLES,1
B07QNR1V7R,DRINKING_CUP,2
B07QNSN4HR,BAKING_PAN,1
B07QNZC6R9,BLANKET,1
B07QNZJ9GT,BLANKET,1
B07QP1NH7Y,DRINKING_CUP,1
B07QP4QHCJ,DRINKING_CUP,1
B07QP691MF,BLANKET,1
B07QP8V18Q,DRINKING_CUP,1
B07QP92F94,PUZZLES,1
B07QPS5CFL,PUZZLES,3
B07QPXK3FF,BLANKET,1
B07QQCBZ7V,DRINKING_CUP,1
B07QQFMLJS,DRINKING_CUP,1
B07QQGY53Z,PUZZLES,1
B07QQJ4QR9,DRINKING_CUP,1
B07QQR3RVM,BAKING_PAN,1
B07QR1TL3M,SURFACE_CLEANING_WIPE,3
B07QR24V9P,DRINKING_CUP,1
B07QRB9CW8,TOILET_PAPER,6
B07QRCG8WZ,DRINKING_CUP,1
B07QRM9N1N,PUZZLES,1
B07QRQSJSB,BLANKET,1
B07QRVLZND,PUZZLES,2
B07QS4PKM4,DRINKING_CUP,1
B07QS6DG3Y,BLANKET,1
B07QSTGVGJ,BLANKET,4
B07QT96RCC,BLANKET,2
B07QTFBZWM,PUZZLES,1
B07QTFC8KX,PUZZLES,1
B07QTFV38H,DRINKING_CUP,1
B07QTHK8K9,BLANKET,8
B07QTJ3YPP,BLANKET,4
B07QTLGJHD,PUZZLES,2
B07QTP9KZB,BAKING_PAN,1
B07QTY454G,DRINKING_CUP,2
B07QTYM5ZT,DRINKING_CUP,1
B07QTZDVPG,BLANKET,1
B07QV4H44Q,BLANKET,1
B07QV4N7HZ,BLANKET,1
B07QV93RLQ,TOILET_PAPER,4
B07QV942J6,TOILET_PAPER,15
B07QVDQ231,PUZZLES,1
B07QVHL4KT,DRINKING_CUP,1
B07QVHRMLF,DRINKING_CUP,1
B07QVPGPTP,PUZZLES,1
B07QVQ2SCC,PUZZLES,2
B07QW2PJSD,DRINKING_CUP,1
B07QW3V8PT,BLANKET,2
B07QW76Q4W,BLANKET,2
B07QW9LQVM,PUZZLES,3
B07QWCPM1W,BLANKET,1
B07QWDLNYR,BLANKET,1
B07QWNQSS4,DRINKING_CUP,1
B07QWPF2YZ,DRINKING_CUP,1
B07QWSLMZZ,BLANKET,1
B07QWTDYL9,BAKING_PAN,1
B07QWZXZ8Z,DRINKING_CUP,1
B07QX1TGZV,BLANKET,1
B07QX21HW2,DRINKING_CUP,1
B07QX3P5FS,BLANKET,1
B07QX3SPB8,BAKING_PAN,1
B07QX3YJLH,BLANKET,25
B07QX5NGBQ,BLANKET,1
B07QXFRBYM,BLANKET,1
B07QXLGJFN,DRINKING_CUP,1
B07QXT2BZQ,PUZZLES,1
B07QYB27WD,BLANKET,1
B07QYTLMBJ,BLANKET,1
B07QYVNNCK,DRINKING_CUP,1
B07QYY5VC6,PUZZLES,1
B07QYZXKYF,DRINKING_CUP,1
B07QZ53RGC,DRINKING_CUP,1
B07QZBDVQ4,DRINKING_CUP,1
B07QZGR129,DRINKING_CUP,1
B07QZQM16D,BLANKET,8
B07QZSQKDT,DRINKING_CUP,1
B07QZWLF9F,PUZZLES,1
B07QZXZN9J,DRINKING_CUP,1
B07QZZVNVZ,DRINKING_CUP,1
B07R129PTW,BLANKET,1
B07R12F1S1,BLANKET,1
B07R14J9QG,BLANKET,1
B07R1D9N6R,BAKING_PAN,1
B07R1S8FYP,DRINKING_CUP,1
B07R1TPZYH,BLANKET,23
B07R1WXTNP,BLANKET,1
B07R1XFBDS,BLANKET,3
B07R1Y4CYK,BLANKET,1
B07R1ZRDPJ,DRINKING_CUP,3
B07R1ZV7D4,DRINKING_CUP,1
B07R1ZYVFP,DRINKING_CUP,2
B07R2KHWD5,BAKING_PAN,1
B07R2KKQ21,BLANKET,1
B07R2N4469,PUZZLES,1
B07R2P33ZR,DRINKING_CUP,1
B07R2Z1VZ1,DRINKING_CUP,1
B07R39WNTC,DRINKING_CUP,1
B07R45MBR7,BLANKET,1
B07R45QQC7,BLANKET,1
B07R49147V,BLANKET,1
B07R4BZKRT,DRINKING_CUP,2
B07R4DZ4R5,BLANKET,2
B07R4PFW74,SURFACE_CLEANING_WIPE,2
B07R4SPDBM,DRINKING_CUP,1
B07R4T8J51,DRINKING_CUP,1
B07R557YN4,DRINKING_CUP,1
B07R55VFKK,DRINKING_CUP,1
B07R56B7WD,DRINKING_CUP,1
B07R5C6DBN,BAKING_PAN,1
B07R5C8CVC,DRINKING_CUP,2
B07R5G1XKC,DRINKING_CUP,1
B07R5HK44R,DRINKING_CUP,2
B07R5HTYBG,BLANKET,1
B07R5WRLSC,BLANKET,1
B07R5WXB63,BLANKET,1
B07R5X2TYZ,BLANKET,1
B07R5Z3W2Z,DRINKING_CUP,1
B07R65WMT1,BAKING_PAN,2
B07R6D1592,BLANKET,1
B07R6JRKJB,DRINKING_CUP,1
B07R6NKG45,DRINKING_CUP,1
B07R6QXJCG,DRINKING_CUP,1
B07R6TMM8Z,DRINKING_CUP,1
B07R7CKRJ5,DRINKING_CUP,1
B07R7K876M,DRINKING_CUP,2
B07R7PFMSN,BLANKET,1
B07R7Q6SD8,PUZZLES,1
B07R81SX79,BAKING_PAN,1
B07R81SX7B,BAKING_PAN,3
B07R84WRM2,BLANKET,1
B07R85YP58,BLANKET,1
B07R86BH5R,BLANKET,1
B07R8F3H6B,BLANKET,2
B07R8JNZN2,DRINKING_CUP,1
B07R8KPBS5,DRINKING_CUP,1
B07R8RC788,BAKING_PAN,1
B07R8T9WL5,BAKING_PAN,2
B07R8VGJ8P,DRINKING_CUP,1
B07R957ZL4,BLANKET,1
B07R95W2WN,DRINKING_CUP,1
B07R9JMRQQ,BLANKET,2
B07R9MRCJT,BLANKET,2
B07R9ZKW43,BAKING_PAN,9
B07RBLV6YS,BLANKET,2
B07RBWYL7F,DRINKING_CUP,1
B07RBZ3RSK,BLANKET,1
B07RCLV4CY,DRINKING_CUP,2
B07RCW63QB,DRINKING_CUP,1
B07RDWLQ7F,DRINKING_CUP,6
B07RDXWP9Q,SURFACE_CLEANING_WIPE,1
B07RFH96T7,BLANKET,1
B07RFQ97FB,BLANKET,1
B07RG7DDTP,DRINKING_CUP,1
B07RG7LLMS,DRINKING_CUP,1
B07RGJ1HPJ,DRINKING_CUP,1
B07RGKBL5G,DRINKING_CUP,1
B07RGLQL5N,DRINKING_CUP,1
B07RGP4R6Q,SURFACE_CLEANING_WIPE,2
B07RGRG3P3,DRINKING_CUP,1
B07RGS6YXP,DRINKING_CUP,1
B07RGTF7SZ,DRINKING_CUP,1
B07RGTRD11,DRINKING_CUP,1
B07RGW63D6,DRINKING_CUP,1
B07RGXDT9F,DRINKING_CUP,1
B07RGXTDD2,BLANKET,1
B07RHBCRP6,DRINKING_CUP,1
B07RHRVXFJ,BLANKET,1
B07RHT1X14,DRINKING_CUP,1
B07RJG8GTQ,DRINKING_CUP,1
B07RJJK894,DRINKING_CUP,1
B07RJNJCMF,BLANKET,1
B07RJRW5LT,BLANKET,1
B07RKQ6MHY,BLANKET,1
B07RKYH547,DRINKING_CUP,1
B07RKYKVPT,BAKING_PAN,2
B07RL5FJZZ,BLANKET,1
B07RLNYT8X,BAKING_PAN,1
B07RLVJ4RN,DRINKING_CUP,2
B07RLWBTNH,BAKING_PAN,1
B07RLWM2Z9,BLANKET,1
B07RLXFJ4K,DRINKING_CUP,1
B07RMTFJ57,BLANKET,1
B07RMYNPD3,BLANKET,2
B07RN2BZFN,DRINKING_CUP,1
B07RN5YG24,DRINKING_CUP,1
B07RN8H4K6,DRINKING_CUP,1
B07RN9KN62,BLANKET,1
B07RNP4LMH,DRINKING_CUP,1
B07RP19YSD,DRINKING_CUP,1
B07RP2G52G,DRINKING_CUP,1
B07RP9DQ3Y,BLANKET,1
B07RPM5TWD,DRINKING_CUP,1
B07RPPZ4D6,PUZZLES,2
B07RPQH4SL,BLANKET,1
B07RPQW51P,DRINKING_CUP,1
B07RPRVXNX,DRINKING_CUP,2
B07RQ74NJK,SURFACE_CLEANING_WIPE,2
B07RQF7MLP,PUZZLES,2
B07RQGCRZF,BAKING_PAN,1
B07RQX4CHB,DRINKING_CUP,1
B07RRCKDKH,BAKING_PAN,2
B07RRDD1LW,DRINKING_CUP,1
B07RRMW29V,DRINKING_CUP,1
B07RRRMVPB,DRINKING_CUP,1
B07RSTM43K,DRINKING_CUP,1
B07RSWG1JF,DRINKING_CUP,1
B07RSWKJDW,BLANKET,2
B07RSWL25B,DRINKING_CUP,1
B07RSZ7W65,PUZZLES,2
B07RTKNCNF,DRINKING_CUP,1
B07RTVQHVK,BLANKET,3
B07RTWCQJB,PUZZLES,1
B07RTWX727,BLANKET,2
B07RTZ9QLQ,PUZZLES,1
B07RTZD7GG,DRINKING_CUP,1
B07RV3FSQ9,DRINKING_CUP,1
B07RV8M68J,DRINKING_CUP,1
B07RVD56QQ,BLANKET,1
B07RVHDHH4,DRINKING_CUP,1
B07RVLQQG9,BLANKET,1
B07RVMPK9H,BLANKET,1
B07RW6GQ2W,BLANKET,2
B07RWF24D6,DRINKING_CUP,1
B07RWG4W5N,BLANKET,5
B07RWKWP5Y,BLANKET,1
B07RWLQ42H,BLANKET,1
B07RWMVQM5,PUZZLES,1
B07RWV5L2G,DRINKING_CUP,1
B07RWVPKFL,BLANKET,1
B07RWVVL26,BLANKET,2
B07RWX6MLX,BLANKET,1
B07RWYPDV1,DRINKING_CUP,1
B07RWZXVCS,BLANKET,1
B07RX1TTS2,BLANKET,1
B07RX8RHHJ,PUZZLES,2
B07RXH87X9,BLANKET,1
B07RXK5163,PUZZLES,2
B07RXPX5G4,SURFACE_CLEANING_WIPE,6
B07RY3NPKQ,BLANKET,1
B07RYBJJ33,PUZZLES,4
B07RYPR4J4,BLANKET,1
B07RYQKWGB,DRINKING_CUP,1
B07RYQS2S2,BLANKET,1
B07RYS9TXB,DRINKING_CUP,1
B07RZ4H2LM,BLANKET,1
B07RZ5NFF4,BLANKET,1
B07RZ9FZL2,PUZZLES,6
B07RZJKC53,DRINKING_CUP,1
B07RZNZ87K,DRINKING_CUP,1
B07RZVDPDR,DRINKING_CUP,1
B07S1M58JN,DRINKING_CUP,1
B07S1QHSCG,BLANKET,1
B07S1QJJNW,BLANKET,1
B07S1QKGBD,BLANKET,1
B07S1T9M84,BLANKET,1
B07S1Y48TP,DRINKING_CUP,1
B07S1YS62L,BLANKET,1
B07S21VNS9,BLANKET,1
B07S28PFVZ,BLANKET,1
B07S2C8PXJ,BLANKET,2
B07S2GQQSJ,PUZZLES,1
B07S2R9DJH,PUZZLES,1
B07S2RB27N,PUZZLES,1
B07S2VF4TH,BLANKET,1
B07S2VXQY2,PUZZLES,1
B07S2WB38G,DRINKING_CUP,1
B07S362B6X,BLANKET,1
B07S3FPTWJ,BLANKET,1
B07S3L8TX2,PUZZLES,1
B07S3LGFC1,PUZZLES,1
B07S3TWTK2,DRINKING_CUP,1
B07S3VG6GF,BLANKET,1
B07S3Z89JF,DRINKING_CUP,1
B07S4BGDVJ,DRINKING_CUP,1
B07S4KQ9XX,BLANKET,1
B07S4M7WR1,DRINKING_CUP,2
B07S528XD1,DRINKING_CUP,1
B07S533HJ1,BLANKET,1
B07S5K8HHT,BLANKET,1
B07S5KX23V,BLANKET,1
B07S5Q16V4,DRINKING_CUP,1
B07S5QDQWR,BLANKET,1
B07S5X4PMF,BLANKET,2
B07S5XKFC2,BLANKET,1
B07S61SDT4,BLANKET,1
B07S62LZD5,BLANKET,1
B07S651GSW,BLANKET,11
B07S662YXZ,DRINKING_CUP,1
B07S6CRXNX,DRINKING_CUP,1
B07S6P45NP,BLANKET,1
B07S6QL1NP,DRINKING_CUP,1
B07S6R1WCG,DRINKING_CUP,1
B07S6ZPBLJ,BLANKET,1
B07S7242SZ,BLANKET,1
B07S72BBGJ,BLANKET,1
B07S72DK3F,DRINKING_CUP,1
B07S73M4YN,BLANKET,2
B07S743LYR,BLANKET,1
B07S7FTBCN,DRINKING_CUP,1
B07S7H2YMS,DRINKING_CUP,1
B07S7H9RFC,TOILET_PAPER,2
B07S7MY82H,DRINKING_CUP,4
B07S7RSCJ7,PUZZLES,1
B07S7T1TGS,PUZZLES,1
B07S7ZML1G,BLANKET,1
B07S7ZTGFM,BLANKET,1
B07S83PFFK,DRINKING_CUP,1
B07S85VX18,DRINKING_CUP,2
B07S86K91M,DRINKING_CUP,2
B07S8DV3ZQ,DRINKING_CUP,3
B07S8DWM28,DRINKING_CUP,1
B07S8DXB1B,DRINKING_CUP,2
B07S8DXBZN,DRINKING_CUP,1
B07S8VCCCY,DRINKING_CUP,1
B07S92QC1L,BAKING_PAN,2
B07S9DP9K8,DRINKING_CUP,2
B07S9FWSZ7,PUZZLES,1
B07S9H84DC,TOILET_PAPER,1
B07S9VTBP4,BLANKET,1
B07S9X2V19,BLANKET,1
B07SB1WZBC,DRINKING_CUP,1
B07SB4X4GD,BLANKET,1
B07SBJB8N2,BLANKET,2
B07SBYSTQ7,BLANKET,1
B07SBZ67TF,BLANKET,1
B07SC8Y4BT,DRINKING_CUP,1
B07SCTBHQQ,PUZZLES,1
B07SCXRJ9S,PUZZLES,1
B07SCXYJK4,PUZZLES,3
B07SD38QL4,TOILET_PAPER,1
B07SDLFVSM,BLANKET,3
B07SDLHSND,BLANKET,1
B07SDN5MJ9,PUZZLES,1
B07SF58VQ7,BLANKET,1
B07SFK5KH9,DRINKING_CUP,1
B07SFTWQPX,BLANKET,1
B07SG9NQP3,BLANKET,1
B07SGKW33X,DRINKING_CUP,2
B07SGMVKZ7,DRINKING_CUP,1
B07SGQVYPV,BLANKET,1
B07SGXT45G,BLANKET,1
B07SGYJ38S,BLANKET,1
B07SGZWHVZ,SURFACE_CLEANING_WIPE,31
B07SH1YWNC,DRINKING_CUP,1
B07SH2TX5T,DRINKING_CUP,1
B07SHCMKYR,DRINKING_CUP,1
B07SHCNHXB,BLANKET,1
B07SHJ1G2Y,DRINKING_CUP,1
B07SHPYTPR,DRINKING_CUP,3
B07SHWCSD9,DRINKING_CUP,1
B07SJBBKNY,DRINKING_CUP,1
B07SJJYL5J,BLANKET,2
B07SJMJ3K8,DRINKING_CUP,5
B07SJNB7KW,DRINKING_CUP,1
B07SJR6128,BLANKET,1
B07SJTLCQQ,BAKING_PAN,1
B07SJXQQML,BLANKET,1
B07SJYY3R9,BLANKET,2
B07SK78W3L,DRINKING_CUP,1
B07SKBZL4D,BAKING_PAN,1
B07SKDDZVT,BLANKET,1
B07SKP2QG8,BLANKET,1
B07SKTWMWC,BLANKET,1
B07SL4DBMR,PUZZLES,1
B07SLC2T86,PUZZLES,1
B07SLHV6PY,BLANKET,1
B07SLJJFX3,DRINKING_CUP,1
B07SLMBTJL,PUZZLES,1
B07SLNTVKX,PUZZLES,1
B07SLWS6R4,BLANKET,1
B07SLX6JWS,BAKING_PAN,1
B07SLXR23B,BLANKET,1
B07SLZX5XV,BLANKET,1
B07SM1RT9R,DRINKING_CUP,1
B07SM5WXKM,DRINKING_CUP,2
B07SM6VRN4,BLANKET,2
B07SM8R1CC,BLANKET,1
B07SM9BCZM,BLANKET,1
B07SNGLZPQ,TOILET_PAPER,17
B07SNVBPPY,SURFACE_CLEANING_WIPE,8
B07SPH8FS5,DRINKING_CUP,1
B07SPLPSXQ,DRINKING_CUP,1
B07SPXS7ZH,DRINKING_CUP,2
B07SPY4HM8,TOILET_PAPER,11
B07SQ56PBH,DRINKING_CUP,2
B07SQ6K6YR,BLANKET,1
B07SQBVCX2,DRINKING_CUP,1
B07SQF31X5,PUZZLES,1
B07SQG4JHC,TOILET_PAPER,3
B07SQGW86L,DRINKING_CUP,1
B07SQR29FB,DRINKING_CUP,1
B07SQZWXVK,DRINKING_CUP,1
B07SR2N433,DRINKING_CUP,1
B07SR2V82W,DRINKING_CUP,1
B07SR3QNB2,DRINKING_CUP,1
B07SR5DTLZ,BAKING_PAN,1
B07SR6ZP8P,BLANKET,1
B07SRDGMBZ,DRINKING_CUP,1
B07SRJ3RM4,DRINKING_CUP,2
B07SRJ4TLL,DRINKING_CUP,1
B07SRJ7TTF,DRINKING_CUP,1
B07SRKNGXB,DRINKING_CUP,1
B07SRTFWXV,DRINKING_CUP,1
B07SRV9YD3,PUZZLES,1
B07SRVJSB2,PUZZLES,8
B07SRVY4N8,BLANKET,1
B07SRX3326,PUZZLES,2
B07SRY8PH9,BLANKET,1
B07SRYLFTD,DRINKING_CUP,1
B07SS5XQZJ,DRINKING_CUP,1
B07SS7PGS6,DRINKING_CUP,1
B07SS8TSMX,BLANKET,1
B07SSF4WT7,DRINKING_CUP,5
B07SSJ8B1J,DRINKING_CUP,1
B07SSK6MLY,DRINKING_CUP,1
B07SSN4ZYM,BLANKET,1
B07ST3JWFN,DRINKING_CUP,1
B07ST56RJG,DRINKING_CUP,1
B07STFZPPT,BAKING_PAN,1
B07SV54LD1,DRINKING_CUP,1
B07SV8X637,DRINKING_CUP,1
B07SVB39J2,TOILET_PAPER,34
B07SVC1974,DRINKING_CUP,1
B07SVK7C2Y,DRINKING_CUP,1
B07SVK7PGW,DRINKING_CUP,1
B07SVKBC47,DRINKING_CUP,1
B07SVKBN19,DRINKING_CUP,1
B07SVXL612,BLANKET,1
B07SVZTN38,PUZZLES,1
B07SW1ZLD7,BLANKET,1
B07SW2ZDDR,DRINKING_CUP,1
B07SW7Z21B,BLANKET,1
B07SW8VHJZ,BAKING_PAN,4
B07SW9LX9M,BLANKET,1
B07SWWTXVV,BLANKET,1
B07SXD68LH,DRINKING_CUP,2
B07SXD82BM,SURFACE_CLEANING_WIPE,1
B07SXMHK3M,DRINKING_CUP,1
B07SXNVHGL,DRINKING_CUP,1
B07SXRKD8G,DRINKING_CUP,1
B07SYQ7HBY,DRINKING_CUP,1
B07SYYLW3N,BLANKET,1
B07SZ2Q59T,BAKING_PAN,1
B07SZ38P2V,DRINKING_CUP,1
B07SZ3Q25M,DRINKING_CUP,1
B07SZ3SZ2D,DRINKING_CUP,1
B07SZ6Y3R7,BLANKET,1
B07SZHFCM9,DRINKING_CUP,2
B07SZLZHF4,PUZZLES,2
B07SZMDQMF,DRINKING_CUP,1
B07SZQMRVS,PUZZLES,1
B07SZRPRSZ,DRINKING_CUP,1
B07T12M731,TOILET_PAPER,3
B07T15PWY9,DRINKING_CUP,1
B07T16NQX7,DRINKING_CUP,1
B07T1J1T2S,PUZZLES,1
B07T1M9BV2,SURFACE_CLEANING_WIPE,5
B07T1VRSYF,BLANKET,4
B07T1VZCKD,BLANKET,1
B07T1XZPC2,PUZZLES,4
B07T23K6BZ,DRINKING_CUP,1
B07T23VXVJ,BLANKET,1
B07T26M61W,DRINKING_CUP,2
B07T27D4PQ,DRINKING_CUP,2
B07T2BPTJZ,DRINKING_CUP,1
B07T2D62FT,DRINKING_CUP,1
B07T2QH1VK,DRINKING_CUP,1
B07T2S93Z8,DRINKING_CUP,1
B07T31DBWY,BLANKET,1
B07T32CLR4,PUZZLES,2
B07T331GKK,BLANKET,1
B07T35Y8PJ,BLANKET,1
B07T37WFF1,DRINKING_CUP,1
B07T3PCCC8,DRINKING_CUP,1
B07T3Y867N,BLANKET,1
B07T441Z91,PUZZLES,1
B07T442BT6,PUZZLES,1
B07T46TTYX,PUZZLES,1
B07T48MBDB,BLANKET,2
B07T4FPVVJ,DRINKING_CUP,1
B07T4X5VDG,DRINKING_CUP,1
B07T5212DK,BLANKET,1
B07T579QFT,PUZZLES,1
B07T57C4S9,PUZZLES,2
B07T58W4SB,BLANKET,1
B07T5LKRHV,DRINKING_CUP,1
B07T5M9WPG,PUZZLES,1
B07T5ZQBMH,DRINKING_CUP,1
B07T62913V,BLANKET,1
B07T637L81,BLANKET,1
B07T63HKC2,BAKING_PAN,1
B07T65LLMJ,BLANKET,1
B07T6C6Y3C,DRINKING_CUP,6
B07T73HXTX,BLANKET,1
B07T773797,DRINKING_CUP,1
B07T78KZJW,BLANKET,1
B07T7C2R85,PUZZLES,1
B07T7L2DHR,DRINKING_CUP,1
B07T7R1JPL,PUZZLES,1
B07T7RKQJG,PUZZLES,5
B07T7YPHB4,DRINKING_CUP,1
B07T7YSPKQ,BLANKET,1
B07T835X6N,DRINKING_CUP,1
B07T8BLBCP,BLANKET,1
B07T8FDTM9,DRINKING_CUP,2
B07T8G2VCD,DRINKING_CUP,1
B07T8V54XP,PUZZLES,1
B07T94YKSY,BLANKET,1
B07T9B3FG9,DRINKING_CUP,1
B07T9FQZ2M,DRINKING_CUP,3
B07T9P154B,BLANKET,4
B07T9T3FBJ,DRINKING_CUP,1
B07TB5DP4S,PUZZLES,1
B07TB9JB38,DRINKING_CUP,1
B07TBBMHPW,DRINKING_CUP,1
B07TBBP7RJ,DRINKING_CUP,4
B07TBHV4CQ,PUZZLES,1
B07TBJ1ZG6,BLANKET,1
B07TBRRZCV,DRINKING_CUP,1
B07TBSLKK7,BLANKET,1
B07TBVQN71,BLANKET,1
B07TC1CQSQ,BLANKET,1
B07TC4Y4TM,SURFACE_CLEANING_WIPE,1
B07TCD1SFZ,DRINKING_CUP,1
B07TCD5ZS7,BLANKET,1
B07TCD74ST,BAKING_PAN,2
B07TCGNN8R,DRINKING_CUP,1
B07TCHCF3Q,PUZZLES,2
B07TCJLVKS,PUZZLES,1
B07TCR94KS,DRINKING_CUP,1
B07TCST9SZ,BLANKET,2
B07TD8BCCF,BLANKET,1
B07TD9QT97,BAKING_PAN,2
B07TD9Z925,DRINKING_CUP,1
B07TDCKMH2,DRINKING_CUP,1
B07TDCM25J,DRINKING_CUP,2
B07TDM1TBL,BLANKET,1
B07TDV1FK4,DRINKING_CUP,1
B07TFGQ21Y,DRINKING_CUP,1
B07TFHM74V,PUZZLES,2
B07TFK93GS,PUZZLES,1
B07TFRM7QR,BLANKET,1
B07TG8N5J4,BAKING_PAN,1
B07TGTLP3Z,DRINKING_CUP,1
B07THHFR8Q,BAKING_PAN,1
B07THM2FWC,BLANKET,1
B07TJ3PGMW,BLANKET,1
B07TJ69N32,DRINKING_CUP,2
B07TJ9Z1RD,DRINKING_CUP,1
B07TJKBJTR,BLANKET,1
B07TJKF5K3,DRINKING_CUP,1
B07TJLK3SD,PUZZLES,1
B07TK3K2H7,DRINKING_CUP,2
B07TK3Y71K,DRINKING_CUP,1
B07TK4GRKB,BLANKET,2
B07TK57NKW,BLANKET,3
B07TKGN453,DRINKING_CUP,1
B07TKZ56SH,DRINKING_CUP,1
B07TKZ615L,DRINKING_CUP,1
B07TLMQW98,DRINKING_CUP,1
B07TM1FN57,PUZZLES,1
B07TMKD3QC,DRINKING_CUP,1
B07TMLQ8JS,DRINKING_CUP,1
B07TMY1MQY,PUZZLES,1
B07TMY9CJK,DRINKING_CUP,1
B07TN2M385,DRINKING_CUP,1
B07TN34ZCV,DRINKING_CUP,1
B07TN38Q83,DRINKING_CUP,1
B07TP7LN3R,BLANKET,1
B07TPGQ411,DRINKING_CUP,1
B07TQB2G16,BLANKET,2
B07TQDZS56,DRINKING_CUP,1
B07TQSLMBS,BLANKET,1
B07TR6697X,SURFACE_CLEANING_WIPE,2
B07TRCY8FV,BLANKET,2
B07TRD23G4,PUZZLES,1
B07TRGK7R5,DRINKING_CUP,1
B07TRL8FSD,BLANKET,1
B07TRLNGKH,DRINKING_CUP,1
B07TRPFBPL,BAKING_PAN,1
B07TSBDGVK,DRINKING_CUP,1
B07TSF1ZXJ,DRINKING_CUP,1
B07TT29MP9,DRINKING_CUP,1
B07TT2DLJN,DRINKING_CUP,1
B07TT4NYFR,PUZZLES,2
B07TT5RL6V,DRINKING_CUP,2
B07TT5RWG9,DRINKING_CUP,1
B07TT5STS1,DRINKING_CUP,1
B07TT8J5G3,DRINKING_CUP,1
B07TTNY6Z7,BLANKET,1
B07TV1FTVY,BLANKET,1
B07TV2DNWS,BLANKET,1
B07TV4SN2Z,BLANKET,1
B07TV8TL42,DRINKING_CUP,2
B07TVCDBC4,DRINKING_CUP,1
B07TVF8YRP,TOILET_PAPER,1
B07TVF96JT,TOILET_PAPER,3
B07TVNGLHP,BAKING_PAN,1
B07TVQ62C2,DRINKING_CUP,2
B07TW4TVDK,BLANKET,2
B07TW9L2MX,DRINKING_CUP,1
B07TWCQ862,BLANKET,1
B07TWDLT1W,DRINKING_CUP,1
B07TWM65RQ,DRINKING_CUP,1
B07TWW81SC,BLANKET,1
B07TWZPS43,BLANKET,1
B07TX6B2CF,DRINKING_CUP,1
B07TXDTN72,DRINKING_CUP,1
B07TXHSK29,DRINKING_CUP,1
B07TXKLWDB,DRINKING_CUP,1
B07TXRTHDC,PUZZLES,1
B07TYBFSJF,PUZZLES,1
B07TYQXPCD,BLANKET,1
B07TYW2JG4,TOILET_PAPER,2
B07TYWJN1V,DRINKING_CUP,1
B07TZ2CXYK,DRINKING_CUP,1
B07TZNQC4B,DRINKING_CUP,1
B07TZQMV26,BLANKET,1
B07V13RWZK,BLANKET,1
B07V1BW1RL,DRINKING_CUP,1
B07V1KZSRR,BLANKET,1
B07V1L4C4R,BLANKET,1
B07V1LKQ78,BLANKET,1
B07V1MZ56G,BLANKET,1
B07V1PQZGJ,DRINKING_CUP,2
B07V1PZGRG,PUZZLES,2
B07V1RJSFQ,PUZZLES,4
B07V1TCW3B,BLANKET,1
B07V1XQDXB,DRINKING_CUP,1
B07V1Z3NZM,BLANKET,1
B07V2528WT,DRINKING_CUP,1
B07V25X3T7,BLANKET,1
B07V2616FJ,PUZZLES,2
B07V2JZM7W,DRINKING_CUP,1
B07V2QFXHH,BLANKET,1
B07V2YK5V2,PUZZLES,1
B07V2Z242R,BLANKET,2
B07V32FC5C,BLANKET,1
B07V32QH9B,BLANKET,1
B07V33WHMJ,DRINKING_CUP,1
B07V36BDV4,PUZZLES,15
B07V39TBJP,PUZZLES,1
B07V3C9JHQ,BLANKET,2
B07V3GDLRK,BLANKET,1
B07V3KSWH8,BLANKET,2
B07V3M4Y9B,PUZZLES,1
B07V3Y21ZY,DRINKING_CUP,1
B07V43H6T9,BLANKET,1
B07V451BP7,PUZZLES,1
B07V47TJZ2,BLANKET,2
B07V49ZFDK,PUZZLES,1
B07V4KBR9L,BLANKET,1
B07V4KW7MY,BLANKET,8
B07V4P62Z6,BAKING_PAN,1
B07V4PW7KY,DRINKING_CUP,1
B07V52HZXD,DRINKING_CUP,2
B07V5BHRPS,DRINKING_CUP,1
B07V5DP5TK,PUZZLES,2
B07V5RDMRF,DRINKING_CUP,1
B07V5W3HSZ,DRINKING_CUP,1
B07V66YLNH,BLANKET,1
B07V674H6P,BLANKET,1
B07V6HXBRN,BLANKET,1
B07V6JXL6F,BLANKET,1
B07V6QR5J9,DRINKING_CUP,1
B07V6R11RY,DRINKING_CUP,1
B07V6SCDTF,DRINKING_CUP,1
B07V6VSGZ6,DRINKING_CUP,1
B07V6VXQF1,DRINKING_CUP,1
B07V71Y5LQ,BLANKET,2
B07V7BCR7Q,BLANKET,1
B07V7GTRKN,DRINKING_CUP,1
B07V7S2BK9,SURFACE_CLEANING_WIPE,8
B07V7SWH9B,BLANKET,1
B07V836KF4,BLANKET,1
B07V83VTVP,DRINKING_CUP,1
B07V84D5P1,BLANKET,1
B07V8GFD41,DRINKING_CUP,1
B07V8HMDTX,BLANKET,2
B07V8JVBYT,BLANKET,1
B07V8KWMPW,PUZZLES,1
B07V8KY8N3,BLANKET,1
B07V8MBLPM,DRINKING_CUP,1
B07V8ZWBDX,BLANKET,1
B07V985ZDT,BAKING_PAN,4
B07V9BDWKC,BAKING_PAN,1
B07V9FSGKQ,BLANKET,1
B07V9RQNR1,BLANKET,1
B07V9S45CD,BLANKET,1
B07V9TRZW3,BLANKET,1
B07V9WNRL9,DRINKING_CUP,1
B07V9XMSB9,BLANKET,1
B07VB9X4HQ,DRINKING_CUP,1
B07VBG6843,DRINKING_CUP,1
B07VBPJNLZ,BAKING_PAN,1
B07VC18K3J,PUZZLES,3
B07VCG8LRR,DRINKING_CUP,1
B07VCH88VL,DRINKING_CUP,1
B07VCN7TNB,BLANKET,2
B07VCYSQ28,PUZZLES,1
B07VD17L2D,DRINKING_CUP,1
B07VD27S6N,BLANKET,1
B07VD3DJ3J,DRINKING_CUP,1
B07VD3DS76,DRINKING_CUP,1
B07VD9JGPL,BLANKET,1
B07VDBD6MV,BLANKET,1
B07VDK4RG9,BLANKET,1
B07VF237RV,DRINKING_CUP,1
B07VF5KGHB,BLANKET,1
B07VF732LW,BLANKET,1
B07VF7B21H,BLANKET,1
B07VFDS2Q8,DRINKING_CUP,1
B07VFKC99H,DRINKING_CUP,2
B07VFL3FSK,DRINKING_CUP,4
B07VFLRNL2,BLANKET,1
B07VFM5CFJ,DRINKING_CUP,1
B07VFM7S3W,DRINKING_CUP,1
B07VFS19LH,DRINKING_CUP,1
B07VFYXRXF,DRINKING_CUP,2
B07VFZ72XC,PUZZLES,4
B07VG4TZH3,DRINKING_CUP,2
B07VGB75HY,DRINKING_CUP,1
B07VGB7G5R,DRINKING_CUP,2
B07VGB8HZS,DRINKING_CUP,1
B07VGFFWYG,BAKING_PAN,3
B07VGHRGRJ,BLANKET,1
B07VGLQS4Y,DRINKING_CUP,2
B07VGTVRMD,DRINKING_CUP,1
B07VH7NP6H,BLANKET,1
B07VH84MZM,DRINKING_CUP,1
B07VH8CNJW,BLANKET,1
B07VHFJB54,DRINKING_CUP,2
B07VHGZ2B1,DRINKING_CUP,1
B07VHKB8XT,DRINKING_CUP,2
B07VHKVDNL,DRINKING_CUP,1
B07VHPYTHL,BLANKET,1
B07VHQV5GT,BLANKET,1
B07VHYNN9M,BLANKET,1
B07VHYVY8R,PUZZLES,1
B07VJD2QKS,PUZZLES,1
B07VJJYLJ8,DRINKING_CUP,3
B07VJJYP3S,DRINKING_CUP,1
B07VJJYVWM,DRINKING_CUP,2
B07VJKF1L8,BLANKET,6
B07VK8Y483,BAKING_PAN,1
B07VKK5DG2,BLANKET,1
B07VKLN9ZF,BAKING_PAN,1
B07VKZBZ4S,BLANKET,2
B07VL42879,DRINKING_CUP,1
B07VM6CP9B,PUZZLES,1
B07VMF5HRF,BLANKET,1
B07VMGBY1W,BLANKET,1
B07VMH3NBY,PUZZLES,1
B07VMPGGD1,DRINKING_CUP,1
B07VMTHB9B,BAKING_PAN,1
B07VMYGC3R,DRINKING_CUP,1
B07VN42KTF,BLANKET,2
B07VN6ZYHD,DRINKING_CUP,1
B07VN7YT7M,DRINKING_CUP,1
B07VN7Z43W,DRINKING_CUP,1
B07VP3JVTK,DRINKING_CUP,1
B07VP6LKRH,PUZZLES,2
B07VP6WTQN,BLANKET,1
B07VPDJW11,DRINKING_CUP,1
B07VPG4CZJ,DRINKING_CUP,1
B07VPRC2DQ,DRINKING_CUP,1
B07VPX3D2Q,PUZZLES,1
B07VQD281B,BLANKET,1
B07VQDVW4R,BLANKET,1
B07VQK5Y8T,BLANKET,1
B07VQSJCBC,BLANKET,1
B07VQXJ3J5,DRINKING_CUP,1
B07VR21XHH,PUZZLES,1
B07VR239S8,PUZZLES,2
B07VR4J3HN,DRINKING_CUP,1
B07VRBHG1F,BLANKET,1
B07VRF976B,PUZZLES,2
B07VRR8KWY,BAKING_PAN,1
B07VS385KJ,DRINKING_CUP,1
B07VS41XCC,DRINKING_CUP,1
B07VS4LN1D,PUZZLES,1
B07VS4LN1F,PUZZLES,1
B07VS8CTYH,DRINKING_CUP,1
B07VS8R116,BLANKET,1
B07VSJ9TZ3,DRINKING_CUP,1
B07VSKZVSJ,BLANKET,1
B07VSLJ384,PUZZLES,1
B07VSMP62P,BLANKET,1
B07VSP4QNH,PUZZLES,1
B07VSV9TX1,DRINKING_CUP,1
B07VSZHD94,PUZZLES,1
B07VT448CH,BLANKET,1
B07VTKFWMT,BLANKET,1
B07VTMN3DW,PUZZLES,1
B07VTQS9F1,BLANKET,1
B07VTRFF4K,DRINKING_CUP,2
B07VTRY9WX,BLANKET,1
B07VV1WKKK,DRINKING_CUP,1
B07VV3Q2RJ,PUZZLES,1
B07VVPFYZD,DRINKING_CUP,1
B07VVXXPDY,DRINKING_CUP,1
B07VW3HT2T,BLANKET,1
B07VW3K7SC,BLANKET,1
B07VW4CTTM,PUZZLES,1
B07VWCFZ4R,PUZZLES,1
B07VWCHLTN,DRINKING_CUP,2
B07VWH8W9Q,BLANKET,1
B07VWHJFQX,BLANKET,1
B07VWK3FTM,DRINKING_CUP,2
B07VWNNZ7X,PUZZLES,1
B07VWS91JZ,BLANKET,1
B07VWYLBR5,DRINKING_CUP,1
B07VX8Z519,DRINKING_CUP,1
B07VXGKY3Q,BLANKET,1
B07VXV2TB4,BLANKET,1
B07VXVQP2X,BLANKET,1
B07VY8ZHHS,BLANKET,1
B07VY9WQCC,BLANKET,1
B07VYT7FRY,BLANKET,1
B07VYVH18C,PUZZLES,5
B07VYVWR77,DRINKING_CUP,2
B07VZ4LYFP,BAKING_PAN,2
B07VZLB1HL,BLANKET,2
B07VZP9PWD,BLANKET,1
B07VZWB1QG,PUZZLES,1
B07VZXCJJL,DRINKING_CUP,1
B07W11QD1P,BLANKET,1
B07W1HGY5F,BLANKET,1
B07W1K1K3B,PUZZLES,1
B07W1WNYKL,DRINKING_CUP,1
B07W1Z9C79,DRINKING_CUP,1
B07W1ZN5VW,PUZZLES,1
B07W22793Q,TOILET_PAPER,5
B07W2W27ST,DRINKING_CUP,1
B07W3RGWSZ,PUZZLES,2
B07W42KCT3,BLANKET,1
B07W4F6JCT,DRINKING_CUP,1
B07W4MX8TT,DRINKING_CUP,1
B07W566YR9,BLANKET,1
B07W5D9NCK,DRINKING_CUP,1
B07W5JZK4S,DRINKING_CUP,1
B07W5N6Q47,DRINKING_CUP,1
B07W5QM4DP,PUZZLES,9
B07W628N6Y,BLANKET,1
B07W65BR6J,DRINKING_CUP,1
B07W67JVCS,DRINKING_CUP,1
B07W6K1K98,DRINKING_CUP,1
B07W6LJCW1,BLANKET,1
B07W6N7JMW,DRINKING_CUP,2
B07W6RJ4P6,BAKING_PAN,1
B07W6RRDHX,DRINKING_CUP,1
B07W6WMCTY,DRINKING_CUP,1
B07W6YYPJV,BLANKET,3
B07W6Z661T,BLANKET,1
B07W74MCLK,BLANKET,1
B07W74MMVH,BLANKET,1
B07W77FVDP,BLANKET,1
B07W77KKPX,BLANKET,2
B07W7FLKRW,PUZZLES,5
B07W7NZVYV,DRINKING_CUP,2
B07W7STT9Q,DRINKING_CUP,1
B07W7TGWDR,PUZZLES,2
B07W7XQ8V7,BLANKET,1
B07W7Z74LV,PUZZLES,3
B07W81NX4G,BLANKET,1
B07W81VZRT,DRINKING_CUP,1
B07W82B6GP,BLANKET,2
B07W837CNM,BLANKET,1
B07W83MT1P,BLANKET,1
B07W84P8QJ,PUZZLES,1
B07W8B4NQC,PUZZLES,1
B07W95P8FS,BLANKET,1
B07W96M9RQ,BLANKET,1
B07W975KY1,BLANKET,1
B07W97Z269,BLANKET,1
B07WC2VZL7,PUZZLES,1
B07WC4KN6X,BLANKET,1
B07WC4LBHD,BLANKET,1
B07WC6H2DN,BLANKET,1
B07WC6LKRZ,BLANKET,1
B07WC83971,BLANKET,1
B07WC8V7D4,BLANKET,5
B07WCJ725J,BLANKET,2
B07WCJ7CBY,BLANKET,2
B07WCJDW2V,BLANKET,2
B07WCNPS1S,BLANKET,1
B07WCX6Y3M,DRINKING_CUP,1
B07WD5Y4T7,BLANKET,1
B07WDD5SKN,DRINKING_CUP,1
B07WDMBGK9,BLANKET,1
B07WDWJNBZ,PUZZLES,1
B07WDZD71N,BLANKET,1
B07WF2ZCWH,BLANKET,1
B07WF36LXZ,BLANKET,1
B07WF5JZCZ,BLANKET,1
B07WF5ZX7M,BLANKET,1
B07WFHRQ5D,DRINKING_CUP,1
B07WFHSKZF,DRINKING_CUP,1
B07WFJBHHY,DRINKING_CUP,1
B07WFW8H5P,DRINKING_CUP,2
B07WFWPZ2G,BLANKET,1
B07WG8QF1H,DRINKING_CUP,1
B07WGHPKJR,DRINKING_CUP,1
B07WGHTQT9,PUZZLES,1
B07WGHTWGG,PUZZLES,1
B07WGKBZ2T,PUZZLES,2
B07WGRDXJG,DRINKING_CUP,1
B07WGRLJVJ,DRINKING_CUP,1
B07WGT4LYG,BLANKET,1
B07WGT7X9Z,BLANKET,1
B07WGW7RXD,BLANKET,2
B07WGWT1YC,DRINKING_CUP,1
B07WH3RM59,BLANKET,1
B07WH3VJHF,BLANKET,1
B07WH84JBW,BLANKET,1
B07WHC26WT,BLANKET,2
B07WHGBQGX,DRINKING_CUP,1
B07WHHTFXC,BAKING_PAN,1
B07WHM25KX,PUZZLES,1
B07WHPWMY3,DRINKING_CUP,1
B07WHQNKPZ,DRINKING_CUP,1
B07WHTR7WP,BAKING_PAN,1
B07WHXFVXL,BLANKET,2
B07WHYRBT7,DRINKING_CUP,1
B07WHZ86F4,DRINKING_CUP,1
B07WJ6Q79L,BLANKET,1
B07WJC6YN4,BLANKET,2
B07WJH9X9F,DRINKING_CUP,1
B07WJWCWMY,BLANKET,1
B07WJXXWQ2,DRINKING_CUP,1
B07WK3QGGG,DRINKING_CUP,1
B07WK74S3V,PUZZLES,3
B07WK7ZSCY,DRINKING_CUP,1
B07WKJMX8P,BLANKET,1
B07WL7RYST,BLANKET,2
B07WL87965,DRINKING_CUP,1
B07WM1Q3DM,BLANKET,1
B07WMB54CC,PUZZLES,1
B07WMTT1XK,DRINKING_CUP,1
B07WMWGWL2,DRINKING_CUP,1
B07WMYJPFW,DRINKING_CUP,3
B07WMZZ1YH,DRINKING_CUP,1
B07WNF78QS,BLANKET,1
B07WNLCQT3,DRINKING_CUP,1
B07WNS65TR,DRINKING_CUP,2
B07WNSJ622,DRINKING_CUP,1
B07WNT56FC,PUZZLES,1
B07WP4PLDQ,DRINKING_CUP,1
B07WPKX5FS,DRINKING_CUP,1
B07WPLB9TX,BLANKET,1
B07WQ4NB7G,BLANKET,2
B07WQJ3L9H,PUZZLES,1
B07WQKN3PM,DRINKING_CUP,1
B07WQPXRD8,BLANKET,1
B07WQVRJGD,DRINKING_CUP,1
B07WQZSXLK,BLANKET,1
B07WR1NVJH,DRINKING_CUP,1
B07WR5X696,PUZZLES,1
B07WR79HCD,BLANKET,1
B07WRDNTQL,BAKING_PAN,4
B07WRLNLGN,DRINKING_CUP,2
B07WRM6NJG,BAKING_PAN,1
B07WRXKWFC,BLANKET,1
B07WRYV5KQ,BLANKET,1
B07WS5V7H7,DRINKING_CUP,1
B07WSB2SG9,PUZZLES,1
B07WSDYBWM,DRINKING_CUP,1
B07WSFLS5N,BLANKET,2
B07WSGFX41,BLANKET,1
B07WSGH44C,BAKING_PAN,1
B07WSGRN5P,DRINKING_CUP,3
B07WSRDJYB,BAKING_PAN,2
B07WT1ZLDF,BLANKET,1
B07WT7M8CL,DRINKING_CUP,1
B07WT8CML4,BAKING_PAN,1
B07WT9TZC4,DRINKING_CUP,1
B07WTQKRMR,DRINKING_CUP,4
B07WTRYP8K,DRINKING_CUP,1
B07WV3KH6X,BLANKET,1
B07WV9JPGZ,BLANKET,1
B07WVDZ2LW,DRINKING_CUP,1
B07WVJBBQ5,BLANKET,1
B07WVSSK26,BLANKET,1
B07WVTY1BP,PUZZLES,2
B07WVWHB38,DRINKING_CUP,1
B07WW1CT4W,BLANKET,3
B07WW6Q5WF,DRINKING_CUP,1
B07WWC3RZ7,BLANKET,1
B07WWHY657,DRINKING_CUP,1
B07WWJNHS5,PUZZLES,1
B07WWL495R,BAKING_PAN,1
B07WWSQVCY,PUZZLES,1
B07WWYPPKD,DRINKING_CUP,1
B07WWZLPM8,DRINKING_CUP,2
B07WWZT9DP,DRINKING_CUP,2
B07WX1D7MQ,BLANKET,1
B07WXFW7WC,DRINKING_CUP,1
B07WXK2H8K,DRINKING_CUP,1
B07WXLRTYS,DRINKING_CUP,1
B07WY55FD2,BLANKET,1
B07WYK5XY4,BAKING_PAN,1
B07WYKVVRG,BAKING_PAN,2
B07WYQCLK6,DRINKING_CUP,1
B07WYXSQWF,DRINKING_CUP,1
B07WZHG5L3,PUZZLES,1
B07WZSY9Y9,BAKING_PAN,1
B07WZXY375,BLANKET,1
B07X1PF8YW,BLANKET,1
B07X1SL5WK,DRINKING_CUP,1
B07X1VRY1L,BLANKET,1
B07X1WT34S,DRINKING_CUP,1
B07X1Z542R,DRINKING_CUP,1
B07X21FWCT,DRINKING_CUP,2
B07X28FN5R,BLANKET,1
B07X2F7BP4,BAKING_PAN,2
B07X2K45BZ,BLANKET,1
B07X2L4M5D,DRINKING_CUP,1
B07X2NKPSD,BLANKET,1
B07X2WD3LB,PUZZLES,1
B07X34HK4X,DRINKING_CUP,1
B07X352B4D,BLANKET,1
B07X38BBZH,BLANKET,1
B07X3BX7WM,BLANKET,2
B07X3C3QK5,BLANKET,1
B07X3M1P3Z,BLANKET,3
B07X3QCY79,PUZZLES,1
B07X3W43HB,DRINKING_CUP,1
B07X3XNT8V,DRINKING_CUP,1
B07X3YNFHM,BLANKET,1
B07X3YZM3H,BLANKET,1
B07X43HXN9,DRINKING_CUP,1
B07X45ZSL7,BLANKET,1
B07X4DQVKK,BLANKET,1
B07X4DS3VK,BLANKET,1
B07X4GDKQD,PUZZLES,1
B07X4HGYVW,DRINKING_CUP,1
B07X4JJ43W,DRINKING_CUP,1
B07X51M5DT,BAKING_PAN,1
B07X52F8RX,BLANKET,1
B07X53R2N5,BAKING_PAN,1
B07X55DBSX,PUZZLES,2
B07X5KTL2P,DRINKING_CUP,1
B07X5SBZBJ,BLANKET,1
B07X5ZJQWS,BLANKET,1
B07X651PT5,DRINKING_CUP,1
B07X6FKNB7,BLANKET,1
B07X6GFDL1,DRINKING_CUP,1
B07X6J21NS,DRINKING_CUP,1
B07X7HK5BY,PUZZLES,1
B07X7HZV8H,DRINKING_CUP,1
B07X81SJM3,BLANKET,1
B07X89FYQ1,DRINKING_CUP,1
B07X8F6CDP,BLANKET,3
B07X8HZ39P,BLANKET,1
B07X8RZ2HD,BLANKET,1
B07X95888P,DRINKING_CUP,1
B07X96NJ14,DRINKING_CUP,1
B07X9CYSXF,DRINKING_CUP,1
B07X9S4973,DRINKING_CUP,4
B07X9VRRJY,BLANKET,1
B07X9X64SB,BLANKET,4
B07X9XNZJF,DRINKING_CUP,1
B07X9ZCVQD,DRINKING_CUP,1
B07XB1HT32,DRINKING_CUP,1
B07XB7XMC4,BLANKET,1
B07XBK9HKY,DRINKING_CUP,1
B07XBLWZLT,BLANKET,1
B07XBMLG9G,PUZZLES,2
B07XBXP62R,BAKING_PAN,2
B07XC3RXJS,DRINKING_CUP,1
B07XC5V7CD,DRINKING_CUP,1
B07XC5ZP9Q,DRINKING_CUP,1
B07XCD9VJ7,DRINKING_CUP,1
B07XCFDQZM,BLANKET,1
B07XCHTX6L,PUZZLES,1
B07XCMYHG7,BLANKET,1
B07XCTFPL1,DRINKING_CUP,1
B07XCYFV35,BLANKET,3
B07XCYN3FC,DRINKING_CUP,1
B07XCYQRP3,BLANKET,1
B07XDF15R9,DRINKING_CUP,1
B07XDMTDM4,BLANKET,2
B07XDPJDBN,PUZZLES,4
B07XDVC7QQ,BLANKET,1
B07XDX2Z37,BLANKET,1
B07XF2GQYJ,BLANKET,1
B07XF8DSSP,DRINKING_CUP,2
B07XF9BLH3,BAKING_PAN,1
B07XFGM7GN,DRINKING_CUP,1
B07XFK98YP,DRINKING_CUP,1
B07XFKN59J,DRINKING_CUP,1
B07XFL3XN4,DRINKING_CUP,1
B07XFZFWW9,DRINKING_CUP,1
B07XG1226J,BLANKET,2
B07XG29S6W,DRINKING_CUP,2
B07XG38FDP,DRINKING_CUP,1
B07XG7493X,DRINKING_CUP,1
B07XG79QKZ,DRINKING_CUP,1
B07XG894VY,DRINKING_CUP,1
B07XGDKY3F,DRINKING_CUP,1
B07XGFCKQY,DRINKING_CUP,1
B07XGN8WB8,DRINKING_CUP,1
B07XGZLWRD,BLANKET,1
B07XH5R3X8,BLANKET,1
B07XH5TRX1,DRINKING_CUP,1
B07XHLZ6LW,BLANKET,1
B07XHM4GF8,PUZZLES,1
B07XHTN2SF,BLANKET,1
B07XJ3ZM8N,PUZZLES,1
B07XJF7777,DRINKING_CUP,1
B07XK6QH8G,BAKING_PAN,1
B07XK889XR,PUZZLES,1
B07XKBYR47,DRINKING_CUP,1
B07XKVFBMY,BLANKET,1
B07XKXJ189,BLANKET,1
B07XL1WTWT,PUZZLES,1
B07XLCGYDQ,BLANKET,1
B07XLCZRHZ,TOILET_PAPER,1
B07XLNVLZC,DRINKING_CUP,1
B07XM41WMV,BLANKET,1
B07XM54DYJ,DRINKING_CUP,1
B07XM62SD7,BLANKET,2
B07XMCJS3H,BLANKET,1
B07XMNJKKD,PUZZLES,1
B07XN7WBVX,DRINKING_CUP,2
B07XNJ112J,DRINKING_CUP,1
B07XNVDH4K,DRINKING_CUP,1
B07XP66WVH,BLANKET,2
B07XP9BZY3,BLANKET,1
B07XP9R58F,DRINKING_CUP,1
B07XPB5RGD,DRINKING_CUP,1
B07XPJJ71Z,BLANKET,1
B07XPW18TV,BLANKET,1
B07XQ1T9W8,BLANKET,1
B07XQ37C5K,PUZZLES,1
B07XQ7TGG7,PUZZLES,1
B07XQLW2N6,BAKING_PAN,1
B07XQNDXWW,DRINKING_CUP,1
B07XR17W6T,PUZZLES,1
B07XRW7MJ3,BLANKET,1
B07XS6871H,PUZZLES,2
B07XSJJ13F,BLANKET,1
B07XT9QTD2,BLANKET,1
B07XTDCZHD,BLANKET,1
B07XTQ4YZR,PUZZLES,4
B07XTSLKY9,BLANKET,1
B07XTTG5JG,PUZZLES,3
B07XTXJXVH,BLANKET,1
B07XTZKJ7L,PUZZLES,3
B07XV129C2,PUZZLES,1
B07XVPLVDT,DRINKING_CUP,1
B07XVPS961,DRINKING_CUP,1
B07XVQVP7K,DRINKING_CUP,1
B07XW7M1YB,BLANKET,1
B07XW8GT1K,DRINKING_CUP,1
B07XWCBB91,PUZZLES,1
B07XWM87SH,DRINKING_CUP,1
B07XX5M3VV,BLANKET,1
B07XXMCK5J,DRINKING_CUP,1
B07XXNJWKJ,BLANKET,1
B07XXNLJZ7,BLANKET,1
B07XXNMZNP,BLANKET,1
B07XY66Q22,BLANKET,1
B07XY683ZY,DRINKING_CUP,1
B07XY6WTZQ,DRINKING_CUP,1
B07XYDYPM2,DRINKING_CUP,3
B07XYHRDNZ,PUZZLES,1
B07XYNX97B,BLANKET,1
B07XYPJP9L,BLANKET,1
B07XYQYXD3,DRINKING_CUP,2
B07XYT3PVN,BLANKET,1
B07XYTXR22,BLANKET,1
B07XYV3HJ2,BLANKET,1
B07XYVNYMN,BLANKET,1
B07XZ1LGPZ,BLANKET,1
B07XZ2FNNN,PUZZLES,1
B07XZK8SH2,BLANKET,1
B07XZKDBM6,BLANKET,1
B07XZNRR7Q,DRINKING_CUP,1
B07Y18J43W,DRINKING_CUP,1
B07Y1FVFF6,DRINKING_CUP,1
B07Y1T7XBG,TOILET_PAPER,1
B07Y1TR94T,BLANKET,1
B07Y1V32XG,TOILET_PAPER,148
B07Y1Y8LYH,PUZZLES,1
B07Y21LKWQ,PUZZLES,1
B07Y3645FZ,TOILET_PAPER,29
B07Y37NNSR,PUZZLES,1
B07Y3BZWPY,DRINKING_CUP,1
B07Y3DNJ8Z,BLANKET,1
B07Y464TQL,DRINKING_CUP,6
B07Y47J6SM,BLANKET,2
B07Y4R6ZYF,BLANKET,1
B07Y4Z6LG1,PUZZLES,1
B07Y514CQC,BAKING_PAN,1
B07Y59Z3LC,DRINKING_CUP,1
B07Y5C7SWL,DRINKING_CUP,1
B07Y5WYCKH,BLANKET,1
B07Y6FRMZN,BLANKET,1
B07Y71CSVZ,DRINKING_CUP,2
B07Y737F5N,PUZZLES,1
B07Y7KDZ47,TOILET_PAPER,14
B07Y7LZTZW,DRINKING_CUP,1
B07Y7ZQ265,DRINKING_CUP,5
B07Y83D8KF,BLANKET,1
B07Y83JDDQ,PUZZLES,1
B07Y86B66D,BLANKET,1
B07Y8BFSY2,BLANKET,1
B07Y8D29SB,BLANKET,1
B07Y8PZQM6,DRINKING_CUP,1
B07Y8TBC4P,DRINKING_CUP,2
B07Y8XW8RC,BLANKET,1
B07Y8Z6GHN,TOILET_PAPER,4
B07Y8ZK1Y4,TOILET_PAPER,52
B07Y94D1MT,BLANKET,1
B07Y9CYVJV,PUZZLES,3
B07Y9F8ZVP,DRINKING_CUP,1
B07Y9NMY4Y,BLANKET,1
B07Y9PN3ST,DRINKING_CUP,1
B07Y9VXDWR,BLANKET,1
B07Y9W83NX,DRINKING_CUP,1
B07Y9WYTKT,PUZZLES,1
B07YB4PJK7,DRINKING_CUP,1
B07YB5HSKH,BLANKET,1
B07YBCJS3L,PUZZLES,1
B07YBFWNVH,DRINKING_CUP,1
B07YBH84JY,DRINKING_CUP,1
B07YBHZHDN,BAKING_PAN,2
B07YBJ6LGF,BAKING_PAN,1
B07YBJJ3LC,PUZZLES,1
B07YBKXC1Z,DRINKING_CUP,1
B07YBLNR2Y,DRINKING_CUP,2
B07YBLVDMB,DRINKING_CUP,1
B07YBM9DJ2,DRINKING_CUP,1
B07YBN8NQ7,DRINKING_CUP,2
B07YBNFYML,DRINKING_CUP,1
B07YBRL7G5,PUZZLES,1
B07YBRLM3G,PUZZLES,2
B07YBV9JF2,PUZZLES,1
B07YBZTC4S,BLANKET,1
B07YC37N4K,DRINKING_CUP,1
B07YCK5LB8,DRINKING_CUP,3
B07YCKVWZ9,BLANKET,1
B07YCLDPZ5,DRINKING_CUP,1
B07YCQQMN4,BLANKET,1
B07YCSN4BZ,BLANKET,1
B07YCW91TN,DRINKING_CUP,1
B07YCY7WD2,DRINKING_CUP,1
B07YD4BT9B,DRINKING_CUP,1
B07YDN7XWP,PUZZLES,1
B07YDNSP39,DRINKING_CUP,1
B07YDQS7TB,BLANKET,1
B07YDTNDRB,BLANKET,1
B07YDVQLMY,BAKING_PAN,1
B07YDXP8S4,DRINKING_CUP,1
B07YDZNF72,DRINKING_CUP,1
B07YF1L372,BLANKET,2
B07YF3B6DN,DRINKING_CUP,2
B07YF6FNGF,BLANKET,1
B07YF99453,TOILET_PAPER,1
B07YF9GWN4,TOILET_PAPER,7
B07YF9JWQ1,TOILET_PAPER,6
B07YFBX5FN,DRINKING_CUP,1
B07YFG31CX,BAKING_PAN,1
B07YFGTKF7,DRINKING_CUP,1
B07YFGW4X2,BLANKET,1
B07YFZ86JT,BAKING_PAN,2
B07YG27MGL,DRINKING_CUP,1
B07YHWXDZD,DRINKING_CUP,1
B07YJ2DL2S,DRINKING_CUP,1
B07YJDYQZP,PUZZLES,2
B07YJN3Q9J,PUZZLES,2
B07YKCYZ99,PUZZLES,1
B07YKLSMFM,BLANKET,16
B07YKLXB3Y,BLANKET,3
B07YKMNXDH,BLANKET,6
B07YKT5XHP,BLANKET,1
B07YKVGC3R,BLANKET,1
B07YKVXL2K,BLANKET,1
B07YKVXYX2,BLANKET,1
B07YKWBG74,BLANKET,2
B07YKWJ3FR,BLANKET,1
B07YL34P4Z,BLANKET,1
B07YLK2N3L,DRINKING_CUP,2
B07YLK6CW6,DRINKING_CUP,3
B07YLM43MR,BLANKET,1
B07YLM8WDC,BLANKET,1
B07YLYPGKH,DRINKING_CUP,1
B07YM2YRN9,DRINKING_CUP,1
B07YM325Y7,DRINKING_CUP,1
B07YM4Q5X2,DRINKING_CUP,2
B07YMD49C8,BLANKET,1
B07YMK983Q,BLANKET,1
B07YMNR5XF,BLANKET,1
B07YMQJYWT,BLANKET,1
B07YMWH8VJ,BLANKET,1
B07YN3F94X,DRINKING_CUP,1
B07YN75Z45,BLANKET,1
B07YN8ZP1Z,DRINKING_CUP,1
B07YN92KT2,BLANKET,1
B07YNG5PKH,DRINKING_CUP,1
B07YNHNJKK,DRINKING_CUP,1
B07YNJ1CGZ,TOILET_PAPER,22
B07YNKMNLH,DRINKING_CUP,1
B07YNWFM4V,DRINKING_CUP,1
B07YNXL2CH,DRINKING_CUP,1
B07YNXLWJ9,DRINKING_CUP,1
B07YNXPDG6,DRINKING_CUP,1
B07YNZL9MZ,DRINKING_CUP,1
B07YPV9BRZ,DRINKING_CUP,1
B07YPZ1VDR,PUZZLES,1
B07YQ2J4GV,BLANKET,1
B07YQ38RP6,BLANKET,1
B07YQ5D9WN,BLANKET,1
B07YQQ45DS,DRINKING_CUP,1
B07YRRHB32,DRINKING_CUP,2
B07YS719JG,DRINKING_CUP,1
B07YS86GNT,DRINKING_CUP,1
B07YSVHXL4,PUZZLES,1
B07YSVJ16T,SURFACE_CLEANING_WIPE,14
B07YSXWKQR,DRINKING_CUP,1
B07YSZV4DJ,BLANKET,1
B07YT8WZTD,BLANKET,1
B07YTG47JL,BLANKET,1
B07YTQJNJL,DRINKING_CUP,1
B07YTTXJKV,BLANKET,2
B07YTYNYQ2,BLANKET,1
B07YTZM1R7,BLANKET,1
B07YTZP47D,BLANKET,1
B07YTZYZHT,BLANKET,1
B07YV378RB,BLANKET,2
B07YW4RRTP,BAKING_PAN,1
B07YW546L9,BAKING_PAN,1
B07YW7N1SF,BLANKET,1
B07YW7QN93,BLANKET,1
B07YWDJGH4,BAKING_PAN,2
B07YWGD7TC,DRINKING_CUP,1
B07YWLB24Z,DRINKING_CUP,1
B07YWXX2BH,DRINKING_CUP,1
B07YX8FKG4,PUZZLES,1
B07YXQGZBZ,DRINKING_CUP,1
B07YYD9HQ7,DRINKING_CUP,1
B07YYFHBPH,PUZZLES,1
B07YYMK7FC,DRINKING_CUP,1
B07YYMQRY2,BAKING_PAN,1
B07YYMR5JJ,TOILET_PAPER,1
B07YYZJXLC,PUZZLES,1
B07YZ5WQNH,DRINKING_CUP,1
B07YZ8T4N2,BAKING_PAN,2
B07YZ9NXWD,BAKING_PAN,1
B07YZCRF4P,DRINKING_CUP,1
B07YZT4DM2,DRINKING_CUP,1
B07YZTX59Q,DRINKING_CUP,1
B07YZVLBT9,DRINKING_CUP,1
B07YZX3RQ4,SURFACE_CLEANING_WIPE,1
B07Z11XN9C,DRINKING_CUP,1
B07Z1DK13V,DRINKING_CUP,1
B07Z1KSVXC,BLANKET,1
B07Z1RQRYR,DRINKING_CUP,1
B07Z1S8N4P,BLANKET,1
B07Z1SSLCX,BLANKET,2
B07Z1VZMQD,BLANKET,1
B07Z265S9L,BLANKET,1
B07Z2ZC521,BLANKET,1
B07Z31CSJ9,DRINKING_CUP,2
B07Z3H1Z6N,BLANKET,1
B07Z3MV9Z2,BLANKET,1
B07Z3QBMXC,DRINKING_CUP,1
B07Z45CGH7,DRINKING_CUP,1
B07Z4G5BVF,BLANKET,1
B07Z4GNBLZ,SURFACE_CLEANING_WIPE,1
B07Z4J2PS1,DRINKING_CUP,1
B07Z4NF7ZZ,BAKING_PAN,2
B07Z4P2WY8,BLANKET,1
B07Z56FM5V,DRINKING_CUP,2
B07Z5782BQ,DRINKING_CUP,1
B07Z5B33G2,DRINKING_CUP,2
B07Z5BVVJY,DRINKING_CUP,1
B07Z5H4TF5,DRINKING_CUP,1
B07Z5KP887,BLANKET,1
B07Z5LGZJM,BLANKET,2
B07Z5LPH3D,BLANKET,1
B07Z5PV8H7,BLANKET,1
B07Z5PWT8D,BLANKET,1
B07Z5W6DVM,BLANKET,1
B07Z62K3SM,BLANKET,1
B07Z6MGTFB,BLANKET,1
B07Z6S6NVS,DRINKING_CUP,2
B07Z79NJQH,BLANKET,1
B07Z79S271,BLANKET,1
B07Z7B26ZK,BLANKET,1
B07Z7K6SR1,DRINKING_CUP,1
B07Z85CJ8J,PUZZLES,1
B07Z8H261P,BAKING_PAN,1
B07Z8H4H2H,BAKING_PAN,1
B07Z8K99NX,BAKING_PAN,1
B07Z8L7X1H,PUZZLES,1
B07Z8NWY7N,BAKING_PAN,1
B07Z8PV57Y,BLANKET,1
B07Z8SJ6CY,BLANKET,1
B07Z8VVWN1,DRINKING_CUP,1
B07Z8W5431,BLANKET,1
B07Z947GQS,DRINKING_CUP,1
B07Z975YQ5,BLANKET,1
B07Z9BFZN6,BLANKET,1
B07Z9HV363,BLANKET,1
B07Z9KWT6N,BLANKET,1
B07Z9MFD2G,BLANKET,1
B07Z9P2QK1,DRINKING_CUP,1
B07Z9Q9VMP,DRINKING_CUP,1
B07Z9X1YDX,BLANKET,1
B07Z9Y4DSY,DRINKING_CUP,1
B07Z9ZH3MG,DRINKING_CUP,1
B07ZBKXN49,DRINKING_CUP,1
B07ZBM9WN3,DRINKING_CUP,1
B07ZBSLVS7,BLANKET,1
B07ZCGD9PX,DRINKING_CUP,1
B07ZCKDFPJ,TOILET_PAPER,1
B07ZCN56N2,DRINKING_CUP,1
B07ZCQ6C36,BLANKET,1
B07ZCST36J,BLANKET,1
B07ZCTSC4B,BAKING_PAN,2
B07ZD3C565,BLANKET,1
B07ZD3JDRM,BLANKET,1
B07ZDPR9YX,BLANKET,1
B07ZF24PDZ,DRINKING_CUP,1
B07ZF9Q5VN,DRINKING_CUP,1
B07ZFC7K3F,DRINKING_CUP,1
B07ZFDDVDH,BLANKET,1
B07ZFFDPV4,BLANKET,2
B07ZFL4WQK,BLANKET,1
B07ZFN5HBV,BLANKET,1
B07ZG8VL5D,BLANKET,1
B07ZGDZ2NP,BLANKET,1
B07ZGF8N12,BLANKET,1
B07ZGFV6PW,BLANKET,1
B07ZGJ2LLZ,PUZZLES,2
B07ZGLFLB3,BLANKET,1
B07ZGM7HYJ,DRINKING_CUP,1
B07ZGMV9G9,DRINKING_CUP,2
B07ZGMX2MS,DRINKING_CUP,3
B07ZHBNZC4,BLANKET,1
B07ZHDRRQT,BLANKET,1
B07ZHGTQFN,DRINKING_CUP,1
B07ZHJC9LC,BLANKET,1
B07ZHJCJNH,DRINKING_CUP,1
B07ZHL6MZX,BAKING_PAN,1
B07ZHVRWY5,DRINKING_CUP,1
B07ZJ4ZKL7,DRINKING_CUP,3
B07ZJ4ZYVF,DRINKING_CUP,1
B07ZJB1ZXY,BAKING_PAN,1
B07ZJGPMCZ,PUZZLES,1
B07ZJH37VQ,PUZZLES,1
B07ZJH4QZ9,PUZZLES,1
B07ZJH7G17,PUZZLES,1
B07ZJHHC8P,DRINKING_CUP,1
B07ZJKT6KK,BLANKET,3
B07ZJNDX9G,BLANKET,1
B07ZJNNXFP,BLANKET,1
B07ZK5C5VV,PUZZLES,1
B07ZKDKPF9,DRINKING_CUP,1
B07ZKG2NDR,DRINKING_CUP,1
B07ZKH3Z4B,BLANKET,1
B07ZKLF3B1,PUZZLES,1
B07ZKLQ4N4,BLANKET,1
B07ZLR58M1,DRINKING_CUP,3
B07ZLRQBQW,BLANKET,1
B07ZMCNQ52,BLANKET,1
B07ZMNGH2Z,DRINKING_CUP,1
B07ZN2SLL8,DRINKING_CUP,1
B07ZN4SS8Z,DRINKING_CUP,1
B07ZNWRJ6K,BLANKET,1
B07ZP6PPX1,BLANKET,1
B07ZP6QVHT,DRINKING_CUP,1
B07ZPSXRQ3,DRINKING_CUP,1
B07ZQ4N3M4,DRINKING_CUP,1
B07ZQ6TVYY,DRINKING_CUP,1
B07ZQBTWQT,PUZZLES,2
B07ZQGB9SX,PUZZLES,1
B07ZQGM3Q7,DRINKING_CUP,1
B07ZQJNFKD,BLANKET,1
B07ZQM7QRQ,DRINKING_CUP,1
B07ZQP3L4H,DRINKING_CUP,1
B07ZQQ62HV,DRINKING_CUP,1
B07ZQT24RQ,DRINKING_CUP,2
B07ZQY9P1S,BAKING_PAN,1
B07ZQYXJ7Y,BAKING_PAN,1
B07ZQZ1DVZ,BLANKET,3
B07ZR15VBR,DRINKING_CUP,1
B07ZR3FR7N,DRINKING_CUP,2
B07ZR5RM1T,DRINKING_CUP,1
B07ZRJBFRC,DRINKING_CUP,1
B07ZRK19QY,DRINKING_CUP,1
B07ZS2R73V,DRINKING_CUP,2
B07ZS2WGQM,DRINKING_CUP,1
B07ZS2Z5H1,DRINKING_CUP,1
B07ZT5SHQQ,DRINKING_CUP,1
B07ZT87N38,BLANKET,1
B07ZTQF345,DRINKING_CUP,1
B07ZTRV39Y,BLANKET,1
B07ZV46475,BAKING_PAN,1
B07ZV7R72F,DRINKING_CUP,1
B07ZVHYRRY,BAKING_PAN,1
B07ZVK7QJ2,DRINKING_CUP,1
B07ZVSB41Z,BLANKET,1
B07ZWDGNNY,DRINKING_CUP,1
B07ZWJ6KJ2,DRINKING_CUP,1
B07ZWKRCDY,DRINKING_CUP,1
B07ZWN8NN5,DRINKING_CUP,2
B07ZWQQ9YQ,BAKING_PAN,1
B07ZXL63S8,DRINKING_CUP,1
B07ZXZ1VX7,DRINKING_CUP,1
B07ZYKYS9S,BLANKET,1
B07ZYPQFQV,BLANKET,1
B07ZYQJHMR,BLANKET,1
B07ZYRRKLM,DRINKING_CUP,1
B07ZYY1ZJ8,BAKING_PAN,1
B07ZYZHQJ5,SURFACE_CLEANING_WIPE,4
B07ZZH41TW,BAKING_PAN,1
B07ZZH5W77,BAKING_PAN,2
B07ZZJZ6G6,DRINKING_CUP,3
B07ZZKG7MM,DRINKING_CUP,1
B07ZZKRGPW,DRINKING_CUP,1
B07ZZPQQK7,BLANKET,1
B08111VR5F,BLANKET,1
B0811LLTPN,BLANKET,1
B0811NK18T,DRINKING_CUP,1
B0811V6QTH,DRINKING_CUP,1
B0811VVFXK,BLANKET,1
B0811WFSFR,DRINKING_CUP,1
B0811ZZ3CQ,BLANKET,1
B08129K7MC,DRINKING_CUP,1
B0812BFYX6,DRINKING_CUP,3
B0812C73T9,DRINKING_CUP,1
B0812C8DLW,DRINKING_CUP,1
B0812ZGDKK,BLANKET,1
B08132HBP4,BLANKET,1
B0813782BY,BLANKET,1
B08137R1ZJ,BLANKET,1
B08138Z1NR,BLANKET,1
B0813CFY9S,BLANKET,3
B0813J5V37,DRINKING_CUP,1
B0813Z7HW9,DRINKING_CUP,1
B08148PCHZ,BLANKET,1
B0814DVT9M,BLANKET,1
B0814HVNJM,BLANKET,3
B0814M5HNG,BLANKET,1
B08156P7B3,BLANKET,1
B0816P7WMY,BLANKET,1
B0816YY12C,PUZZLES,1
B08175STRQ,DRINKING_CUP,1
B08177HD9X,DRINKING_CUP,1
B0817CPMF7,BLANKET,1
B0817NHFSJ,DRINKING_CUP,1
B0817TRJQZ,DRINKING_CUP,1
B0817V8SQ5,DRINKING_CUP,1
B0817YH5KP,BLANKET,2
B0818P9ZZS,BLANKET,1
B0819DCQPP,PUZZLES,4
B0819DL6T4,PUZZLES,1
B0819FZ3N7,PUZZLES,2
B0819KB5WG,BLANKET,1
B081B3YC7B,BLANKET,1
B081B98L88,PUZZLES,1
B081BBWD5T,DRINKING_CUP,1
B081BCKFJV,TOILET_PAPER,2
B081BDT1NB,TOILET_PAPER,3
B081BG7GC5,BLANKET,2
B081C4198J,PUZZLES,1
B081DDZ6VM,BLANKET,1
B081DFFV9F,BLANKET,1
B081DFRSCN,BLANKET,1
B081DG2DXJ,BLANKET,1
B081DY3JYM,DRINKING_CUP,1
B081G7SJMZ,BLANKET,1
B081GCM72M,PUZZLES,1
B081GQYD9K,BLANKET,1
B081GRL6MB,DRINKING_CUP,1
B081GWLPQ3,BLANKET,1
B081HBRPGC,DRINKING_CUP,1
B081HCYNCW,DRINKING_CUP,1
B081HYLNZZ,DRINKING_CUP,1
B081J2S6L3,BAKING_PAN,1
B081J66FDJ,DRINKING_CUP,6
B081J6WJ51,DRINKING_CUP,1
B081J95D3T,DRINKING_CUP,1
B081JM8GNW,BLANKET,1
B081JSLMKT,BLANKET,1
B081K4JKHP,BLANKET,1
B081K6TGW5,BLANKET,1
B081KM2RF1,BAKING_PAN,2
B081KV6Y87,DRINKING_CUP,2
B081L1KH3S,DRINKING_CUP,1
B081LC5CCQ,BLANKET,1
B081LC88BQ,PUZZLES,1
B081LJL22X,DRINKING_CUP,1
B081M21319,DRINKING_CUP,1
B081M57Q7G,DRINKING_CUP,1
B081MQYDCC,BLANKET,1
B081MTW1T7,BLANKET,1
B081MV2GF4,BLANKET,1
B081MVS6GV,BLANKET,1
B081N3JLQZ,DRINKING_CUP,1
B081N3LCV5,DRINKING_CUP,1
B081N576VZ,BAKING_PAN,1
B081N6XH49,DRINKING_CUP,1
B081N851CG,PUZZLES,1
B081NWCPM5,DRINKING_CUP,1
B081NZWMPY,BLANKET,1
B081P2TTTS,BLANKET,1
B081PF8DNJ,DRINKING_CUP,1
B081PJWZZS,PUZZLES,1
B081PT8WW2,DRINKING_CUP,1
B081PXFJST,BLANKET,1
B081PY3VSM,BLANKET,1
B081QK63XD,BLANKET,1
B081QQQNP5,DRINKING_CUP,1
B081RFFT6D,BLANKET,1
B081RN827P,BLANKET,1
B081RYZVKG,DRINKING_CUP,1
B081S4GR1N,DRINKING_CUP,1
B081S7D79F,DRINKING_CUP,1
B081S8QRVB,DRINKING_CUP,1
B081S8VHDF,DRINKING_CUP,2
B081S9D7M3,PUZZLES,1
B081SD3XVR,PUZZLES,1
B081SVV2B4,BAKING_PAN,1
B081T5TQ65,BAKING_PAN,1
B081TKKLF7,DRINKING_CUP,1
B081V18TVZ,DRINKING_CUP,1
B081V2W8ZV,BLANKET,1
B081VQ75MV,DRINKING_CUP,1
B081VXHHXS,DRINKING_CUP,1
B081VXLWJP,BLANKET,1
B081VYX4WY,BLANKET,1
B081W76W8W,DRINKING_CUP,1
B081W9RHCG,BLANKET,1
B081WYQTJX,DRINKING_CUP,1
B081YCHJ1N,DRINKING_CUP,1
B081YDXM5T,BLANKET,1
B081YJFC3X,BAKING_PAN,2
B081YJSRPS,BAKING_PAN,1
B081YN8BK9,DRINKING_CUP,1
B081YSWHHM,BLANKET,1
B081ZCYN23,BLANKET,1
B081ZJWPRK,DRINKING_CUP,1
B081ZRY6CZ,DRINKING_CUP,2
B081ZZNGQG,BAKING_PAN,1
B082144VZS,DRINKING_CUP,1
B082181WVY,BLANKET,1
B0821LY33W,BLANKET,1
B0821PDMTN,DRINKING_CUP,1
B0821QDSF2,DRINKING_CUP,1
B0821ST1GL,BLANKET,1
B0821TWD5W,BLANKET,1
B0821VPG4C,DRINKING_CUP,1
B0821VWSSH,PUZZLES,1
B0821WHBSQ,PUZZLES,1
B08227PVPT,BLANKET,1
B082379827,DRINKING_CUP,1
B08237J4FX,DRINKING_CUP,1
B08237JQ1M,DRINKING_CUP,1
B0823CP62M,PUZZLES,5
B0823HZR3K,PUZZLES,1
B0823JRCXH,DRINKING_CUP,1
B0823S4YQP,BLANKET,1
B0824QF8R9,DRINKING_CUP,1
B0824SBBDY,BAKING_PAN,1
B0825GMCLW,BLANKET,1
B0826MRZTW,DRINKING_CUP,1
B08279PH4F,DRINKING_CUP,1
B0827TNFQV,DRINKING_CUP,1
B08285DSKL,DRINKING_CUP,1
B0828BPRCC,BLANKET,1
B0828JY6QG,BLANKET,1
B0828MV5SV,DRINKING_CUP,1
B0828S8Y1Q,PUZZLES,2
B0829NFPYH,DRINKING_CUP,1
B082B2ZGLM,DRINKING_CUP,1
B082BC28SJ,DRINKING_CUP,1
B082BC79H7,DRINKING_CUP,1
B082BDZD1J,DRINKING_CUP,1
B082BFTNZ9,DRINKING_CUP,1
B082BGLS9R,DRINKING_CUP,1
B082BH3FFN,DRINKING_CUP,1
B082BHL9BS,DRINKING_CUP,1
B082BHMWNV,DRINKING_CUP,1
B082BHYBDQ,DRINKING_CUP,1
B082CX62QM,DRINKING_CUP,1
B082CX8WD3,BLANKET,1
B082CZKDCT,DRINKING_CUP,1
B082DJL53R,PUZZLES,1
B082DL27Z2,BLANKET,1
B082DLCW6V,DRINKING_CUP,1
B082DLTSXK,DRINKING_CUP,1
B082DNWC8Q,DRINKING_CUP,1
B082FB8B3Y,DRINKING_CUP,1
B082FBJY81,DRINKING_CUP,1
B082FBXQ3P,DRINKING_CUP,1
B082FBZDM7,DRINKING_CUP,1
B082FN9YW2,DRINKING_CUP,1
B082FNZ3BD,BLANKET,1
B082FPWK2N,DRINKING_CUP,1
B082FRCDNR,DRINKING_CUP,1
B082FRN6Q3,BLANKET,1
B082FSB654,BLANKET,1
B082G76Q33,BAKING_PAN,1
B082GCK62Y,DRINKING_CUP,1
B082GGDB35,DRINKING_CUP,2
B082GYVD38,BLANKET,1
B082H72SG3,BLANKET,2
B082H9TTXH,PUZZLES,1
B082HCHT8T,DRINKING_CUP,1
B082HCV2XH,PUZZLES,1
B082HHWQTR,PUZZLES,3
B082HHY6Q3,DRINKING_CUP,1
B082KCZJCP,BLANKET,1
B082KF52S5,DRINKING_CUP,1
B082KJGKTS,DRINKING_CUP,1
B082KJPNSV,DRINKING_CUP,1
B082KSX4QV,DRINKING_CUP,1
B082KTMNLP,DRINKING_CUP,1
B082KV4NRV,DRINKING_CUP,2
B082KVQLRP,BLANKET,1
B082L4MKLX,BAKING_PAN,1
B082LNNZ33,DRINKING_CUP,1
B082LQWD4M,BLANKET,1
B082LV95LL,DRINKING_CUP,1
B082LYG9LW,DRINKING_CUP,1
B082LZ7DGD,DRINKING_CUP,1
B082M1F272,DRINKING_CUP,1
B082MGYLT4,DRINKING_CUP,1
B082MHBDFN,DRINKING_CUP,2
B082MJ2ZXY,DRINKING_CUP,1
B082MJG3VB,BLANKET,1
B082MYCZF6,DRINKING_CUP,1
B082MYLWXG,BLANKET,1
B082N6ZB63,DRINKING_CUP,2
B082N8KFNM,DRINKING_CUP,1
B082NN7P2T,DRINKING_CUP,1
B082NPHWXR,DRINKING_CUP,1
B082NTLBBC,DRINKING_CUP,1
B082P6GWDT,DRINKING_CUP,1
B082PH7XG4,TOILET_PAPER,18
B082PK6GGY,DRINKING_CUP,1
B082PQGTSG,BLANKET,1
B082PTQJPH,BAKING_PAN,1
B082QJ7FWN,PUZZLES,1
B082QQ1YRV,DRINKING_CUP,1
B082QTH677,DRINKING_CUP,1
B082R25ZH8,BLANKET,1
B082RC8YDN,BLANKET,1
B082RFVRJ3,BAKING_PAN,2
B082RJKJCN,DRINKING_CUP,1
B082RNR4K7,BLANKET,1
B082RZDGQ1,BLANKET,4
B082S182WQ,BLANKET,7
B082S1GZN1,BLANKET,1
B082S2ZVSM,BAKING_PAN,1
B082SDVC8T,DRINKING_CUP,1
B082SGD115,BLANKET,1
B082SHTRQS,BLANKET,1
B082T278BX,PUZZLES,1
B082TFCWLP,BLANKET,1
B082TZW5S5,PUZZLES,2
B082V99DSQ,DRINKING_CUP,1
B082VPGRWL,PUZZLES,1
B082VRVK86,DRINKING_CUP,1
B082VRZT9L,DRINKING_CUP,1
B082W5KXY9,BLANKET,2
B082WJ1WXM,DRINKING_CUP,1
B082WMTPLP,BLANKET,1
B082WYP5YL,BLANKET,6
B082X4GD5W,BLANKET,1
B082X4LX15,BLANKET,1
B082X4M54L,BLANKET,2
B082XCHTHD,BAKING_PAN,1
B082XGXYFL,BLANKET,1
B082XJJ64R,BLANKET,1
B082XK53M9,DRINKING_CUP,2
B082XM5YLB,BLANKET,1
B082XSF4GS,BLANKET,1
B082XSZCTX,BLANKET,1
B082XT5XTP,BLANKET,1
B082XTJ8WR,BLANKET,1
B082XTJLGQ,BLANKET,1
B082XTV65P,BLANKET,1
B082XTV9WW,BLANKET,2
B082XW9BVG,TOILET_PAPER,1
B082YR84C4,BLANKET,1
B082YSDGGL,BAKING_PAN,1
B082YTM4DN,BLANKET,1
B082YTQQX1,BLANKET,1
B082Z5MZRX,DRINKING_CUP,1
B082ZSSBRC,DRINKING_CUP,1
B0831B19RC,BLANKET,1
B0831C1LG6,BLANKET,1
B0831L3MFB,BLANKET,1
B0831NQ27H,BLANKET,1
B0831RRDJD,DRINKING_CUP,2
B0831RY6LL,BLANKET,1
B0831S91GX,PUZZLES,1
B0831SF8H1,PUZZLES,1
B0831TSP8Z,BLANKET,1
B0832CQ8WY,BAKING_PAN,1
B0832RR49Q,BLANKET,1
B0832X19YY,BLANKET,1
B0832ZXXS3,BAKING_PAN,2
B0833NHC26,BAKING_PAN,1
B0833S5THW,BLANKET,1
B083416G8V,BAKING_PAN,1
B083418XGH,BAKING_PAN,2
B08343XFKC,PUZZLES,3
B08346D4V5,BAKING_PAN,1
B083477HWJ,PUZZLES,1
B0834HX3MY,BLANKET,1
B0834SDJ8C,BLANKET,1
B0834SFYQY,DRINKING_CUP,4
B0834TG8ZH,BLANKET,2
B08351H52R,PUZZLES,1
B083543SZS,DRINKING_CUP,1
B08358XJ4S,BLANKET,2
B0835GRY7J,BLANKET,1
B0835H6GQD,BLANKET,1
B0835QCDY6,DRINKING_CUP,6
B0835QT6R8,DRINKING_CUP,1
B0835SCD3R,DRINKING_CUP,3
B0835TB955,DRINKING_CUP,1
B0835TC6JY,DRINKING_CUP,3
B0835TJRQB,DRINKING_CUP,10
B0835TX9TG,DRINKING_CUP,1
B0835XVJV4,DRINKING_CUP,2
B0835XVR86,DRINKING_CUP,1
B0835ZTKHD,DRINKING_CUP,4
B08362ZFPN,DRINKING_CUP,1
B0836C47BH,TOILET_PAPER,1
B0836D1C48,BLANKET,1
B0836FGXML,BLANKET,2
B0836N9T3Z,BLANKET,1
B083773GTJ,DRINKING_CUP,1
B0837FK98T,DRINKING_CUP,1
B0837RJ79G,BAKING_PAN,1
B0838JRDXV,BAKING_PAN,1
B08391BB7L,DRINKING_CUP,1
B08392QX2H,DRINKING_CUP,2
B08396NTPV,DRINKING_CUP,1
B08396S7Z3,DRINKING_CUP,1
B0839NWHC6,PUZZLES,5
B083B5YPHP,BLANKET,1
B083BTKF24,DRINKING_CUP,1
B083BVVVCP,BLANKET,1
B083C6737P,PUZZLES,1
B083DC4VJC,DRINKING_CUP,1
B083DCL17N,DRINKING_CUP,1
B083DJVPXM,DRINKING_CUP,1
B083DLXXK3,DRINKING_CUP,1
B083DWB8MQ,BLANKET,1
B083DXK6NX,DRINKING_CUP,2
B083F2JM3R,BLANKET,1
B083FJXZM5,DRINKING_CUP,2
B083FK4YFD,DRINKING_CUP,1
B083G7ZV77,BLANKET,1
B083G9P6WM,DRINKING_CUP,1
B083GC3PTK,DRINKING_CUP,1
B083GH19TV,BLANKET,1
B083GRDVFC,DRINKING_CUP,1
B083GZNMNY,DRINKING_CUP,1
B083GZX112,DRINKING_CUP,1
B083GZYXQJ,DRINKING_CUP,1
B083HJNVZ3,BLANKET,1
B083HRZBDT,DRINKING_CUP,1
B083HVKGTW,DRINKING_CUP,2
B083JLX9LN,DRINKING_CUP,2
B083JPTY4G,DRINKING_CUP,1
B083JSXHD3,BLANKET,1
B083K1TKC7,BLANKET,1
B083K2LYGP,BLANKET,1
B083KRQFDG,DRINKING_CUP,1
B083KT49S2,DRINKING_CUP,1
B083L8CTD2,BAKING_PAN,1
B083LB2F4H,DRINKING_CUP,1
B083LB53YT,DRINKING_CUP,1
B083LWGDYK,BLANKET,1
B083LWZSQX,BLANKET,1
B083LX4CVF,BLANKET,1
B083M2R1WZ,BAKING_PAN,1
B083MSJMHW,PUZZLES,2
B083MYQRL8,PUZZLES,1
B083MZJYQD,BLANKET,1
B083MZV25Q,BLANKET,2
B083N2WSW2,PUZZLES,1
B083N36J8J,PUZZLES,2
B083N3K6L8,BLANKET,1
B083N5H1WL,PUZZLES,1
B083N5VZVY,PUZZLES,1
B083N9MYJX,BLANKET,1
B083N9Q761,BAKING_PAN,2
B083NBPX16,BLANKET,1
B083NBYH4W,PUZZLES,1
B083NCVKB6,DRINKING_CUP,1
B083NDBVYR,PUZZLES,2
B083NJ5GVV,BLANKET,1
B083NR4B6T,BLANKET,1
B083NSGZS3,BLANKET,2
B083P19JH6,BLANKET,1
B083PQ4DTB,BLANKET,1
B083PVZZ3Q,SURFACE_CLEANING_WIPE,3
B083PYD139,SURFACE_CLEANING_WIPE,2
B083PYKDDC,SURFACE_CLEANING_WIPE,2
B083Q4PF96,BLANKET,1
B083Q8ZPL2,BAKING_PAN,1
B083QB79N8,DRINKING_CUP,1
B083QDQ884,DRINKING_CUP,1
B083QR187P,PUZZLES,1
B083QRFN2C,PUZZLES,1
B083QRLPSS,PUZZLES,1
B083QRQT2H,PUZZLES,2
B083QRX1MD,PUZZLES,1
B083QSYBP5,PUZZLES,1
B083R1FVGL,DRINKING_CUP,1
B083RC5S17,BLANKET,1
B083RCY1L8,DRINKING_CUP,1
B083RY5XTG,DRINKING_CUP,1
B083S8FBP7,DRINKING_CUP,1
B083SCLWLK,PUZZLES,1
B083SNHTNY,BLANKET,1
B083SP2GFK,BLANKET,1
B083SRTG8F,BLANKET,1
B083SRWTPP,BLANKET,2
B083TCZDMT,DRINKING_CUP,1
B083TK6FXF,DRINKING_CUP,1
B083TM52VK,SURFACE_CLEANING_WIPE,1
B083TQ127T,BLANKET,2
B083TQ8YP1,PUZZLES,2
B083TX67Y2,PUZZLES,1
B083TZJ6BB,BLANKET,2
B083V8GZGC,BLANKET,1
B083VR2Y1L,PUZZLES,1
B083VRKPF8,BAKING_PAN,1
B083VSB8H1,BAKING_PAN,2
B083VV7QK3,BAKING_PAN,2
B083VVCX24,BAKING_PAN,3
B083VWJ7V4,DRINKING_CUP,1
B083W8RDLP,BLANKET,1
B083WRNL8V,BAKING_PAN,1
B083X5XT1J,DRINKING_CUP,1
B083XHPNQH,DRINKING_CUP,1
B083XJYJCB,DRINKING_CUP,1
B083XN75Z6,BLANKET,1
B083XRMK2Y,PUZZLES,1
B083Y1NJ59,DRINKING_CUP,1
B083YTBZDX,BLANKET,1
B083YTGBJD,DRINKING_CUP,1
B083Z8KC2Y,PUZZLES,1
B083ZFZ9KG,DRINKING_CUP,1
B083ZGMM7B,DRINKING_CUP,1
B083ZK9HTW,DRINKING_CUP,2
B083ZKNZKP,DRINKING_CUP,1
B083ZKW4JZ,DRINKING_CUP,1
B083ZNFR3F,BLANKET,1
B083ZQGS98,DRINKING_CUP,1
B083ZSQ8Z9,DRINKING_CUP,1
B084218LZV,BLANKET,2
B0842BC6RW,DRINKING_CUP,1
B0842BYPL5,DRINKING_CUP,1
B0842N6365,DRINKING_CUP,1
B0842NMT98,DRINKING_CUP,1
B0842S5T94,BLANKET,1
B0842TW6M4,PUZZLES,1
B08436PZ3N,DRINKING_CUP,1
B0843CBBWT,PUZZLES,1
B0843FW844,BLANKET,1
B0843HY541,PUZZLES,1
B0843SXRN8,BLANKET,1
B0843TN62J,DRINKING_CUP,1
B0843ZF7JW,BLANKET,1
B0843ZLXGB,BLANKET,1
B0843ZQHQ7,BLANKET,1
B08443VX39,BAKING_PAN,1
B08443WXHD,BAKING_PAN,1
B0844B2T22,DRINKING_CUP,1
B0844CGF4J,DRINKING_CUP,1
B0844H8M3P,BLANKET,1
B0844JF5MH,DRINKING_CUP,1
B0844PJ49T,DRINKING_CUP,1
B0844QRFKX,DRINKING_CUP,1
B0844TWQLW,PUZZLES,1
B0844WNWR3,BLANKET,1
B0845Q1WQL,BLANKET,1
B0845XYT99,PUZZLES,1
B0846KZPGY,DRINKING_CUP,1
B08485KH1H,BAKING_PAN,1
B0848VJXHK,DRINKING_CUP,1
B0849GKHH1,PUZZLES,1
B0849GPX78,PUZZLES,1
B0849HJF9M,DRINKING_CUP,1
B0849VNYXG,DRINKING_CUP,1
B0849XM9ZQ,DRINKING_CUP,1
B084BZ2S37,PUZZLES,1
B084C5CZSD,DRINKING_CUP,1
B084CTGC9W,BLANKET,1
B084CXCSWP,DRINKING_CUP,1
B084D96JJ9,DRINKING_CUP,1
B084DBFC8N,DRINKING_CUP,1
B084DCQCXC,DRINKING_CUP,1
B084DD8H3Q,DRINKING_CUP,2
B084DQGCWP,DRINKING_CUP,1
B084FXN3MT,PUZZLES,1
B084G7RCZK,PUZZLES,1
B084G8B2L6,DRINKING_CUP,1
B084GFKNQJ,BLANKET,1
B084GKP5GS,DRINKING_CUP,1
B084GZMJ8P,DRINKING_CUP,1
B084H2S31C,BLANKET,1
B084H5RSH9,PUZZLES,1
B084H71C8D,BLANKET,3
B084H75L7V,BAKING_PAN,2
B084HHV9CQ,DRINKING_CUP,1
B084HK26DN,PUZZLES,1
B084JDVL4C,BLANKET,1
B084JFKP1M,DRINKING_CUP,1
B084JFMSDD,DRINKING_CUP,1
B084JFRDZK,DRINKING_CUP,1
B084JGPJVM,DRINKING_CUP,2
B084JHXS6H,DRINKING_CUP,1
B084JJQFTG,DRINKING_CUP,3
B084JNYTV3,DRINKING_CUP,1
B084JNZCDW,DRINKING_CUP,3
B084JPB4HS,DRINKING_CUP,1
B084JPR5VX,DRINKING_CUP,2
B084JSTGNY,BLANKET,1
B084KHZY9N,DRINKING_CUP,2
B084KHZY9P,DRINKING_CUP,1
B084KQ5N7R,DRINKING_CUP,1
B084KW2N9H,BLANKET,1
B084KYWBK2,DRINKING_CUP,1
B084L1X127,PUZZLES,1
B084LR7843,BLANKET,1
B084M3QRQ9,PUZZLES,3
B084M5J7BM,PUZZLES,1
B084MMBKJM,DRINKING_CUP,1
B084N3D5CW,DRINKING_CUP,14
B084NSTR51,DRINKING_CUP,1
B084NWLTB3,DRINKING_CUP,1
B084NXK8TW,PUZZLES,1
B084NY86CG,PUZZLES,1
B084NYNH2H,PUZZLES,2
B084P14YPJ,BLANKET,1
B084P3K6WX,TOILET_PAPER,1
B084P7CKST,TOILET_PAPER,1
B084PCJS8N,PUZZLES,1
B084PTG163,DRINKING_CUP,1
B084Q48FGB,DRINKING_CUP,1
B084Q4DHD4,PUZZLES,1
B084R853ML,BLANKET,2
B084RBN7WR,BLANKET,1
B084RF6VKZ,BLANKET,3
B084RH8K1G,BLANKET,1
B084RJFLRD,BLANKET,1
B084RJSCCY,BLANKET,1
B084RKG2NN,BLANKET,1
B084RNLCLB,BLANKET,1
B084RNYH3W,BLANKET,2
B084RRY8Z2,DRINKING_CUP,1
B084STZHXR,DRINKING_CUP,1
B084T1129M,BLANKET,1
B084T1G167,BLANKET,1
B084T6X5HF,PUZZLES,1
B084T841WD,PUZZLES,1
B084VJS6ZT,BLANKET,1
B084WWSJXC,BLANKET,3
B084WXR3WN,DRINKING_CUP,1
B084X8VG8T,BLANKET,1
B084YP7LVL,DRINKING_CUP,1
B084Z55M47,DRINKING_CUP,1
B084ZC629L,PUZZLES,2
B084ZDGZC5,DRINKING_CUP,1
B084ZVW6DG,BLANKET,1
B08512XV8V,PUZZLES,1
B08513FYJM,PUZZLES,1
B08513PSRZ,PUZZLES,1
B08519KWWQ,DRINKING_CUP,1
B08519YY23,PUZZLES,1
B0851H95GL,DRINKING_CUP,2
B0851HB1Z2,DRINKING_CUP,1
B0851HJBWZ,DRINKING_CUP,1
B0851PR37K,PUZZLES,1
B0851QJ4BK,SURFACE_CLEANING_WIPE,4
B0851SQ83K,BLANKET,1
B0851SX8LK,BLANKET,1
B0851TFRNN,BLANKET,5
B0851TMQN8,BLANKET,1
B0852CQKVN,PUZZLES,1
B0852G8TZB,BLANKET,1
B0852JH4TK,DRINKING_CUP,1
B0852JR8W4,DRINKING_CUP,1
B08533MCQF,PUZZLES,1
B0853C1PCB,BLANKET,1
B08542G6L3,BLANKET,1
B08542SJTP,DRINKING_CUP,1
B0854HXQ4L,DRINKING_CUP,3
B0854L49MB,DRINKING_CUP,1
B0854W1C2G,TOILET_PAPER,22
B0854W3CKH,TOILET_PAPER,1
B0854W9JWZ,TOILET_PAPER,9
B0854W9N48,TOILET_PAPER,2
B0854WL4G3,TOILET_PAPER,122
B0855L9KDQ,DRINKING_CUP,1
B0855LC1DD,PUZZLES,1
B08563NBLG,BLANKET,1
B08563ZV4F,BLANKET,1
B0856T9KZ3,DRINKING_CUP,1
B0856VL9NF,BAKING_PAN,1
B08571JWXL,TOILET_PAPER,1
B0857KTNRR,PUZZLES,1
B0857L112M,PUZZLES,1
B0857LT5FN,PUZZLES,1
B08583RQ3N,PUZZLES,1
B08584XWXF,PUZZLES,1
B0858W2731,DRINKING_CUP,2
B0858XQMGT,PUZZLES,1
B08597ZS6T,DRINKING_CUP,1
B08598MBYK,DRINKING_CUP,2
B0859C1K6S,DRINKING_CUP,2
B0859XBLWM,DRINKING_CUP,1
B0859XSCQ5,DRINKING_CUP,1
B085BGM6B6,BAKING_PAN,1
B085BJ2S3H,DRINKING_CUP,1
B085BJ81X3,DRINKING_CUP,1
B085BJ882J,DRINKING_CUP,1
B085BJQGPC,PUZZLES,2
B085BN6DPX,SURFACE_CLEANING_WIPE,1
B085BSVKKP,BLANKET,1
B085CDFNC5,DRINKING_CUP,1
B085CJRKDZ,DRINKING_CUP,1
B085DK5N6Q,DRINKING_CUP,1
B085F4CQWT,DRINKING_CUP,1
B085FSHHJV,SURFACE_CLEANING_WIPE,1
B085FYDTKL,BLANKET,1
B085G1612R,TOILET_PAPER,4
B085G21VFJ,DRINKING_CUP,1
B085G2BP6F,PUZZLES,1
B085G58H2L,PUZZLES,2
B085H82TYH,PUZZLES,1
B085HDRWKQ,TOILET_PAPER,1
B085HNJMK1,BLANKET,1
B085HNW81Z,DRINKING_CUP,2
B085J1QL48,DRINKING_CUP,1
B085J3DGVF,DRINKING_CUP,1
B085JYQFW1,DRINKING_CUP,1
B085K7LTF6,DRINKING_CUP,1
B085KBLDRR,SURFACE_CLEANING_WIPE,1
B085KTX3KC,DRINKING_CUP,1
B085KWJP24,BLANKET,2
B085L7KHP1,PUZZLES,1
B085LCWW72,PUZZLES,1
B085LPPP3F,BLANKET,1
B085LPTJWK,DRINKING_CUP,1
B085LT8Q2V,BLANKET,1
B085M8FVWN,DRINKING_CUP,1
B085M8TPRF,DRINKING_CUP,1
B085MV485L,DRINKING_CUP,1
B085NCVLD6,TOILET_PAPER,1
B085NDSJBV,DRINKING_CUP,2
B085NNRTZM,PUZZLES,1
B085NPG1YP,PUZZLES,1
B085NPM4XH,DRINKING_CUP,1
B085NPZRBJ,DRINKING_CUP,1
B085NSDNFP,PUZZLES,1
B085P1GGFB,DRINKING_CUP,1
B085PN72N3,DRINKING_CUP,1
B085PRVQF9,PUZZLES,1
B085QB6FJ4,DRINKING_CUP,1
B085QB7FFJ,DRINKING_CUP,1
B085QM7KP1,DRINKING_CUP,1
B085QYRHR5,DRINKING_CUP,1
B085RD64Q3,DRINKING_CUP,1
B085RG71GY,DRINKING_CUP,1
B085RJFHCB,DRINKING_CUP,1
B085RK4J9L,PUZZLES,2
B085RKYJ9X,PUZZLES,2
B085RLGF91,PUZZLES,1
B085S5368Q,DRINKING_CUP,1
B085SX58MC,BLANKET,1
B085SXZJJC,DRINKING_CUP,1
B085T28ZTT,PUZZLES,2
B085T2JFJK,DRINKING_CUP,1
B085T2XXM3,DRINKING_CUP,2
B085T9B35R,PUZZLES,1
B085TBH5KD,BLANKET,1
B085TKXBGC,BLANKET,1
B085TQSCYS,DRINKING_CUP,1
B085VHWVY7,TOILET_PAPER,1
B085VTVXY6,TOILET_PAPER,2
B085VVHBLX,DRINKING_CUP,2
B085VVLBZH,TOILET_PAPER,1
B085VVYCN7,BLANKET,1
B085VXBFKZ,TOILET_PAPER,1
B085W3MTYY,PUZZLES,1
B085W3YG7S,TOILET_PAPER,1
B085WJKVM8,DRINKING_CUP,1
B085WY4VXB,TOILET_PAPER,2
B085X4THGK,PUZZLES,1
B085XB5RCB,BLANKET,1
B085XBBSFD,BLANKET,1
B085XBGQ47,TOILET_PAPER,1
B085XBHCPV,BLANKET,1
B085XBQFVM,BLANKET,1
B085XDWPRW,TOILET_PAPER,1
B085XKZC5N,PUZZLES,3
B085XLRZPC,TOILET_PAPER,1
B085XVYR2Y,BLANKET,1
B085XWCX2V,BLANKET,1
B085XWKZ6Z,BLANKET,1
B085Z215WY,DRINKING_CUP,3
B085ZTV6WF,BLANKET,1
B085ZZ16H9,BLANKET,2
B085ZZTSQQ,BLANKET,1
B0861153WH,DRINKING_CUP,1
B086136LLK,BLANKET,1
B08613DM2Q,BLANKET,1
B08618C3FD,PUZZLES,1
B08619SNJF,BLANKET,1
B0861C59KS,BLANKET,1
B0861D7KJG,BAKING_PAN,1
B0861P55ZG,DRINKING_CUP,2
B0861VGC36,DRINKING_CUP,1
B0861VP21W,TOILET_PAPER,1
B08623H9TY,DRINKING_CUP,1
B0862CR765,BLANKET,1
B086342GRZ,DRINKING_CUP,1
B08635NLC7,BLANKET,1
B08637FR4B,DRINKING_CUP,3
B0863JYXRS,TOILET_PAPER,1
B0863T18QD,PUZZLES,1
B0863V2GS1,PUZZLES,1
B0863WL1L3,PUZZLES,1
B08643YQT2,PUZZLES,1
B0865XCJ7W,DRINKING_CUP,1
B0865ZN8DD,DRINKING_CUP,1
B08661FXHP,PUZZLES,1
B08665TBT5,BAKING_PAN,1
B0866BMWDV,PUZZLES,2
B0866BWZVD,PUZZLES,1
B0866F4RK2,BLANKET,1
B0866F5CF3,BLANKET,1
B08683VKC7,SURFACE_CLEANING_WIPE,6
B08686QC1S,DRINKING_CUP,1
B08687F5CM,BLANKET,1
B0868DNHD6,BLANKET,1
B0868PQXKP,BLANKET,1
B086938S2T,BLANKET,1
B08693HQ7C,BLANKET,1
B08694N8Z4,BLANKET,1
B08694WHJK,BLANKET,1
B0869NWJ6Q,BLANKET,1
B0869QWV5B,TOILET_PAPER,1
B0869QZ9CR,BLANKET,1
B0869R4FLC,BLANKET,1
B086C4FB35,TOILET_PAPER,1
B086D1GHQQ,BAKING_PAN,1
B086D5N2QS,PUZZLES,1
B086D7BJ91,BLANKET,1
B086DWQBPS,PUZZLES,1
B086DYGWCL,BLANKET,1
B086FKJ2X1,DRINKING_CUP,1
B086FVYGP2,DRINKING_CUP,1
B086G54YKL,BLANKET,1
B086GBK55N,BLANKET,1
B086GCB561,BLANKET,2
B086GDQVWY,DRINKING_CUP,1
B086GMNSMV,BLANKET,1
B086GPSW5Z,DRINKING_CUP,1
B086GQV6X7,PUZZLES,1
B086GSGT15,BLANKET,1
B086H3G65P,DRINKING_CUP,1
B086HL6DRP,DRINKING_CUP,1
B086J188MD,DRINKING_CUP,3
B086JCVB86,DRINKING_CUP,1
B086JK3PY2,DRINKING_CUP,1
B086JP5K7H,DRINKING_CUP,1
B086JQFN4B,TOILET_PAPER,1
B086JTQ2FM,DRINKING_CUP,1
B086JX6TQX,BLANKET,1
B086JZ7484,BLANKET,1
B086K2DF9N,PUZZLES,1
B086K3QBC1,PUZZLES,2
B086KQMDWC,DRINKING_CUP,1
B086KWXJMY,BLANKET,1
B086KXP8H3,BLANKET,1
B086KZW3WX,BLANKET,1
B086L14C54,BLANKET,1
B086L1B69N,BLANKET,1
B086L4RC68,BLANKET,1
B086L9R1DD,BLANKET,1
B086LC8L34,BLANKET,1
B086LLSWNV,SURFACE_CLEANING_WIPE,3
B086M43BZR,BLANKET,1
B086M4JGRC,BLANKET,1
B086M6J68Y,SURFACE_CLEANING_WIPE,4
B086M7LNHN,SURFACE_CLEANING_WIPE,1
B086MBQHHV,BLANKET,1
B086MGBV2G,PUZZLES,1
B086MKPYV9,TOILET_PAPER,1
B086MRR82C,PUZZLES,1
B086PHJWST,PUZZLES,1
B086PNKX2P,PUZZLES,1
B086PT3CVK,BAKING_PAN,1
B086PYR8XH,DRINKING_CUP,1
B086Q25M15,BLANKET,1
B086Q3162R,DRINKING_CUP,1
B086Q6G3SJ,PUZZLES,1
B086QC5ZHB,BLANKET,1
B086QGSQ3B,DRINKING_CUP,1
B086QHJYPY,SURFACE_CLEANING_WIPE,1
B086QWZP6V,PUZZLES,1
B086RB8DGT,DRINKING_CUP,1
B086RFDQTJ,DRINKING_CUP,2
B086RRV3BN,BLANKET,1
B086SM9DRW,DRINKING_CUP,2
B086SN915B,BLANKET,1
B086T18PN2,PUZZLES,1
B086T3BQFG,DRINKING_CUP,1
B086T3LSBS,DRINKING_CUP,3
B086T48ZV8,BLANKET,1
B086VBSF9D,DRINKING_CUP,2
B086VVQ7L8,BLANKET,1
B086WF8FVR,BAKING_PAN,1
B086WM7W6L,BAKING_PAN,1
B086WWMQ79,BLANKET,1
B086WY9PVP,PUZZLES,1
B086XDM9GR,DRINKING_CUP,1
B086XG4C5H,DRINKING_CUP,1
B086Y8Q6W8,PUZZLES,1
B086YHD6BP,BLANKET,1
B086Z4LC86,DRINKING_CUP,1
B086Z52CYF,BLANKET,1
B086Z5X3XZ,BLANKET,3
B086Z6NX8N,BLANKET,1
B086ZQVKNW,PUZZLES,1
B086ZV5YXP,PUZZLES,2
B086ZX63Z4,PUZZLES,1
B0871247QL,PUZZLES,1
B0871NMCGF,BLANKET,1
B0871Q94X7,PUZZLES,1
B0871Y2F3Q,BLANKET,1
B08722D6QM,BLANKET,1
B0872M7Q3D,DRINKING_CUP,1
B0872MRHYL,BLANKET,1
B0872SC5DZ,DRINKING_CUP,2
B0872V4Y8H,BLANKET,1
B087346Q54,BLANKET,1
B0873CJ9YX,BAKING_PAN,5
B08745TPP1,BLANKET,1
B08746TPRC,BLANKET,1
B08747SJDD,BLANKET,1
B0874979CY,PUZZLES,1
B08749KRYV,BLANKET,1
B0874B6FXN,BLANKET,1
B0874HTBB4,BLANKET,1
B0874LGXL8,BLANKET,1
B0874VFF2F,TOILET_PAPER,5
B0875L35KF,PUZZLES,1
B0875T5GB4,BLANKET,1
B0875V74P9,PUZZLES,1
B0876XH28V,PUZZLES,1
B0877KP9Z4,BLANKET,1
B0877KQ6SR,BLANKET,1
B0877TNBQ5,DRINKING_CUP,1
B087885GH7,DRINKING_CUP,1
B0878CTV52,DRINKING_CUP,1
B0878CVJQ1,DRINKING_CUP,1
B0878DGV1J,BLANKET,1
B0878DHQW6,DRINKING_CUP,1
B0878DQC63,DRINKING_CUP,1
B0878HN738,DRINKING_CUP,2
B0878KWX61,DRINKING_CUP,1
B0878L2TKC,PUZZLES,1
B0878RXMQJ,DRINKING_CUP,1
B0878V4KP9,DRINKING_CUP,1
B0878WN4J7,BLANKET,1
B0878YTY68,BLANKET,1
B08791V95V,PUZZLES,1
B0879356PN,DRINKING_CUP,1
B087B5B3P5,BAKING_PAN,1
B087B5PNV9,BLANKET,1
B087B99F31,PUZZLES,1
B087BDC4ND,BLANKET,1
B087BGYW8Y,DRINKING_CUP,1
B087BK166Z,BAKING_PAN,1
B087BZZCCP,PUZZLES,1
B087C1P2J5,PUZZLES,1
B087CB9FZ7,DRINKING_CUP,1
B087CCCBYT,BLANKET,1
B087CDK43L,BAKING_PAN,1
B087CGSDWN,BLANKET,1
B087CH88FS,BLANKET,1
B087CH8P2H,BLANKET,1
B087CH8YN7,BLANKET,1
B087CHTMG8,BLANKET,1
B087CHXC8Y,DRINKING_CUP,1
B087CPM6N5,PUZZLES,1
B087CQ8363,PUZZLES,1
B087CS97QN,BLANKET,1
B087D1F1YQ,TOILET_PAPER,1
B087D1ZCMG,DRINKING_CUP,1
B087D8R8YM,BAKING_PAN,1
B087DZ5F3B,PUZZLES,1
B087DZ9R86,BLANKET,1
B087F1D9Z5,PUZZLES,1
B087F3BZXD,PUZZLES,1
B087F5CFPN,BLANKET,1
B087GBDKGL,PUZZLES,1
B087GHX5TD,BAKING_PAN,1
B087HJ5981,BAKING_PAN,1
B087HQWZTZ,BAKING_PAN,1
B087HY4QJ3,DRINKING_CUP,1
B087J8YTH4,BLANKET,1
B087J9YRG9,BLANKET,1
B087JGRKY9,DRINKING_CUP,2
B087JKVPBH,BLANKET,1
B087JLZ1HH,BLANKET,1
B087JMNYNQ,DRINKING_CUP,1
B087JNDQRL,PUZZLES,1
B087JP4ZJC,BLANKET,2
B087K161DH,SURFACE_CLEANING_WIPE,1
B087K1PW6F,PUZZLES,2
B087L1JSYY,DRINKING_CUP,1
B087LPDQCF,BAKING_PAN,1
B087LW4XFF,DRINKING_CUP,1
B087LWPTB5,BAKING_PAN,1
B087LX63BJ,DRINKING_CUP,1
B087LY9KBV,BLANKET,4
B087M3GRSN,BLANKET,1
B087M4TNQP,BAKING_PAN,1
B087M85YRN,DRINKING_CUP,3
B087MB5GZR,DRINKING_CUP,1
B087MBW2JP,DRINKING_CUP,1
B087N1Y5VG,DRINKING_CUP,1
B087N21J2D,BLANKET,1
B087N383X7,PUZZLES,2
B087N39LNF,DRINKING_CUP,3
B087N825ND,PUZZLES,1
B087NF9J1H,DRINKING_CUP,1
B087NGM9JC,BAKING_PAN,1
B087P2MSHX,DRINKING_CUP,1
B087P9HV6H,PUZZLES,1
B087PJZX3V,BLANKET,1
B087PT5TP1,DRINKING_CUP,1
B087PVXVZM,PUZZLES,1
B087Q5YNCF,BLANKET,1
B087QKW91B,DRINKING_CUP,1
B087QTFH4S,BAKING_PAN,2
B087R2922P,DRINKING_CUP,1
B087R39SGQ,DRINKING_CUP,1
B087R3TFWQ,TOILET_PAPER,1
B087R9XH72,DRINKING_CUP,1
B087RD8T64,BLANKET,1
B087RDFB1F,BLANKET,2
B087RDH71N,BLANKET,1
B087RDSBS9,BLANKET,1
B087RG3NN4,BAKING_PAN,3
B087RGYSY2,BLANKET,1
B087RHFR3X,BLANKET,1
B087RJ5XV7,BLANKET,1
B087RKBGR1,BLANKET,1
B087RL719X,PUZZLES,1
B087RMGJ12,PUZZLES,1
B087RPH1XD,TOILET_PAPER,1
B087T2HJH7,DRINKING_CUP,1
B087T8PNJV,DRINKING_CUP,1
B087TH443N,PUZZLES,1
B087TJXKX2,BLANKET,1
B087TL8VTM,BLANKET,1
B087TMQRBV,DRINKING_CUP,1
B087TNCZ9K,DRINKING_CUP,1
B087TNK47Z,BLANKET,1
B087TNPXVS,DRINKING_CUP,1
B087TSHPQ5,BLANKET,1
B087V127RR,BLANKET,1
B087WJD31R,PUZZLES,1
B087X365HK,BLANKET,1
B087X4CWTX,PUZZLES,1
B087YW72V2,BLANKET,2
B087YZZLVS,BLANKET,5
B087Z2R4ZT,DRINKING_CUP,1
B087ZQTG89,DRINKING_CUP,1
B087ZX73LQ,PUZZLES,1
B08817N25C,DRINKING_CUP,1
B08818F5Y8,PUZZLES,2
B0881NBDKN,BAKING_PAN,1
B0881PCPDZ,PUZZLES,2
B0881Q9LBV,PUZZLES,1
B0881RLDYX,DRINKING_CUP,1
B0881TJK76,DRINKING_CUP,1
B088223DXD,SURFACE_CLEANING_WIPE,1
B08828K18F,DRINKING_CUP,4
B0882KGHHT,PUZZLES,1
B0882ZM4XM,BLANKET,1
B088341J66,BLANKET,1
B0883B1671,PUZZLES,1
B0885S7PF5,DRINKING_CUP,1
B0885W3NR5,DRINKING_CUP,1
B088618SSJ,PUZZLES,1
B088628YP1,BAKING_PAN,1
B08863T391,BLANKET,1
B088685Y5G,PUZZLES,2
B0886F51FS,DRINKING_CUP,1
B08878MZRZ,DRINKING_CUP,1
B0887BCBK4,DRINKING_CUP,4
B0887CVKLG,DRINKING_CUP,1
B0887J86CQ,DRINKING_CUP,1
B0887VLRSR,DRINKING_CUP,1
B0887VY786,PUZZLES,1
B088821F4X,BAKING_PAN,1
B08883HC5N,DRINKING_CUP,1
B08885Z8V9,PUZZLES,1
B088883KY5,PUZZLES,1
B088885KQS,DRINKING_CUP,2
B0888GDZMW,BLANKET,1
B0888GLZFW,BLANKET,1
B0888KH7B2,BLANKET,1
B0888WB2P4,BLANKET,2
B0888WB91Y,DRINKING_CUP,1
B088BLZMKF,DRINKING_CUP,1
B088CR1SQR,DRINKING_CUP,1
B088CXDVDG,BLANKET,3
B088CXZHZK,DRINKING_CUP,2
B088D4J7NT,BLANKET,1
B088D5XGP1,DRINKING_CUP,1
B088D6VV8H,BLANKET,1
B088D91BJ2,PUZZLES,1
B088DB3Z32,PUZZLES,1
B088DSXNVM,DRINKING_CUP,1
B088F7F127,DRINKING_CUP,1
B088FGX2TZ,DRINKING_CUP,1
B088G2L5YH,DRINKING_CUP,1
B088GQ1VKM,PUZZLES,2
B088GX79HT,DRINKING_CUP,1
B088H62MBW,BAKING_PAN,1
B088HDLQ7H,BLANKET,1
B088HFZJ6F,BLANKET,1
B088HG48TK,BLANKET,1
B088HGJK9R,DRINKING_CUP,1
B088HGWGKY,DRINKING_CUP,5
B088HJGRNF,BLANKET,1
B088JPQ5ZT,PUZZLES,1
B088JXVJS1,BAKING_PAN,1
B088JY28KH,PUZZLES,3
B088JYP6JX,PUZZLES,1
B088K1NLCS,BAKING_PAN,1
B088K3K7JS,DRINKING_CUP,1
B088K7PPX7,BAKING_PAN,1
B088LMP6KC,PUZZLES,1
B088LQ75SN,BLANKET,1
B088LT995B,BLANKET,1
B088LW37QL,PUZZLES,1
B088LZ11JX,BLANKET,1
B088M3557K,BAKING_PAN,1
B088M62CZ9,BLANKET,1
B088MGXKPX,DRINKING_CUP,2
B088NJGF7M,BLANKET,1
B088NMLJZS,PUZZLES,1
B088NVK6D6,PUZZLES,1
B088P8JJ9F,PUZZLES,1
B088PY6D7Q,BLANKET,1
B088Q5ZQ6Q,DRINKING_CUP,1
B088Q8VQ6Q,BLANKET,1
B088Q9LZ12,BLANKET,1
B088QDM4BX,BLANKET,1
B088QG38B7,DRINKING_CUP,1
B088QVXX4S,PUZZLES,1
B088R1WR7M,DRINKING_CUP,1
B088R1WV7F,BLANKET,1
B088R5CNGP,BAKING_PAN,1
B088R6QBR4,PUZZLES,1
B088RLKZZJ,PUZZLES,1
B088RM2SS8,PUZZLES,1
B088SC3K9D,PUZZLES,1
B088SD8KGY,PUZZLES,1
B088SXJMX6,BLANKET,1
B088T36L9N,PUZZLES,1
B088T79ZCS,TOILET_PAPER,1
B088T9C2X6,DRINKING_CUP,1
B088TFH9VB,DRINKING_CUP,1
B088TL7NHB,DRINKING_CUP,1
B088TR1YQD,DRINKING_CUP,1
B088TRR72S,DRINKING_CUP,1
B088TVY7QP,PUZZLES,1
B088TY1C55,PUZZLES,1
B088W43YLR,BLANKET,1
B088WDG5M8,BAKING_PAN,1
B088WFNWN4,DRINKING_CUP,1
B088WHHG96,BLANKET,2
B088WL3C2C,PUZZLES,1
B088WLG6F7,BLANKET,2
B088WMDCVT,BLANKET,1
B088WMT52T,DRINKING_CUP,1
B088WQBH5T,DRINKING_CUP,1
B088WYRDLL,BLANKET,1
B088WZHCGF,DRINKING_CUP,1
B088WZM96V,BLANKET,1
B088X5K6R3,PUZZLES,1
B088YFD7FC,BLANKET,1
B088YTQKXF,PUZZLES,1
B08911PX9C,BLANKET,1
B08913GF85,BLANKET,1
B0891T6JJ1,PUZZLES,1
B0891VSJBF,DRINKING_CUP,1
B0891Y1DJJ,PUZZLES,1
B0891Z15X4,PUZZLES,1
B0891ZW5ZX,BLANKET,1
B08926W2FN,BAKING_PAN,2
B089293155,BLANKET,1
B0892X3QDB,PUZZLES,1
B0892XY472,PUZZLES,1
B0892Y7TKG,PUZZLES,1
B0892YSK9C,PUZZLES,1
B08933YW4S,BLANKET,1
B08937CRZX,PUZZLES,1
B0894DSY79,BLANKET,1
B0894SW3TL,BAKING_PAN,1
B08954269Z,BLANKET,1
B08957CD8B,PUZZLES,1
B0895P14R3,DRINKING_CUP,1
B0895P8GJQ,BLANKET,1
B0895QYNCL,PUZZLES,1
B0895WPD69,PUZZLES,1
B08962TBNN,BLANKET,1
B08963LGK5,BLANKET,1
B0896K5YXR,DRINKING_CUP,1
B0896KVCJY,DRINKING_CUP,1
B0896KZBS3,DRINKING_CUP,1
B0896LKWDS,DRINKING_CUP,2
B08971ZTHB,PUZZLES,1
B08977PH9T,BLANKET,3
B0897JQP2V,PUZZLES,1
B08988PX9L,DRINKING_CUP,1
B08989NL3V,DRINKING_CUP,1
B0899FR59T,BLANKET,1
B0899L2DFQ,DRINKING_CUP,1
B0899R8ZSV,BLANKET,1
B0899TVX1S,DRINKING_CUP,1
B0899XMN8S,DRINKING_CUP,1
B089B4KKN9,PUZZLES,1
B089B55CD5,DRINKING_CUP,1
B089B644PN,BLANKET,1
B089B6WNRW,PUZZLES,1
B089B74C3W,BLANKET,1
B089B7NR7M,BLANKET,1
B089CFLSNN,PUZZLES,3
B089CGW9P8,PUZZLES,1
B089CP7YQJ,BLANKET,1
B089CZPXSL,DRINKING_CUP,1
B089D83FBN,BLANKET,1
B089DJRWB4,PUZZLES,1
B089DLSZ1F,DRINKING_CUP,1
B089DNC63V,BLANKET,1
B089F4VM95,PUZZLES,1
B089F5W6J3,BLANKET,1
B089F614GW,PUZZLES,1
B089F76GYB,BLANKET,1
B089FC2MXV,TOILET_PAPER,1
B089FD214C,PUZZLES,1
B089G4JDVB,BLANKET,1
B089GJR8N3,TOILET_PAPER,1
B089GS64R9,BAKING_PAN,1
B089GVP7R6,PUZZLES,1
B089JJV8TQ,DRINKING_CUP,1
B089K74ZXS,BAKING_PAN,1
B089KB54QZ,BLANKET,1
B089KD1MTG,BLANKET,1
B089KVB7PT,DRINKING_CUP,2
B089LJ9148,PUZZLES,4
B089LNWF82,PUZZLES,2
B089LWW1FG,DRINKING_CUP,1
B089LX3Y6G,DRINKING_CUP,1
B089M55ZPB,BAKING_PAN,1
B089N4KZC6,BLANKET,1
B089N513FL,DRINKING_CUP,1
B089N57JGS,BAKING_PAN,10
B089N78H89,PUZZLES,1
B089N7JRD2,BLANKET,1
B089NBN9MM,BLANKET,1
B089NMHPH3,DRINKING_CUP,1
B089NQQVD6,DRINKING_CUP,1
B089NYTWFR,PUZZLES,1
B089NYXTXW,DRINKING_CUP,1
B089P2YD6N,BLANKET,1
B089P2ZZLY,BLANKET,1
B089PVZXZB,DRINKING_CUP,1
B089PX6BCZ,BLANKET,1
B089PXTT9K,BAKING_PAN,1
B089PZJSHD,DRINKING_CUP,1
B089PZNKTS,BLANKET,1
B089Q297SM,BLANKET,1
B089Q54S7Q,DRINKING_CUP,1
B089Q6MF19,DRINKING_CUP,1
B089Q8BV1B,BAKING_PAN,1
B089Q997H2,PUZZLES,1
B089Q9FB6G,DRINKING_CUP,1
B089QB7CK1,DRINKING_CUP,1
B089QDNLC4,PUZZLES,1
B089QJ1HJW,DRINKING_CUP,1
B089QJNL35,DRINKING_CUP,1
B089QK5XSY,PUZZLES,1
B089QR7Q6H,PUZZLES,1
B089QSHDNF,DRINKING_CUP,1
B089QSHPJ2,BLANKET,1
B089QTH7BN,DRINKING_CUP,1
B089QVCP5X,BLANKET,1
B089S1ZQLG,PUZZLES,2
B089SFY8LZ,PUZZLES,1
B089SGRVBJ,DRINKING_CUP,1
B089SNGSK8,DRINKING_CUP,1
B089T7HM84,DRINKING_CUP,1
B089T7ZNDS,DRINKING_CUP,1
B089VHGT14,PUZZLES,1
B089VPKL9P,DRINKING_CUP,3
B089VR7M43,BLANKET,1
B089VRHHZP,BLANKET,2
B089VV7SSM,PUZZLES,1
B089VZWNKZ,DRINKING_CUP,2
B089W4HF6B,DRINKING_CUP,1
B089W5YYX8,BLANKET,2
B089WFRN25,DRINKING_CUP,1
B089WFT8C9,BLANKET,3
B089WG5SD3,BLANKET,2
B089WGJJMP,DRINKING_CUP,1
B089WH2CVT,BLANKET,2
B089WH3G49,DRINKING_CUP,1
B089WHB83F,DRINKING_CUP,1
B089WJ62J3,BLANKET,1
B089XCYCMR,PUZZLES,1
B089XZFGC4,BAKING_PAN,1
B089Y53JMY,BLANKET,1
B089Y5BLZP,DRINKING_CUP,1
B089Y6TRDP,BAKING_PAN,1
B089Y8KVBW,BLANKET,1
B089YGK8WW,DRINKING_CUP,1
B089YN3TX2,BLANKET,2
B089YNCPND,BLANKET,1
B089YNG352,BLANKET,1
B089YVPLL6,DRINKING_CUP,1
B089YWWLKW,DRINKING_CUP,1
B08B12Y2HW,PUZZLES,1
B08B134J92,BLANKET,1
B08B1CJG22,BLANKET,1
B08B1D5J9T,PUZZLES,1
B08B1GSGGL,BLANKET,1
B08B1KS8ZS,BAKING_PAN,1
B08B1KXM3L,PUZZLES,1
B08B1TF63P,PUZZLES,2
B08B1VHNQ7,PUZZLES,1
B08B1WTDGR,DRINKING_CUP,1
B08B2BG3R5,DRINKING_CUP,2
B08B2BP1Q2,DRINKING_CUP,2
B08B2S8Y8F,DRINKING_CUP,1
B08B36HHQ6,DRINKING_CUP,1
B08B36K73Z,BLANKET,1
B08B3GMHJP,BLANKET,1
B08B3HRLZF,BLANKET,1
B08B3K953V,BLANKET,1
B08B3MSYCR,BLANKET,1
B08B3N92KT,BLANKET,1
B08B3VSWS6,BLANKET,1
B08B3ZYSKX,DRINKING_CUP,1
B08B45G46Z,DRINKING_CUP,1
B08B55R86K,PUZZLES,1
B08B5D7DMT,DRINKING_CUP,2
B08B5W6S7J,BLANKET,1
B08B5WWK8F,BLANKET,1
B08B69J4YV,BLANKET,1
B08B6DBWC5,BLANKET,1
B08B7SL6G6,DRINKING_CUP,2
B08B7VXRLS,BAKING_PAN,1
B08B7WXD8S,BLANKET,1
B08B7XT18Q,BAKING_PAN,1
B08B83BN7Q,BAKING_PAN,2
B08B89ZB8X,BLANKET,1
B08B8KH415,BLANKET,1
B08B8R1CQJ,BLANKET,1
B08B8XM6R9,DRINKING_CUP,1
B08B8XR6PR,BAKING_PAN,1
B08BB48VXP,BAKING_PAN,1
B08BB8PWDB,DRINKING_CUP,3
B08BBHLW3Q,DRINKING_CUP,4
B08BC1SND8,BLANKET,1
B08BC2SG7C,BLANKET,2
B08BC9DYVH,TOILET_PAPER,1
B08BCB861M,BLANKET,2
B08BCC1QRS,BAKING_PAN,1
B08BCKZLP1,DRINKING_CUP,1
B08BCLXP6K,BLANKET,1
B08BDC7HNN,BLANKET,1
B08BDL3GN9,BLANKET,1
B08BDQ1H18,BLANKET,1
B08BDTR6L6,BLANKET,1
B08BDW43FN,BLANKET,1
B08BF85DFG,BLANKET,1
B08BF9JZ9X,DRINKING_CUP,4
B08BFHHP1C,DRINKING_CUP,2
B08BFWYQWH,BLANKET,1
B08BFZK2XS,BLANKET,1
B08BG4WFPF,DRINKING_CUP,2
B08BG6CVQD,PUZZLES,1
B08BGD2YJ9,DRINKING_CUP,1
B08BHQHCYF,BLANKET,1
B08BJ9WDHK,DRINKING_CUP,2
B08BJ9Z66J,PUZZLES,1
B08BJGWLKY,BLANKET,1
B08BJR55PX,PUZZLES,1
B08BJSQL1S,PUZZLES,2
B08BJTS7CP,BAKING_PAN,1
B08BJYF97L,DRINKING_CUP,1
B08BKR9YT6,SURFACE_CLEANING_WIPE,54
B08BKVS1YN,BLANKET,1
B08BKVV2X4,BLANKET,1
B08BKWYV93,BLANKET,1
B08BL3NXP4,BLANKET,1
B08BL6ZHJ5,BLANKET,1
B08BL7K5WQ,BLANKET,1
B08BL8DPL2,PUZZLES,1
B08BLDN9G6,BLANKET,1
B08BLDPVP6,BLANKET,1
B08BLFK411,BLANKET,1
B08BLFTSRJ,BLANKET,1
B08BLHJBJ6,BLANKET,1
B08BLHWGF4,BLANKET,1
B08BLHXYYG,BLANKET,1
B08BLJGSGJ,BLANKET,1
B08BLLQ37Y,DRINKING_CUP,1
B08BMJMK2N,BLANKET,1
B08BNFVP2G,PUZZLES,1
B08BNL7BC2,DRINKING_CUP,1
B08BNMCP48,BLANKET,1
B08BNNF2D6,PUZZLES,1
B08BNNGX6D,DRINKING_CUP,1
B08BNTMXKV,PUZZLES,1
B08BNYJ4PP,BLANKET,1
B08BP4MJGG,DRINKING_CUP,1
B08BP5CC56,BLANKET,1
B08BP74KWR,BLANKET,1
B08BP7BC97,DRINKING_CUP,1
B08BPH3G5V,DRINKING_CUP,1
B08BQW7V4D,BLANKET,1
B08BR5J89N,DRINKING_CUP,1
B08BR76WS1,PUZZLES,2
B08BRGWG13,BAKING_PAN,1
B08BRJ53NC,DRINKING_CUP,1
B08BRLCPR6,BLANKET,1
B08BS29JVZ,DRINKING_CUP,1
B08BS3TLCP,PUZZLES,1
B08BS4CD2W,PUZZLES,1
B08BS4MCKW,PUZZLES,1
B08BS59XTF,PUZZLES,1
B08BS5CYD3,PUZZLES,1
B08BS5HD6H,PUZZLES,1
B08BS5MVDY,PUZZLES,1
B08BS5QX58,PUZZLES,1
B08BSCF6JP,PUZZLES,1
B08BSWM5GF,SURFACE_CLEANING_WIPE,1
B08BT6Y517,BLANKET,1
B08BTN6FQT,DRINKING_CUP,1
B08BTWMX7N,DRINKING_CUP,1
B08BTWXXG8,SURFACE_CLEANING_WIPE,1
B08BTZ6PG2,BLANKET,1
B08BWK4NMG,BLANKET,1
B08BWRZKYX,BLANKET,1
B08BWS54T5,DRINKING_CUP,1
B08BWWM9KV,PUZZLES,1
B08BWX8V4J,BLANKET,1
B08BX3RHT3,BAKING_PAN,1
B08BX7Y8MF,BLANKET,1
B08BY451W1,DRINKING_CUP,1
B08BY9QFCH,BLANKET,1
B08BYHH9T5,BLANKET,1
B08BYLYZHC,PUZZLES,1
B08BYSMGWY,BLANKET,1
B08BYZ85KH,PUZZLES,1
B08BZ7C4QX,DRINKING_CUP,1
B08BZ9FRPC,TOILET_PAPER,1
B08BZBHLBR,BLANKET,1
B08BZPRVNH,DRINKING_CUP,1
B08C253ZTK,BLANKET,1
B08C26RTR1,DRINKING_CUP,1
B08C2D3N34,BLANKET,1
B08C2D6T24,BLANKET,1
B08C2SGX7H,DRINKING_CUP,1
B08C3246DT,BLANKET,1
B08C41Q4H5,DRINKING_CUP,2
B08C4YYQGY,PUZZLES,1
B08C525773,BLANKET,1
B08C59Z8QQ,PUZZLES,1
B08C6BVPHM,DRINKING_CUP,1
B08C73GCJX,DRINKING_CUP,1
B08C73JDCC,BAKING_PAN,1
B08C74497R,DRINKING_CUP,1
B08C79CXDN,DRINKING_CUP,1
B08C7FLHJL,BLANKET,1
B08C7GPB47,PUZZLES,1
B08C7HPTDD,DRINKING_CUP,2
B08C7T9YB3,PUZZLES,1
B08C8JMSW1,DRINKING_CUP,4
B08C9K6JMK,BLANKET,1
B08C9MDVBF,DRINKING_CUP,1
B08C9MLTD1,DRINKING_CUP,1
B08C9MMZK5,DRINKING_CUP,1
B08C9T23MB,BLANKET,1
B08C9YWF8W,BLANKET,1
B08C9Z2XJJ,BLANKET,1
B08CB2VFKF,PUZZLES,1
B08CB51J7R,BAKING_PAN,1
B08CBLCF6M,BLANKET,1
B08CCFKTB7,BLANKET,1
B08CCX2Q8K,DRINKING_CUP,1
B08CCZW8WV,DRINKING_CUP,1
B08CD2XVLN,PUZZLES,2
B08CD4V3WL,DRINKING_CUP,1
B08CDF4NYF,PUZZLES,1
B08CDG3VD5,BLANKET,1
B08CDQ3QZS,PUZZLES,1
B08CDRSGVJ,DRINKING_CUP,1
B08CDS4WD5,DRINKING_CUP,1
B08CDSN64W,DRINKING_CUP,1
B08CDT1G1T,DRINKING_CUP,1
B08CDTM85H,DRINKING_CUP,1
B08CDTNPXT,BLANKET,1
B08CDTZLBD,DRINKING_CUP,1
B08CDV2Z9N,DRINKING_CUP,1
B08CDV96DX,BLANKET,1
B08CDVH6BY,BLANKET,1
B08CF1KL4C,BLANKET,1
B08CFLQ5LX,DRINKING_CUP,1
B08CG9KJWY,BLANKET,1
B08CGFWC9S,DRINKING_CUP,1
B08CGLHL45,DRINKING_CUP,3
B08CGNCMNF,DRINKING_CUP,1
B08CGT9X9N,BAKING_PAN,1
B08CH3QFP7,BLANKET,1
B08CH4K6JF,DRINKING_CUP,1
B08CHB91BC,PUZZLES,1
B08CHCFZB3,DRINKING_CUP,1
B08CHDLXR8,BLANKET,1
B08CHJZ9FH,BAKING_PAN,1
B08CHPH77X,BAKING_PAN,1
B08CJBJVYP,BAKING_PAN,1
B08CK4P2T1,PUZZLES,1
B08CK67JC6,DRINKING_CUP,1
B08CK8LTQ9,DRINKING_CUP,1
B08CK9HKNY,BLANKET,1
B08CKBK4BV,BLANKET,1
B08CKBRKYT,BLANKET,1
B08CKDS695,DRINKING_CUP,1
B08CKGDRXK,DRINKING_CUP,1
B08CKJ2YDG,DRINKING_CUP,1
B08CKKZVBF,BLANKET,2
B08CMPW3WJ,PUZZLES,1
B08CR8R15X,BLANKET,1
B08CR94R4M,DRINKING_CUP,1
B08CRBHMQ6,DRINKING_CUP,1
B08CRCV9P7,PUZZLES,1
B08CRHJY6D,DRINKING_CUP,1
B08CRHPJCV,PUZZLES,2
B08CRHX2L8,DRINKING_CUP,1
B08CRKY6RC,BLANKET,1
B08CRM1J3P,BAKING_PAN,1
B08CRPB8W3,DRINKING_CUP,2
B08CRTRWXP,DRINKING_CUP,1
B08CRV4KS5,BLANKET,1
B08CRZNNQ9,BAKING_PAN,1
B08CS1F494,DRINKING_CUP,1
B08CSZVRR7,DRINKING_CUP,1
B08CTH1DQK,DRINKING_CUP,1
B08CTTLQG3,BLANKET,1
B08CTWH4FV,DRINKING_CUP,1
B08CVBC5TT,BLANKET,1
B08CVBWY2N,BLANKET,1
B08CVD32L1,BLANKET,1
B08CVD82PH,BLANKET,1
B08CVF6P4B,BLANKET,1
B08CVRF6YV,BLANKET,1
B08CVV2BM7,PUZZLES,1
B08CVVNX33,DRINKING_CUP,1
B08CWKYD5M,DRINKING_CUP,1
B08CWP8LCK,BLANKET,1
B08CWVBYF5,DRINKING_CUP,1
B08CX74328,BLANKET,3
B08CX78LHK,BLANKET,2
B08CX78LHL,BLANKET,1
B08CXDQMYN,BLANKET,2
B08CXFCBHT,BLANKET,1
B08CXFPD4Z,BLANKET,1
B08CXKRPNW,DRINKING_CUP,1
B08CXLDP3D,BLANKET,2
B08CXMCFCR,BLANKET,1
B08CXNXX85,BLANKET,1
B08CXP1Z3T,PUZZLES,2
B08CXP5JLR,PUZZLES,1
B08CXP9FDW,DRINKING_CUP,1
B08CXQDX44,DRINKING_CUP,2
B08CXRYLQH,PUZZLES,1
B08CXSKXC5,DRINKING_CUP,1
B08CXVH1KJ,DRINKING_CUP,1
B08CXW8SVN,BLANKET,2
B08CXWX49Q,BLANKET,1
B08CXX65KT,BLANKET,1
B08CY1KRT1,DRINKING_CUP,1
B08CY1YHGY,PUZZLES,2
B08CY2PZK3,BLANKET,2
B08CY2SDGD,BLANKET,1
B08CY3L7SQ,BLANKET,1
B08CY3VNP7,BLANKET,1
B08CY47YJ7,BLANKET,1
B08CY4D3FQ,BLANKET,1
B08CY4NFCD,BLANKET,1
B08CY5KKFX,BLANKET,2
B08CY5WTKZ,BLANKET,1
B08CY63NCC,BLANKET,1
B08CY6TQTY,BLANKET,1
B08CY7K7MN,BLANKET,1
B08CY7SGWP,BLANKET,1
B08CY87PRL,BLANKET,1
B08CY8DXCV,BLANKET,1
B08CY8H6MP,BLANKET,1
B08CY9F3RS,BLANKET,1
B08CZ3WGJK,PUZZLES,1
B08CZCW82N,DRINKING_CUP,1
B08CZGS63S,BLANKET,1
B08CZK15FK,DRINKING_CUP,1
B08CZK6JG3,BLANKET,1
B08CZP4QZX,DRINKING_CUP,1
B08CZTFJY3,BLANKET,1
B08D2FHTKB,DRINKING_CUP,1
B08D2KGNX4,DRINKING_CUP,3
B08D3GK1XQ,BLANKET,1
B08D3GQ88K,BLANKET,1
B08D3HL22D,BLANKET,1
B08D3L5KL3,BAKING_PAN,1
B08D3LBPC6,BAKING_PAN,1
B08D3TNX5F,DRINKING_CUP,2
B08D3VF8R2,BLANKET,1
B08D3VNQLG,DRINKING_CUP,2
B08D3VPRQ1,DRINKING_CUP,1
B08D3VR4PW,DRINKING_CUP,1
B08D3WBBTW,BLANKET,1
B08D3X3QY1,PUZZLES,1
B08D3XPCZR,DRINKING_CUP,1
B08D3XYM61,DRINKING_CUP,1
B08D49LPSB,TOILET_PAPER,4
B08D49ZFKZ,TOILET_PAPER,3
B08D4S69S5,DRINKING_CUP,1
B08D5KNQ2T,DRINKING_CUP,1
B08D5XYYGG,BLANKET,2
B08D5ZTW8T,BAKING_PAN,1
B08D64MDSZ,BLANKET,1
B08D66C44P,BLANKET,1
B08D69L5MT,BLANKET,1
B08D6CN7XS,BLANKET,1
B08D6D6FTB,BAKING_PAN,1
B08D6FNPJV,BLANKET,1
B08D6HSJQZ,BAKING_PAN,1
B08D6MJ54T,BLANKET,1
B08D6Q4SQS,DRINKING_CUP,1
B08D6TTWJK,SURFACE_CLEANING_WIPE,1
B08D6V9SFJ,PUZZLES,1
B08D6VYX5L,PUZZLES,1
B08D74SPZW,BAKING_PAN,2
B08D75BTWH,BAKING_PAN,1
B08D75QYRK,BAKING_PAN,1
B08D76QH9R,PUZZLES,1
B08D76T9M5,PUZZLES,1
B08D77S5BQ,DRINKING_CUP,1
B08D78Y7CW,BLANKET,1
B08D799LRQ,PUZZLES,1
B08D7BM2HP,BLANKET,2
B08D7GXB37,DRINKING_CUP,1
B08D7LB8XM,DRINKING_CUP,1
B08D88XNTT,BLANKET,1
B08D896W69,BLANKET,1
B08D8SGSH6,PUZZLES,1
B08D8SX1V4,BLANKET,1
B08D8TTWL5,BLANKET,1
B08D8Z61HR,DRINKING_CUP,1
B08D9K12J8,PUZZLES,1
B08D9SJ314,BLANKET,1
B08DC9MVL1,BLANKET,1
B08DCFQWRF,BLANKET,1
B08DCLXNCD,PUZZLES,1
B08DCNQ5Z9,BLANKET,1
B08DCPQ6KF,BLANKET,1
B08DCQ9W15,BLANKET,1
B08DCTNCBQ,BLANKET,1
B08DCV9QMV,DRINKING_CUP,1
B08DCWT5XQ,PUZZLES,1
B08DCYMZTD,PUZZLES,1
B08DD2QKRD,DRINKING_CUP,1
B08DD32FN2,DRINKING_CUP,1
B08DD7H3ZG,BLANKET,1
B08DD9XFC9,PUZZLES,5
B08DDG2CKM,DRINKING_CUP,1
B08DDJ7BKP,BLANKET,3
B08DF8L9HY,BLANKET,1
B08DFF667M,PUZZLES,1
B08DFMZ28F,BLANKET,1
B08DFSY5QB,BLANKET,1
B08DFW1151,BLANKET,1
B08DFWSXMW,BLANKET,1
B08DFZBW1F,BAKING_PAN,1
B08DG136N8,PUZZLES,1
B08DG8TJT1,DRINKING_CUP,1
B08DG8ZR1L,DRINKING_CUP,1
B08DGTFV8R,DRINKING_CUP,1
B08DH78GSQ,DRINKING_CUP,1
B08DHD3JXS,BLANKET,1
B08DHZ2M62,BAKING_PAN,1
B08DJ9BJD1,PUZZLES,1
B08DJBQTNY,DRINKING_CUP,1
B08DJV8PF8,TOILET_PAPER,2
B08DK6QBDF,BLANKET,1
B08DK9BWYS,DRINKING_CUP,2
B08DKJPTVD,BLANKET,1
B08DKVKX69,BLANKET,1
B08DL17Z48,PUZZLES,4
B08DLB1L9N,PUZZLES,1
B08DLBCKKX,BLANKET,1
B08DLBMSZ2,DRINKING_CUP,1
B08DLQD4KS,BLANKET,1
B08DLRCL1Y,PUZZLES,1
B08DM9R4ZG,DRINKING_CUP,1
B08DN8QFF5,PUZZLES,1
B08DN9C4G1,BLANKET,1
B08DNR5CQV,DRINKING_CUP,1
B08DNVSWFN,BAKING_PAN,1
B08DP2FDGB,BLANKET,1
B08DP31M79,BLANKET,1
B08DQVB7R8,BLANKET,1
B08DQX3HXF,BLANKET,1
B08DR4QKZZ,PUZZLES,1
B08DR9CVTC,BLANKET,1
B08DRD584D,BLANKET,1
B08DRHVLKP,DRINKING_CUP,1
B08DRKGC1R,DRINKING_CUP,2
B08DRLWQ28,BLANKET,2
B08DRT38VV,PUZZLES,1
B08DRTTRHW,SURFACE_CLEANING_WIPE,2
B08DSWKW45,DRINKING_CUP,1
B08DTJHRT9,DRINKING_CUP,1
B08DTJWNQL,DRINKING_CUP,1
B08DTRJFPM,DRINKING_CUP,1
B08DTTHX6T,BLANKET,1
B08DV24RL2,BLANKET,1
B08DV6XCSV,DRINKING_CUP,1
B08DXJGTDT,PUZZLES,1
B08DXRZFSR,BLANKET,1
B08DY1FZ2L,DRINKING_CUP,1
B08DY21XBQ,DRINKING_CUP,1
B08DYCYN8M,BAKING_PAN,1
B08F16HPZ9,PUZZLES,1
B08F1WCLCT,DRINKING_CUP,1
B08F227WS2,DRINKING_CUP,1
B08F29WY44,DRINKING_CUP,1
B08F2C2ZK3,BLANKET,1
B08F2F5GRR,BLANKET,1
B08F2HSZ58,DRINKING_CUP,1
B08F2KWQP9,BLANKET,1
B08F2LZHPM,BLANKET,1
B08F2XJMB4,DRINKING_CUP,1
B08F3NZT7P,BLANKET,1
B08F3SQCJX,DRINKING_CUP,1
B08F47WKY5,BLANKET,1
B08F53LP4W,BLANKET,1
B08F59RWL9,DRINKING_CUP,1
B08F5CQLLY,DRINKING_CUP,1
B08F5CRS1X,DRINKING_CUP,1
B08F5JYT4K,DRINKING_CUP,1
B08F6D91PG,PUZZLES,1
B08F6LJPKK,DRINKING_CUP,1
B08F73VW1P,BLANKET,1
B08F766HSS,BAKING_PAN,1
B08F7D2RXC,PUZZLES,2
B08F7HHHMK,DRINKING_CUP,1
B08F7L8S2R,DRINKING_CUP,2
B08F82DN87,DRINKING_CUP,1
B08F8LTCK3,PUZZLES,1
B08F91JX2N,DRINKING_CUP,1
B08F9Z146P,DRINKING_CUP,1
B08F9ZBF3C,PUZZLES,1
B08FB6KCRH,DRINKING_CUP,1
B08FBJRNGS,PUZZLES,1
B08FBLHWWJ,DRINKING_CUP,1
B08FBM5LFN,DRINKING_CUP,1
B08FBPCGYC,DRINKING_CUP,1
B08FBQGRT4,DRINKING_CUP,1
B08FBWTV2C,BAKING_PAN,1
B08FBY1S34,PUZZLES,1
B08FC34PHT,BLANKET,1
B08FCJB76H,DRINKING_CUP,1
B08FCMJTGR,DRINKING_CUP,1
B08FCPKRXM,PUZZLES,1
B08FCQ6G57,PUZZLES,1
B08FCV2HVN,DRINKING_CUP,1
B08FCVGS74,DRINKING_CUP,1
B08FCXK64W,DRINKING_CUP,1
B08FD2JDLT,BLANKET,1
B08FD66FL3,BLANKET,1
B08FD6V11S,BLANKET,1
B08FDCXR4H,PUZZLES,1
B08FDGBL95,DRINKING_CUP,1
B08FDH1TJ9,DRINKING_CUP,1
B08FDJW4WC,BLANKET,1
B08FDLLLF4,BLANKET,1
B08FDVS19V,DRINKING_CUP,1
B08FF3RJQR,BLANKET,1
B08FF74GHW,DRINKING_CUP,1
B08FFNNWVS,DRINKING_CUP,1
B08FFP8NRH,DRINKING_CUP,1
B08FFPWMSW,DRINKING_CUP,1
B08FFPZWJX,DRINKING_CUP,1
B08FFYDJN3,PUZZLES,1
B08FGP8FD4,BLANKET,1
B08FGPW7QH,DRINKING_CUP,1
B08FGVMVT3,DRINKING_CUP,1
B08FHS4PZC,BAKING_PAN,2
B08FHZ8BK8,DRINKING_CUP,1
B08FJ62343,BLANKET,1
B08FJB1ZPP,BAKING_PAN,1
B08FKQZVWV,PUZZLES,2
B08FKZWPGH,PUZZLES,2
B08FL61CKL,PUZZLES,6
B08FL965XN,BAKING_PAN,2
B08FLX998K,BLANKET,1
B08FMD76W4,BLANKET,1
B08FMFTVXC,BLANKET,1
B08FMG7F7R,BLANKET,1
B08FMGDK8K,BLANKET,2
B08FMMTH6N,BLANKET,1
B08FMN6Q12,BLANKET,1
B08FMY2QL1,BLANKET,1
B08FPCLH24,PUZZLES,4
B08FPGR7V7,PUZZLES,7
B08FQSX22F,BLANKET,1
B08FQVVJP6,BAKING_PAN,1
B08FQWC4KK,BLANKET,1
B08FQZ2MVQ,BLANKET,1
B08FR5S9T6,DRINKING_CUP,1
B08FR9L1JC,PUZZLES,1
B08FRC124D,BLANKET,1
B08FRC6KP4,DRINKING_CUP,1
B08FRD15R6,BLANKET,1
B08FRDZKQ3,DRINKING_CUP,1
B08FRH96VP,DRINKING_CUP,1
B08FRNS39S,DRINKING_CUP,2
B08FRP859V,PUZZLES,1
B08FRQ64PQ,PUZZLES,2
B08FRQMFY1,DRINKING_CUP,1
B08FRRQDM4,DRINKING_CUP,1
B08FRSXWGH,DRINKING_CUP,2
B08FRT1H6V,DRINKING_CUP,1
B08FRT63PV,DRINKING_CUP,4
B08FSK11DY,BLANKET,1
B08FSKVNH7,BLANKET,1
B08FSNSQVY,BLANKET,1
B08FSWKS4Y,DRINKING_CUP,1
B08FSXSFRC,BLANKET,1
B08FT3XZL7,BLANKET,1
B08FT4Z2V1,DRINKING_CUP,2
B08FTCS7X3,BLANKET,1
B08FTK6TM8,BLANKET,1
B08FTMLHCZ,BLANKET,1
B08FTMLZ75,BLANKET,2
B08FTMLZFY,BLANKET,1
B08FTNS7XF,BLANKET,1
B08FTPQSQP,BLANKET,2
B08FVB9H63,PUZZLES,2
B08FVB9SJH,PUZZLES,1
B08FVCFJRR,PUZZLES,1
B08FVCY8X2,PUZZLES,2
B08FVDS94F,PUZZLES,1
B08FVGR712,PUZZLES,1
B08FVGV22Q,PUZZLES,1
B08FVJ1X4B,PUZZLES,1
B08FVJXS43,PUZZLES,1
B08FVNJKRJ,PUZZLES,1
B08FVQ3GB1,PUZZLES,1
B08FVQSVZ1,PUZZLES,1
B08FWL9LWQ,BLANKET,1
B08FWLCJB3,PUZZLES,1
B08FWY4CST,BAKING_PAN,1
B08FWZRMV7,DRINKING_CUP,1
B08FX152LX,DRINKING_CUP,1
B08FX47895,DRINKING_CUP,1
B08FXBMJP5,PUZZLES,1
B08FXDV74K,DRINKING_CUP,1
B08FXHGMLH,PUZZLES,1
B08FXWX5MS,TOILET_PAPER,1
B08FXZ7KQF,DRINKING_CUP,1
B08FYG62RB,PUZZLES,1
B08FYM4NPY,DRINKING_CUP,1
B08FYMFCDQ,BAKING_PAN,1
B08FZLH4LB,BLANKET,1
B08FZNCDY1,BLANKET,1
B08FZWVH3M,BAKING_PAN,1
B08G18F1GP,PUZZLES,1
B08G1QK6FH,BAKING_PAN,1
B08G1XM5NJ,PUZZLES,1
B08G1ZP8RR,DRINKING_CUP,1
B08G2Q11FT,DRINKING_CUP,1
B08G33JZKD,DRINKING_CUP,1
B08G3B4575,BLANKET,1
B08G3TK4Y2,BLANKET,1
B08G475GJX,BLANKET,1
B08G4B4SRZ,BLANKET,1
B08G4CRGBK,BLANKET,1
B08G4P962Q,DRINKING_CUP,1
B08G4QDG4T,DRINKING_CUP,1
B08G4QQ1NT,DRINKING_CUP,1
B08G4XSLRB,TOILET_PAPER,1
B08G56CQ6V,BLANKET,1
B08G656TKG,PUZZLES,1
B08G6NCZT7,PUZZLES,1
B08G8CNTCC,BLANKET,1
B08G8FC6K1,PUZZLES,1
B08G9L479R,DRINKING_CUP,1
B08GBVNT4Y,BAKING_PAN,1
B08GBXSZXN,DRINKING_CUP,1
B08GC128CL,BLANKET,1
B08GC2PT1W,BLANKET,1
B08GCJPGQR,BLANKET,1
B08GCKSHNG,DRINKING_CUP,1
B08GCMFFC5,DRINKING_CUP,1
B08GF7MVM7,BAKING_PAN,1
B08GFF8J9T,DRINKING_CUP,1
B08GFJPMXH,BLANKET,1
B08GFLFSJP,BLANKET,1
B08GFLLVFH,BAKING_PAN,1
B08GFS4NR1,BLANKET,1
B08GFW135H,BLANKET,1
B08GFZ251X,BLANKET,1
B08GFZR5MS,DRINKING_CUP,1
B08GG3H2ND,PUZZLES,1
B08GG4K796,BLANKET,1
B08GGBHGK6,BLANKET,1
B08GGBJC6L,PUZZLES,2
B08GGCQ6D1,PUZZLES,1
B08GGJMNQX,BLANKET,1
B08GH5T8YY,PUZZLES,3
B08GHBCKC8,DRINKING_CUP,1
B08GJ9CYQT,PUZZLES,1
B08GJRPZQK,DRINKING_CUP,1
B08GJVMN62,DRINKING_CUP,1
B08GJYJXH4,BLANKET,3
B08GJYN4CZ,BLANKET,1
B08GK8Y8JP,PUZZLES,1
B08GKCRNGT,PUZZLES,1
B08GKD7BBV,DRINKING_CUP,1
B08GKHV28W,PUZZLES,1
B08GKNR1QL,DRINKING_CUP,1
B08GKPRQHM,SURFACE_CLEANING_WIPE,1
B08GKQR6QB,BLANKET,1
B08GKXWLQ2,DRINKING_CUP,1
B08GL1LJY7,BLANKET,1
B08GL2ZSZ4,DRINKING_CUP,1
B08GL3H1XK,DRINKING_CUP,1
B08GLGPQTC,BLANKET,1
B08GLYWFH6,DRINKING_CUP,1
B08GM77229,BLANKET,1
B08GN3F239,BAKING_PAN,1
B08GP4WLFD,BLANKET,1
B08GPRFFTZ,DRINKING_CUP,1
B08GQ1WFSN,BAKING_PAN,1
B08GQBBNSS,PUZZLES,1
B08GQDDNTP,BAKING_PAN,1
B08GQP4P78,BLANKET,1
B08GQR48N1,DRINKING_CUP,1
B08GRYB8SJ,DRINKING_CUP,1
B08GS3CQ2Y,PUZZLES,1
B08GS3W991,PUZZLES,1
B08GS5P1NK,BLANKET,1
B08GS9NTFN,BLANKET,1
B08GSL239S,DRINKING_CUP,1
B08GSRZXYR,BAKING_PAN,1
B08GSTX1D7,SURFACE_CLEANING_WIPE,1
B08GTX9P19,BLANKET,1
B08GV9CG22,PUZZLES,1
B08GW97JQH,DRINKING_CUP,1
B08GWBSDXB,DRINKING_CUP,2
B08GWF2W38,DRINKING_CUP,3
B08GWP7QRP,DRINKING_CUP,1
B08GX2Y5RQ,DRINKING_CUP,1
B08GX77TSM,BLANKET,1
B08GY1WDCD,DRINKING_CUP,1
B08GY7NJSK,BLANKET,1
B08GYH9NG6,DRINKING_CUP,1
B08GYMXKYG,DRINKING_CUP,2
B08GYRPL1X,BLANKET,1
B08GZ27D87,BAKING_PAN,1
B08GZSZJRH,PUZZLES,1
B08H1X66NZ,BLANKET,1
B08H1YWGJV,BLANKET,1
B08H1Z2QSY,PUZZLES,2
B08H212B9V,BLANKET,1
B08H21VRMY,BLANKET,1
B08H22R47K,BLANKET,1
B08H4PMQG8,BLANKET,1
B08H519WWL,PUZZLES,2
B08H54LGMH,PUZZLES,1
B08H587S4N,BLANKET,1
B08H5C211P,BLANKET,2
B08H5D44JX,BLANKET,1
B08H5DGSGY,BLANKET,1
B08H5QDX6T,PUZZLES,1
B08H5QSYTS,BLANKET,1
B08H5VBPYL,BLANKET,1
B08H6WJCNX,DRINKING_CUP,1
B08H77K61F,DRINKING_CUP,1
B08H7PDS29,DRINKING_CUP,1
B08H7ZRZLF,PUZZLES,3
B08H81Q1SX,BLANKET,1
B08H87WRV6,BLANKET,1
B08H893F27,BLANKET,1
B08H89JV3P,BAKING_PAN,1
B08H89VRH4,PUZZLES,1
B08H8TVB16,DRINKING_CUP,1
B08H9ZH99X,PUZZLES,1
B08HBLSG6F,BLANKET,1
B08HC24G4Z,DRINKING_CUP,2
B08HCZWJCT,DRINKING_CUP,1
B08HD3VXLX,DRINKING_CUP,2
B08HD6YMM9,DRINKING_CUP,1
B08HDB3RCC,PUZZLES,1
B08HDKP844,DRINKING_CUP,1
B08HDLQTKC,DRINKING_CUP,1
B08HDMJBX1,DRINKING_CUP,2
B08HDN1DZJ,DRINKING_CUP,1
B08HDN4Y9V,DRINKING_CUP,2
B08HDNV6XY,DRINKING_CUP,1
B08HFGPRYL,DRINKING_CUP,1
B08HFGRP4Q,DRINKING_CUP,1
B08HGQ3GYX,BLANKET,1
B08HGQXF43,PUZZLES,1
B08HGWXT5J,PUZZLES,1
B08HGXGZ19,BLANKET,1
B08HGY1Q4K,BLANKET,3
B08HGZZ3R8,PUZZLES,1
B08HJ4N6S7,BLANKET,1
B08HJ9YFR7,BAKING_PAN,1
B08HJB558F,BAKING_PAN,1
B08HJJ88Z4,BLANKET,1
B08HJKHZCW,BLANKET,1
B08HJKQNWY,TOILET_PAPER,1
B08HJL5JPL,PUZZLES,1
B08HJXP415,DRINKING_CUP,1
B08HJZN5WV,BLANKET,1
B08HKGRTFV,BAKING_PAN,1
B08HKYBX1V,BLANKET,1
B08HKZG4W1,BLANKET,1
B08HLP3JV3,BLANKET,1
B08HLWZBXY,DRINKING_CUP,1
B08HM168VS,DRINKING_CUP,3
B08HM44R14,BLANKET,1
B08HMDNJ7F,BLANKET,1
B08HMQ1XMP,BAKING_PAN,2
B08HMRVCLZ,DRINKING_CUP,1
B08HMWWR61,BLANKET,1
B08HMYCHJT,BLANKET,1
B08HNK5ZQ4,DRINKING_CUP,1
B08HQ8XH41,BAKING_PAN,1
B08HQKXSFZ,DRINKING_CUP,1
B08HR1YZKG,DRINKING_CUP,1
B08HRB4RMY,BLANKET,1
B08HRC89V7,BLANKET,1
B08HRPC2RR,DRINKING_CUP,1
B08HS338Q8,DRINKING_CUP,1
B08HS4SNZF,BLANKET,1
B08HSCWXKR,BLANKET,1
B08HSFZBSR,BLANKET,1
B08HSL7T4X,BLANKET,1
B08HT27DRY,BLANKET,1
B08HT3WXB4,DRINKING_CUP,2
B08HT48KKT,DRINKING_CUP,1
B08HV3W2T8,DRINKING_CUP,3
B08HV7SSYQ,PUZZLES,1
B08HVCW8M8,PUZZLES,1
B08HVHQY9F,BLANKET,1
B08HVLL58Z,BLANKET,1
B08HVLLCHC,DRINKING_CUP,1
B08HVMVCH3,BLANKET,1
B08HVN6BCG,PUZZLES,1
B08HVSD1FC,BLANKET,1
B08HW49VYK,BLANKET,1
B08HWC7NR6,PUZZLES,1
B08HWMB8ZY,DRINKING_CUP,1
B08HXS71ZS,BLANKET,1
B08HXY6LRY,DRINKING_CUP,2
B08HY71Z8H,PUZZLES,1
B08HYHTDCJ,BLANKET,1
B08HYHXPR2,BLANKET,1
B08HYMN1MK,PUZZLES,2
B08HZGB8P4,DRINKING_CUP,1
B08J1G9N8C,PUZZLES,1
B08J1X57R6,BLANKET,1
B08J28DH3N,DRINKING_CUP,1
B08J3W18RF,PUZZLES,1
B08J49TQJ4,DRINKING_CUP,1
B08J49TZ9M,DRINKING_CUP,1
B08J4D29NV,DRINKING_CUP,1
B08J4DFXMX,PUZZLES,1
B08J4HWS6X,BLANKET,1
B08J4LX9CN,BLANKET,1
B08J6K6SNK,PUZZLES,1
B08J6R1D9Q,BLANKET,1
B08J7FP4CX,BLANKET,1
B08J7PCQK5,BLANKET,1
B08J7TK4W5,BAKING_PAN,1
B08J84SPH7,BAKING_PAN,1
B08J8D4R86,PUZZLES,1
B08J8DBSS9,BLANKET,1
B08J8GM1RF,DRINKING_CUP,1
B08JBN1P8L,DRINKING_CUP,1
B08JCJZYPS,BLANKET,1
B08JCKY3TX,BLANKET,1
B08JCQV318,DRINKING_CUP,1
B08JD13LSJ,DRINKING_CUP,1
B08JD6RBN8,BLANKET,1
B08JG6MC6H,DRINKING_CUP,1
B08JG75KP2,DRINKING_CUP,1
B08JG8SJM4,BLANKET,1
B08JGPQCCL,BLANKET,1
B08JGRGMWC,BLANKET,1
B08JGW3WDW,BLANKET,2
B08JGWG8BM,DRINKING_CUP,1
B08JH91NRT,PUZZLES,1
B08JH9BP1G,PUZZLES,2
B08JHBCWHG,PUZZLES,3
B08JHBRFXJ,PUZZLES,1
B08JHC1C8H,PUZZLES,1
B08JHMDF73,DRINKING_CUP,1
B08JHN4LYT,BLANKET,1
B08JLNJGTS,BLANKET,1
B08JLQCPG2,BLANKET,1
B08JLXF7XZ,BLANKET,1
B08JP36FG6,BLANKET,1
B08JPTTKCF,BLANKET,1
B08JPY2N2F,BLANKET,1
B08JQ3YKHK,BLANKET,1
B08JQL94VM,DRINKING_CUP,1
B08JQRY9L7,BAKING_PAN,1
B08JRRLQM7,DRINKING_CUP,1
B08JSN1PS8,DRINKING_CUP,1
B08JTPML7X,BAKING_PAN,2
B08JTQ8MT7,BAKING_PAN,1
B08JVGMLV2,PUZZLES,1
B08JWMVB43,DRINKING_CUP,2
B08JY3257R,BLANKET,1
B08JYBLY7R,BLANKET,1
B08JYF716H,PUZZLES,1
B08JYK6LXN,BAKING_PAN,1
B08JZ6746Q,BLANKET,1
B08JZ6Z4F2,PUZZLES,1
B08JZCHHJ3,PUZZLES,1
B08JZM3VYV,DRINKING_CUP,1
B08K1GN8JC,BLANKET,1
B08K2V2SKS,DRINKING_CUP,1
B08K2YM56K,BLANKET,1
B08K33KRN5,BLANKET,1
B08K33Y664,BLANKET,1
B08K37WQ76,BLANKET,1
B08K383L1Q,BLANKET,1
B08K3HST57,BLANKET,1
B08K3J3PDD,BLANKET,1
B08K3J3PMH,BLANKET,1
B08K3L6X7F,BLANKET,1
B08K3P5Q48,DRINKING_CUP,1
B08K3Q84HS,DRINKING_CUP,1
B08K3RHLCV,DRINKING_CUP,1
B08K3SWCSP,PUZZLES,1
B08K3TTHGX,DRINKING_CUP,1
B08K3Z15W5,BLANKET,1
B08K453HS2,BLANKET,1
B08K4F8YCS,BLANKET,1
B08K4FFFV4,BLANKET,1
B08K72V53D,DRINKING_CUP,1
B08K74DF18,BLANKET,1
B08K78PXLS,DRINKING_CUP,1
B08K7BN4KC,BLANKET,1
B08K7DS9XX,BLANKET,1
B08K8BDL2V,DRINKING_CUP,1
B08K8G8Q1D,BLANKET,1
B08K8X5TR4,PUZZLES,1
B08K8X9DGY,PUZZLES,2
B08K8XC4FF,BLANKET,1
B08KB3CND2,DRINKING_CUP,1
B08KBTJQMC,BLANKET,1
B08KCX4D35,DRINKING_CUP,1
B08KCXXQ49,DRINKING_CUP,1
B08KD2NTC8,BLANKET,1
B08KD4426Z,BLANKET,1
B08KD55ZJC,BLANKET,1
B08KDLXP7S,PUZZLES,1
B08KG7MSN1,DRINKING_CUP,1
B08KGD38GF,BLANKET,1
B08KGFW8RR,DRINKING_CUP,1
B08KH39YXM,DRINKING_CUP,1
B08KH7Z48G,BLANKET,1
B08KHC1Y2M,PUZZLES,1
B08KHMLG64,DRINKING_CUP,1
B08KJFH8FY,DRINKING_CUP,1
B08KJHLTT8,DRINKING_CUP,2
B08KJL8M7M,DRINKING_CUP,1
B08KJL99QF,DRINKING_CUP,1
B08KJLJVZH,BAKING_PAN,1
B08KJPXPNY,PUZZLES,1
B08KKYXSBK,DRINKING_CUP,1
B08KQ1TNQ2,PUZZLES,1
B08KQ79M99,BLANKET,1
B08KQ9VZS4,DRINKING_CUP,1
B08KQCPXN3,DRINKING_CUP,1
B08KRSK415,SURFACE_CLEANING_WIPE,6
B08KT9QSS5,BLANKET,1
B08KVHK3CH,TOILET_PAPER,2
B08KVVNBZF,DRINKING_CUP,1
B08KWFVYFY,BLANKET,1
B08KWQK58W,DRINKING_CUP,1
B08KWRVSL4,BLANKET,1
B08KXL3733,BLANKET,1
B08KXRVSV8,DRINKING_CUP,1
B08KYCX1BX,PUZZLES,1
B08KYKZYMR,BLANKET,1
B08KYLF5Q3,BLANKET,1
B08KYN3W14,BLANKET,1
B08KYNDWD1,BLANKET,1
B08L2JDF8W,BLANKET,1
B08L2LJBVW,DRINKING_CUP,1
B08L2ZFTQR,BLANKET,1
B08L39VFBF,BLANKET,1
B08L3HXM68,BLANKET,1
B08L3HXNWW,BLANKET,1
B08L3K4TPY,BLANKET,1
B08L3TJYS6,BLANKET,1
B08L3W6Z81,BLANKET,2
B08L3ZK4D9,BLANKET,1
B08L42B3F5,BLANKET,1
B08L47GZTL,DRINKING_CUP,1
B08L49655K,DRINKING_CUP,1
B08L4WFS2F,DRINKING_CUP,1
B08L4XF7HX,DRINKING_CUP,1
B08L54BNMY,BLANKET,1
B08L5816FK,DRINKING_CUP,1
B08L5VZKL8,BLANKET,1
B08L5XC7RY,PUZZLES,1
B08L64KRQR,BLANKET,1
B08L67Z8BF,BLANKET,1
B08L68N3DB,DRINKING_CUP,1
B08L6F2Q75,BLANKET,1
B08L6GSVMN,BLANKET,1
B08L6GWQM1,BLANKET,1
B08L6QPB5G,DRINKING_CUP,1
B08L6TBL22,DRINKING_CUP,1
B08L6YRKPZ,BLANKET,1
B08L6Z7S42,BLANKET,1
B08L76VF36,BLANKET,1
B08L77WPVR,BLANKET,1
B08L7DY43L,BLANKET,1
B08L7FP6V3,PUZZLES,1
B08L7HZC74,BLANKET,1
B08L7LD87W,DRINKING_CUP,1
B08L7R72RN,DRINKING_CUP,1
B08L7V2DP7,BLANKET,1
B08L8FH8J5,DRINKING_CUP,1
B08L8G419F,PUZZLES,5
B08L95T866,BLANKET,2
B08L96T36K,BLANKET,1
B08L98DNBC,BLANKET,1
B08L98HBVW,BLANKET,1
B08L9SK2YC,DRINKING_CUP,1
B08LB2852V,DRINKING_CUP,2
B08LBD84QN,TOILET_PAPER,5
B08LBJPTDN,DRINKING_CUP,1
B08LBJTKC4,DRINKING_CUP,1
B08LBJZXBS,DRINKING_CUP,1
B08LBL4ZDK,DRINKING_CUP,1
B08LBLKBFJ,BLANKET,1
B08LC37Q54,DRINKING_CUP,1
B08LCK25W2,BLANKET,1
B08LCMV64S,DRINKING_CUP,1
B08LCNRCN7,DRINKING_CUP,1
B08LD56YH8,DRINKING_CUP,1
B08LDD1MYS,BLANKET,1
B08LFW2PYB,BLANKET,1
B08LFW65S9,BLANKET,1
B08LG5YBRS,BLANKET,1
B08LG8TL5B,BLANKET,1
B08LG9TYD9,DRINKING_CUP,1
B08LG9XBVR,BLANKET,1
B08LGDDL7H,BLANKET,1
B08LGF1CT1,BAKING_PAN,1
B08LGF49W9,BLANKET,1
B08LGJL2D4,BLANKET,1
B08LGTFGQB,DRINKING_CUP,1
B08LH46TCP,DRINKING_CUP,1
B08LH8XCRZ,DRINKING_CUP,1
B08LHF8ZKB,DRINKING_CUP,1
B08LHGK8MT,DRINKING_CUP,1
B08LJYHJZR,BLANKET,1
B08LK1WCN6,DRINKING_CUP,1
B08LK2K7MK,BLANKET,1
B08LK4NMQB,BAKING_PAN,1
B08LK7LYVN,DRINKING_CUP,1
B08LK874QJ,PUZZLES,2
B08LK9X8VW,DRINKING_CUP,1
B08LKB31SC,BLANKET,1
B08LKCVWH7,BLANKET,2
B08LKDHKGR,DRINKING_CUP,1
B08LKDNJJY,DRINKING_CUP,1
B08LKFR94B,DRINKING_CUP,1
B08LKGJ5G7,DRINKING_CUP,1
B08LKPZ42B,DRINKING_CUP,1
B08LKT5TCS,DRINKING_CUP,1
B08LKTL2XV,DRINKING_CUP,1
B08LL44MWS,DRINKING_CUP,1
B08LLF5GL3,PUZZLES,1
B08LLG5NZP,PUZZLES,1
B08LLGC3SJ,PUZZLES,1
B08LLGCZHL,PUZZLES,1
B08LM5XRJH,PUZZLES,1
B08LMB7SFT,PUZZLES,1
B08LMBLP44,PUZZLES,1
B08LMG9G99,PUZZLES,1
B08LMRDSGB,BAKING_PAN,1
B08LNW6SDQ,DRINKING_CUP,1
B08LP26W1T,PUZZLES,1
B08LP81G8Z,BLANKET,1
B08LPDDD2S,PUZZLES,1
B08LPF1RNW,BLANKET,1
B08LPGJBHD,BLANKET,1
B08LQ1VBHV,BAKING_PAN,1
B08LQBD9M6,BLANKET,1
B08LQGMKBW,DRINKING_CUP,1
B08LQHMS4N,DRINKING_CUP,1
B08LQSY1RX,PUZZLES,1
B08LQVBBYX,DRINKING_CUP,1
B08LS4LZN8,PUZZLES,1
B08LSMCVMB,DRINKING_CUP,1
B08LSQC64V,SURFACE_CLEANING_WIPE,1
B08LSYH227,BLANKET,1
B08LT794MC,BLANKET,1
B08LTMRM8V,DRINKING_CUP,1
B08LTNMGYQ,DRINKING_CUP,1
B08LTS49KG,DRINKING_CUP,1
B08LV5KVVT,DRINKING_CUP,1
B08LV7LZZF,BLANKET,1
B08LVHZ1XW,DRINKING_CUP,1
B08LVSN4FH,BLANKET,1
B08LVWKHJV,DRINKING_CUP,1
B08LVZBH5G,BAKING_PAN,1
B08LW4B1DC,DRINKING_CUP,1
B08LZTX8CB,BLANKET,1
B08LZVF9N9,BLANKET,1
B08M1722W4,BLANKET,1
B08M1YQDDG,DRINKING_CUP,1
B08M2HX2LK,BLANKET,1
B08M2LCMQF,TOILET_PAPER,1
B08M3H6H41,BLANKET,1
B08M3YK545,DRINKING_CUP,1
B08M3Z1GTV,DRINKING_CUP,1
B08M43TMFD,DRINKING_CUP,1
B08M481R4V,BAKING_PAN,3
B08M4D7DPW,BLANKET,1
B08M5KVTQ5,BLANKET,1
B08M5XLH1Z,PUZZLES,4
B08M5YK9CM,PUZZLES,1
B08M5Z11HS,DRINKING_CUP,1
B08M63R11F,DRINKING_CUP,1
B08M692H56,BAKING_PAN,1
B08M69JRWS,BLANKET,1
B08M7CJ6YB,TOILET_PAPER,2
B08M7FFPB5,TOILET_PAPER,2
B08M8H5LN1,PUZZLES,1
B08M8KF294,DRINKING_CUP,1
B08M8XSNZK,DRINKING_CUP,1
B08M8XYH28,BAKING_PAN,1
B08M94FQ4F,BLANKET,2
B08M96V6RM,DRINKING_CUP,1
B08M9PJPQ8,BAKING_PAN,2
B08MB4B9XJ,PUZZLES,2
B08MB65S94,DRINKING_CUP,1
B08MB95S1K,BLANKET,1
B08MBDNWD3,DRINKING_CUP,1
B08MC2NDX2,BLANKET,1
B08MDVJMVT,PUZZLES,1
B08MGYR211,BLANKET,1
B08MHQWH3S,PUZZLES,1
B08MJ69HLT,BLANKET,1
B08MJGKFX4,PUZZLES,1
B08MJVT2RH,DRINKING_CUP,1
B08ML51ZC3,PUZZLES,1
B08ML5XBL1,PUZZLES,1
B08ML9LLHF,PUZZLES,1
B08MLJL1M2,BLANKET,1
B08MLPX448,BLANKET,1
B08MMVWGQX,PUZZLES,1
B08MN4WN1Z,PUZZLES,1
B08MN8H8WX,DRINKING_CUP,1
B08MNJ7QDY,PUZZLES,2
B08MQ9KDRT,DRINKING_CUP,1
B08MQL3GH6,BLANKET,1
B08MQVH2QW,BLANKET,1
B08MSMKY72,BAKING_PAN,1
B08MSYGRRP,BAKING_PAN,1
B08MT6NNDJ,DRINKING_CUP,1
B08MT8T6DD,PUZZLES,2
B08MTB91BC,DRINKING_CUP,1
B08MV9XGQS,PUZZLES,1
B08MVCS5WR,DRINKING_CUP,1
B08MVRQ7PV,BAKING_PAN,1
B08MW5BWV4,BLANKET,1
B08MW8FHQV,PUZZLES,2
B08MX5BKRT,BLANKET,2
B08MXL9PCQ,BLANKET,1
B08MYQVZF5,DRINKING_CUP,1
B08MZ2YHJY,DRINKING_CUP,1
B08MZQ88LL,BLANKET,1
B08N1G2Q6H,PUZZLES,1
B08N1KNR8D,BLANKET,1
B08N2MJT4C,BLANKET,1
B08N36HJ3P,PUZZLES,2
B08N45PDPC,BAKING_PAN,1
B08N496Y27,PUZZLES,1
B08N4BN1J5,BAKING_PAN,1
B08N4H34HJ,BLANKET,1
B08N4XH7CZ,PUZZLES,1
B08N4Z2TFC,BLANKET,1
B08N5MHNL2,BAKING_PAN,1
B08N5ZR4XS,DRINKING_CUP,1
B08N67NTHT,PUZZLES,1
B08N698P4N,PUZZLES,1
B08N6D7MD1,BAKING_PAN,1
B08N6XHJC1,DRINKING_CUP,1
B08NB6TKGZ,BLANKET,1
B08NC2LH5S,DRINKING_CUP,1
B08NCKZR26,DRINKING_CUP,1
B08NDHNTZT,BLANKET,2
B08NDLZHLD,BLANKET,1
B08NDRS6Q5,BLANKET,1
B08NDT2CD2,PUZZLES,5
B08NDV52QF,PUZZLES,3
B08NDVGJHS,PUZZLES,3
B08NDXDR84,PUZZLES,11
B08NF8NHKT,PUZZLES,1
B08NFZH35F,DRINKING_CUP,1
B08NGQJXV2,BLANKET,1
B08NJ6PLQR,BAKING_PAN,1
B08NJDL4RV,DRINKING_CUP,1
B08NJGH84Y,DRINKING_CUP,1
B08NJPS9LV,DRINKING_CUP,1
B08NK9LQ33,BLANKET,1
B08NKBK41X,BLANKET,1
B08NKBL891,PUZZLES,1
B08NLYJT98,DRINKING_CUP,1
B08NMVTRJH,BLANKET,1
B08NPPFLDN,DRINKING_CUP,1
B08NQ3KKYP,PUZZLES,1
B08NQZBZFT,BLANKET,1
B08NR9YY6M,BLANKET,1
B08NSNW4NV,BLANKET,1
B08NSP5HHB,BLANKET,1
B08NSS38HW,BLANKET,1
B08NTQ8YX6,DRINKING_CUP,1
B08NVDDXYW,BAKING_PAN,1
B08NVF2MMF,DRINKING_CUP,1
B08NVJ7MYF,PUZZLES,1
B08NW9X6BL,DRINKING_CUP,1
B08NWJZ8NQ,DRINKING_CUP,1
B08NWZFXG7,DRINKING_CUP,1
B08NX1PHYG,DRINKING_CUP,1
B08NXK6XQ5,BLANKET,1
B08NXXXCMB,DRINKING_CUP,1
B08NXXY1RL,DRINKING_CUP,1
B08NY122GT,PUZZLES,1
B08NYHBJWM,DRINKING_CUP,1
B08NYL32WC,DRINKING_CUP,1
B08NZQPY7S,BAKING_PAN,1
B08P19S9T5,DRINKING_CUP,1
B08P1J4PWV,DRINKING_CUP,1
B08P1JFXKY,BLANKET,1
B08P1KQ6WL,BLANKET,1
B08P1MT55R,BLANKET,1
B08P1QD729,DRINKING_CUP,1
B08P1RS6RH,BLANKET,1
B08P24Z3GW,PUZZLES,1
B08P2BJGDN,PUZZLES,1
B08P2CRNKY,DRINKING_CUP,1
B08P2P3KPT,DRINKING_CUP,1
B08P38R1CW,BLANKET,2
B08P39NQB2,BLANKET,2
B08P3C3ZDW,BLANKET,1
B08P3FK8GN,BLANKET,1
B08P3GGND8,BLANKET,1
B08P3LVBR7,DRINKING_CUP,1
B08P3W7T7G,DRINKING_CUP,2
B08P44B6FM,BLANKET,1
B08P4D8R1D,DRINKING_CUP,1
B08P4QW1N3,DRINKING_CUP,2
B08P4RWJK6,TOILET_PAPER,8
B08P4V3NK3,DRINKING_CUP,1
B08P5GFJMS,BLANKET,1
B08P5GR9DL,DRINKING_CUP,1
B08P5HLZD6,PUZZLES,1
B08P5JDZYB,PUZZLES,1
B08P5N6GHZ,PUZZLES,1
B08P5PZZMT,PUZZLES,1
B08P5VCC61,BLANKET,2
B08P62PH19,PUZZLES,1
B08P64KSD8,DRINKING_CUP,1
B08P6L8YQS,PUZZLES,1
B08P72SJ2K,DRINKING_CUP,2
B08P7KLWRH,DRINKING_CUP,1
B08P7L8X4Q,BLANKET,1
B08P7LJ1ZV,BLANKET,1
B08P7M1J7D,BLANKET,1
B08P7M85DW,TOILET_PAPER,1
B08P7Z8M2G,DRINKING_CUP,1
B08P7ZNMMT,DRINKING_CUP,1
B08P875P8V,DRINKING_CUP,1
B08P8DJHHD,DRINKING_CUP,1
B08P8GXHLF,BLANKET,1
B08P9B4VRP,DRINKING_CUP,1
B08P9MDBTB,BLANKET,1
B08P9ZKVWG,PUZZLES,1
B08PB17VK2,DRINKING_CUP,1
B08PB4W1MC,PUZZLES,1
B08PB6NLCV,DRINKING_CUP,1
B08PB78STR,DRINKING_CUP,1
B08PB8L28L,BAKING_PAN,1
B08PB9JJT2,BAKING_PAN,1
B08PBBQZ2Y,DRINKING_CUP,1
B08PBCCC3W,BAKING_PAN,1
B08PBK8ZHM,BAKING_PAN,1
B08PBPP6KS,DRINKING_CUP,1
B08PBPQ2HV,BAKING_PAN,1
B08PC2ND5Q,BLANKET,1
B08PCGDR7W,DRINKING_CUP,1
B08PCGHMCZ,DRINKING_CUP,1
B08PCGP1M1,DRINKING_CUP,1
B08PCP3JGQ,DRINKING_CUP,1
B08PCVYDG7,DRINKING_CUP,1
B08PCYL18H,DRINKING_CUP,1
B08PCYVHNQ,DRINKING_CUP,1
B08PFKPJ24,DRINKING_CUP,1
B08PFXNZW1,PUZZLES,1
B08PHF1C3W,BLANKET,1
B08PHMV7M7,BLANKET,1
B08PHPS9NF,BLANKET,1
B08PJWLHFS,BLANKET,2
B08PK34H24,DRINKING_CUP,1
B08PK7T6K4,DRINKING_CUP,2
B08PKL637Z,DRINKING_CUP,1
B08PKSLDZR,DRINKING_CUP,1
B08PM1NPPM,SURFACE_CLEANING_WIPE,1
B08PN85B7B,DRINKING_CUP,1
B08PNJV1MY,PUZZLES,2
B08PNSNRT8,BAKING_PAN,1
B08PPCQSCV,BLANKET,1
B08PPGFB7H,PUZZLES,1
B08PPPVR9L,PUZZLES,1
B08PPXZ3R1,DRINKING_CUP,1
B08PS4TFQL,DRINKING_CUP,1
B08PTTBQBT,DRINKING_CUP,1
B08PV18HF3,PUZZLES,1
B08PV4NTLJ,BLANKET,1
B08PVGFRX2,PUZZLES,1
B08PVYV7QT,PUZZLES,1
B08PW32832,BLANKET,1
B08PXS5M22,BAKING_PAN,1
B08PY46VCR,DRINKING_CUP,1
B08PY6C525,TOILET_PAPER,1
B08PY9L2XM,DRINKING_CUP,1
B08PZGMH6D,BLANKET,2
B08PZJK2TH,DRINKING_CUP,1
B08Q33H9BG,BLANKET,1
B08Q36DZGY,DRINKING_CUP,1
B08Q4K7WR6,DRINKING_CUP,1
B08Q7KD1GC,BLANKET,1
B08Q7NSZ11,PUZZLES,1
B08QB7T47X,BLANKET,1
B08QBL22FC,PUZZLES,2
B08QCFFVMM,DRINKING_CUP,1
B08QCJ17ZC,BLANKET,1
B08QCVQJDW,BLANKET,1
B08QDQVRVN,DRINKING_CUP,1
B08QDTS2FG,BAKING_PAN,1
B08QDVNBGH,DRINKING_CUP,1
B08QDW2KXS,DRINKING_CUP,1
B08QFNP453,DRINKING_CUP,1
B08QGVCY6T,DRINKING_CUP,1
B08QHL6QML,DRINKING_CUP,1
B08QJQN288,DRINKING_CUP,1
B08QKTX1D7,DRINKING_CUP,1
B08QKWRBZQ,DRINKING_CUP,1
B08QKZ6JL2,DRINKING_CUP,2
B08QL18W6Z,DRINKING_CUP,1
B08QL655WC,DRINKING_CUP,1
B08QLCN162,DRINKING_CUP,1
B08QLK2G4H,DRINKING_CUP,1
B08QLN9ZD8,DRINKING_CUP,1
B08QLZPZB2,DRINKING_CUP,1
B08QM5GP6B,DRINKING_CUP,1
B08QMGPTBN,BLANKET,1
B08QMHDK4K,PUZZLES,1
B08QMHPMJP,BAKING_PAN,1
B08QMW6XLY,PUZZLES,1
B08QNDQCGZ,BLANKET,1
B08QPWG817,TOILET_PAPER,4
B08QQXMH7H,DRINKING_CUP,1
B08QR46J8Q,DRINKING_CUP,1
B08QR4RN6P,DRINKING_CUP,1
B08QR66S78,DRINKING_CUP,4
B08QRD28BJ,BLANKET,1
B08QRRWTHC,DRINKING_CUP,1
B08QRTFBWL,DRINKING_CUP,1
B08QS63MST,DRINKING_CUP,1
B08QS6ZWZF,BLANKET,2
B08QS85N2V,DRINKING_CUP,1
B08QSFDYG2,DRINKING_CUP,1
B08QSN93QC,DRINKING_CUP,1
B08QTLVLZ4,BLANKET,1
B08QTPXSNR,BLANKET,2
B08QTQ617T,BLANKET,1
B08QTZBPXW,BAKING_PAN,1
B08QV98NFK,BLANKET,1
B08QVCWSLS,DRINKING_CUP,1
B08QVF1YJD,DRINKING_CUP,2
B08QVFB5D5,BLANKET,1
B08QVK765Y,BLANKET,1
B08QVL2N5W,BLANKET,5
B08QVM3VTC,BAKING_PAN,1
B08QW6KD63,BLANKET,1
B08QYQ4ZJ6,BLANKET,1
B08QYVMKKQ,BLANKET,1
B08QYXRBKS,BAKING_PAN,1
B08QZCQGT6,BAKING_PAN,1
B08QZF5YQB,BLANKET,1
B08QZZNVXX,DRINKING_CUP,1
B08R17N9VV,SURFACE_CLEANING_WIPE,13
B08R1BB5LD,BLANKET,1
B08R2JPB3L,PUZZLES,1
B08R3668GZ,BLANKET,1
B08R3NTTR9,PUZZLES,1
B08R3VF13X,BLANKET,1
B08R4ZNM74,TOILET_PAPER,3
B08R5C9MDF,BLANKET,1
B08R62KXLG,BLANKET,1
B08R6BJS5X,BLANKET,1
B08R6CS86K,DRINKING_CUP,1
B08R6DTMRL,DRINKING_CUP,1
B08R6F2BJ4,DRINKING_CUP,1
B08R6GSSLS,DRINKING_CUP,1
B08R6KXVHS,DRINKING_CUP,1
B08R71VQW7,BLANKET,1
B08R722JZN,BLANKET,1
B08R74MVD9,BAKING_PAN,1
B08R768R5L,DRINKING_CUP,1
B08R7BP84X,BLANKET,1
B08R7CXK51,BLANKET,2
B08R7JW26W,BLANKET,1
B08R7WJ628,PUZZLES,1
B08R7WWDN6,PUZZLES,1
B08R7YG492,PUZZLES,1
B08R86BXRG,BLANKET,1
B08R8BVDCJ,DRINKING_CUP,1
B08R8MLXMV,PUZZLES,1
B08R91FLFB,BLANKET,1
B08R97M7VD,PUZZLES,1
B08R97PYC8,PUZZLES,2
B08R9JLJ8Q,BLANKET,1
B08R9NRPF9,PUZZLES,1
B08RB868R8,PUZZLES,4
B08RBPWKMC,DRINKING_CUP,1
B08RBQQRL5,BLANKET,1
B08RCK39SS,BAKING_PAN,1
B08RCVCFVF,DRINKING_CUP,1
B08RCVXBF2,DRINKING_CUP,1
B08RDCV2H6,DRINKING_CUP,1
B08RDN5ZQL,BLANKET,1
B08RDNDQPF,DRINKING_CUP,2
B08RDR61SR,DRINKING_CUP,1
B08RDSXMCR,DRINKING_CUP,1
B08RDVGHJJ,DRINKING_CUP,1
B08RHZJ9FH,BLANKET,1
B08RJ4GVNK,BLANKET,1
B08RJX11G6,PUZZLES,1
B08RLFYJ6S,DRINKING_CUP,1
B08RLH9CQP,DRINKING_CUP,1
B08RLK57P8,DRINKING_CUP,2
B08RLLJ8MH,DRINKING_CUP,1
B08RLLPSWT,DRINKING_CUP,2
B08RLMQ74C,DRINKING_CUP,1
B08RLNWHRS,DRINKING_CUP,4
B08RLQ98SR,DRINKING_CUP,1
B08RLQ98ST,DRINKING_CUP,2
B08RLSBWR8,DRINKING_CUP,2
B08RLSLFRN,DRINKING_CUP,2
B08RN3DL8J,DRINKING_CUP,1
B08RN78HH9,DRINKING_CUP,1
B08RP7PP6Z,BLANKET,1
B08RQJL59B,BAKING_PAN,1
B08RR1SW1W,PUZZLES,1
B08RSQ8KT7,DRINKING_CUP,2
B08RST1DHT,DRINKING_CUP,1
B08RSTNK85,DRINKING_CUP,1
B08RW98VGH,PUZZLES,1
B08RWK4PSN,DRINKING_CUP,2
B08RXG4PDH,BLANKET,1
B08RXQTD9M,BLANKET,1
B08RXSDT4Z,BLANKET,1
B08RY13BR8,DRINKING_CUP,1
B08RYCPQ3F,BLANKET,1
B08RYD6L54,DRINKING_CUP,1
B08RYTG3QB,PUZZLES,1
B08RYV49M9,PUZZLES,1
B08S1CN5B5,SURFACE_CLEANING_WIPE,19
B08S1VRGFN,PUZZLES,1
B08S2TCRYD,DRINKING_CUP,1
B08S33ZN8D,DRINKING_CUP,1
B08S37HPK4,DRINKING_CUP,1
B08S3KX5GR,DRINKING_CUP,1
B08S44FT8W,DRINKING_CUP,1
B08S46F8KK,DRINKING_CUP,1
B08S48JKZ2,DRINKING_CUP,1
B08S5ZLCQK,TOILET_PAPER,1
B08S6MQR14,DRINKING_CUP,1
B08S6PDDMZ,BLANKET,1
B08S6TPNV7,DRINKING_CUP,1
B08S73HBT7,DRINKING_CUP,1
B08S788LKW,PUZZLES,1
B08S78HZ63,BLANKET,1
B08S7FTQRD,BLANKET,2
B08S7PG9GZ,DRINKING_CUP,1
B08S7SY99Z,DRINKING_CUP,1
B08SBCPQ63,DRINKING_CUP,1
B08SBP2NLJ,BLANKET,1
B08SBQGZ2C,BAKING_PAN,1
B08SBRM7LG,DRINKING_CUP,1
B08SBZTD68,DRINKING_CUP,1
B08SC3PQRS,DRINKING_CUP,1
B08SC9HJLK,PUZZLES,1
B08SCL412N,DRINKING_CUP,1
B08SGVVJ2B,BLANKET,1
B08SH1GP3Q,DRINKING_CUP,1
B08SHW7HBQ,BLANKET,1
B08SJ3BRPC,DRINKING_CUP,1
B08SJ3GZWD,BLANKET,1
B08SJPTTN9,PUZZLES,1
B08SK1PV4T,PUZZLES,1
B08SKVQLG4,PUZZLES,1
B08SKZVQGG,DRINKING_CUP,1
B08SL484L8,BLANKET,1
B08SLKGL55,DRINKING_CUP,1
B08SLKPMKB,DRINKING_CUP,2
B08SLN59G2,BLANKET,1
B08SLSDMG1,DRINKING_CUP,1
B08SMDSH14,DRINKING_CUP,1
B08SMGK9TM,BLANKET,1
B08SMN2JBB,PUZZLES,1
B08SMPQGV1,DRINKING_CUP,1
B08SMQ7N19,DRINKING_CUP,1
B08SQ3XSLF,BLANKET,1
B08SQDMQYV,BLANKET,1
B08SQG1MCM,DRINKING_CUP,1
B08SQL2TNM,PUZZLES,1
B08SQM8PYH,BLANKET,1
B08SQP6HXP,PUZZLES,2
B08SQPJBXZ,DRINKING_CUP,1
B08SQRCBP5,BLANKET,1
B08SQRPWZ9,PUZZLES,1
B08SQZG3D1,BAKING_PAN,1
B08SR5BSY8,BLANKET,1
B08SR5TMN6,BAKING_PAN,1
B08SR6TX8N,BLANKET,1
B08SSVNDJD,DRINKING_CUP,1
B08SVMHM7W,PUZZLES,1
B08SVZ8X1F,BLANKET,1
B08SW2L581,PUZZLES,1
B08SWJR624,DRINKING_CUP,1
B08SWKMZ57,PUZZLES,1
B08SWMK9R8,DRINKING_CUP,2
B08SWPBJBW,BLANKET,1
B08SXWYPFY,BAKING_PAN,1
B08SXXN82S,DRINKING_CUP,1
B08SY8ZX3X,DRINKING_CUP,2
B08SZ94SL5,DRINKING_CUP,3
B08SZC17R7,DRINKING_CUP,1
B08T17BZDV,DRINKING_CUP,1
B08T185TL7,BLANKET,1
B08T1DJJ9P,BLANKET,1
B08T1LDP19,BAKING_PAN,1
B08T4JQ74H,BLANKET,1
B08T5VVD9L,BLANKET,1
B08T5YF92H,PUZZLES,1
B08T5YPWBD,PUZZLES,1
B08T5ZLXZC,BLANKET,1
B08T6368T8,BAKING_PAN,1
B08T637QBG,PUZZLES,1
B08T6CC64M,DRINKING_CUP,1
B08T6VD4ZT,PUZZLES,1
B08T6VLZPG,PUZZLES,1
B08T6WDQKS,PUZZLES,1
B08T6WK9XR,DRINKING_CUP,1
B08T6XMKCG,DRINKING_CUP,1
B08T71BNSX,BAKING_PAN,1
B08T7TS3N3,DRINKING_CUP,1
B08T7ZF9YC,DRINKING_CUP,1
B08T8G42YK,BAKING_PAN,1
B08T8R4J74,BLANKET,1
B08T8S4D33,BLANKET,1
B08T8THYSC,BLANKET,1
B08T8TQ2YJ,BLANKET,1
B08T938DMG,DRINKING_CUP,1
B08T978BH3,BLANKET,1
B08T99B5B1,TOILET_PAPER,1
B08T99D7HF,DRINKING_CUP,1
B08T9C75RC,PUZZLES,1
B08T9DFRCB,PUZZLES,1
B08T9F8CKX,PUZZLES,1
B08T9FZ1SX,PUZZLES,1
B08T9GNY46,BLANKET,1
B08T9XFKVN,BLANKET,3
B08T9ZDKRF,DRINKING_CUP,1
B08TBBNX3Y,BLANKET,1
B08TBCD91F,DRINKING_CUP,1
B08TBFYRY4,BLANKET,1
B08TBMJCZC,BLANKET,1
B08TBNRGVW,DRINKING_CUP,1
B08TBQR92Q,PUZZLES,1
B08TBVHX9Q,PUZZLES,1
B08TBXTSGB,PUZZLES,1
B08TBZCKTJ,BLANKET,1
B08TFGMWN4,PUZZLES,1
B08TGPRWC9,BLANKET,1
B08TGQT6R8,PUZZLES,1
B08TH6SCRC,BLANKET,1
B08TH76KB5,BLANKET,1
B08THJPYSS,DRINKING_CUP,1
B08THR2H8V,BLANKET,1
B08THSV3S2,BAKING_PAN,1
B08TL2J7BS,PUZZLES,3
B08TLK3679,PUZZLES,1
B08TMKZFZM,DRINKING_CUP,1
B08TMSSPP2,PUZZLES,1
B08TPG36T5,DRINKING_CUP,1
B08TPK5DFB,DRINKING_CUP,1
B08TQR2VD5,BAKING_PAN,1
B08TR6527V,DRINKING_CUP,1
B08TRG5KT7,DRINKING_CUP,1
B08TRSTD2N,DRINKING_CUP,1
B08TSTKJ3L,BLANKET,1
B08TSX3WNR,BLANKET,1
B08TSX4TT9,BLANKET,1
B08TT24K4T,BLANKET,1
B08TT6BR6Y,BLANKET,1
B08TTB4LZX,BLANKET,1
B08TTBMZHL,DRINKING_CUP,1
B08TTF9QB2,BLANKET,1
B08TTFHX7W,BLANKET,2
B08TTT7FQR,PUZZLES,1
B08TTTXDFS,DRINKING_CUP,1
B08TVZC47L,DRINKING_CUP,1
B08TW8PQ7T,DRINKING_CUP,2
B08TW9VCKG,PUZZLES,1
B08TZSLW8C,DRINKING_CUP,1
B08V12WKBQ,PUZZLES,1
B08V1CHBZF,DRINKING_CUP,1
B08V1DHMBY,DRINKING_CUP,1
B08V1LPMG4,BAKING_PAN,1
B08V1ZVSCX,PUZZLES,1
B08V2426ZR,BLANKET,1
B08V31JPDP,DRINKING_CUP,1
B08V4YB6XZ,DRINKING_CUP,3
B08V51PYPK,BLANKET,1
B08V51RV9B,DRINKING_CUP,1
B08V5Q1C8B,DRINKING_CUP,1
B08V891683,BLANKET,1
B08V8Z7CNV,DRINKING_CUP,1
B08V94Z6ND,DRINKING_CUP,1
B08VBY31FT,PUZZLES,2
B08VC33RK5,PUZZLES,1
B08VCG8Z4B,DRINKING_CUP,1
B08VD28DG6,BAKING_PAN,2
B08VDWCZMB,PUZZLES,2
B08VF6V43C,DRINKING_CUP,1
B08VF6ZX5K,DRINKING_CUP,1
B08VF7DZC2,DRINKING_CUP,2
B08VF85DQ5,DRINKING_CUP,4
B08VFS2SR6,DRINKING_CUP,1
B08VFSDRCR,DRINKING_CUP,1
B08VFSV1M9,DRINKING_CUP,2
B08VGCVWMX,PUZZLES,1
B08VGCWHRC,DRINKING_CUP,1
B08VHVGP74,BLANKET,1
B08VJ1CJJD,BLANKET,1
B08VJ699FB,BLANKET,1
B08VJFLDY3,DRINKING_CUP,1
B08VJGP3LN,DRINKING_CUP,1
B08VKR3LLV,DRINKING_CUP,1
B08VMP32BW,PUZZLES,1
B08VMV9PNV,BLANKET,1
B08VNFW2K7,BAKING_PAN,1
B08VNQQV2F,BAKING_PAN,1
B08VNTQHX4,PUZZLES,1
B08VSM9GMV,BLANKET,1
B08VTS64L1,DRINKING_CUP,2
B08VXJ8KK8,TOILET_PAPER,1
B08W242GBL,PUZZLES,1
B08W2TMZF4,PUZZLES,1
B08W34ZT54,BLANKET,1
B08W62WGSG,BAKING_PAN,1
B08W64H4JB,BAKING_PAN,1
B08W8PG3NT,BLANKET,1
B08WBY2V4Y,BAKING_PAN,1
B08WHGWL7L,BAKING_PAN,1
B08WHH8ZT2,DRINKING_CUP,1
B08WHRYHTV,BLANKET,1
B08WHWHR8Q,DRINKING_CUP,1
B08WJ4T1SL,DRINKING_CUP,1
B08WKLMMKY,DRINKING_CUP,1
B08WLF9LMH,BAKING_PAN,1
B08WM4L5DJ,BLANKET,1
B08WN91S4J,BLANKET,1
B08WN99648,DRINKING_CUP,1
B08WNBZQ32,DRINKING_CUP,1
B08WNMNPCZ,PUZZLES,1
B08WR9VNKQ,DRINKING_CUP,1
B08WRNDTDN,PUZZLES,1
B08WRVXLTZ,PUZZLES,1
B08WRYTBHZ,DRINKING_CUP,1
B08WRZLHRJ,BLANKET,1
B08WTR1RQW,DRINKING_CUP,2
B08WTVZFVV,DRINKING_CUP,1
B08WWXLZHN,BLANKET,1
B08WX17HZD,DRINKING_CUP,1
B08WYKVQ5B,DRINKING_CUP,1
B08WYQ7NS2,BLANKET,1
B08WZGMFJ4,BLANKET,1
B08X13MCDL,BLANKET,1
B08X15F59C,BLANKET,1
B08X28B9Y6,PUZZLES,1
B08X2LXGTN,BLANKET,1
B08X34JDM9,DRINKING_CUP,1
B08X3QY748,PUZZLES,1
B08X3RVYSJ,BAKING_PAN,1
B08X449QKQ,DRINKING_CUP,1
B08X4CXMVV,PUZZLES,1
B08X4FCK9D,PUZZLES,1
B08X4G7RW5,PUZZLES,1
B08X4HLMYV,PUZZLES,1
B08X4HRQQL,PUZZLES,1
B08X4P53T9,BLANKET,1
B08X4S2162,BAKING_PAN,1
B08X6J2KG6,BAKING_PAN,1
B08X6M894F,DRINKING_CUP,1
B08X743FRG,DRINKING_CUP,1
B08X8MT6JH,DRINKING_CUP,5
B08X8YJ3MK,BLANKET,1
B08X923TQ6,BLANKET,1
B08X9CRL3Y,DRINKING_CUP,1
B08XC1ZCXQ,DRINKING_CUP,1
B08XCHMZHR,BLANKET,1
B08XFCC2YV,SURFACE_CLEANING_WIPE,1
B08XFQXC3C,SURFACE_CLEANING_WIPE,1
B08XHHMGR1,DRINKING_CUP,1
B08XJ2NHHW,DRINKING_CUP,1
B08XJ54YRD,DRINKING_CUP,1
B08XJTTH54,DRINKING_CUP,1
B08XJV9RNH,BLANKET,1
B08XJXP9T9,DRINKING_CUP,1
B08XK5SKCF,PUZZLES,1
B08XKGT9PN,BLANKET,1
B08XLKNBGG,DRINKING_CUP,2
B08XM738F1,BLANKET,1
B08XN83YMY,BLANKET,1
B08XNC1VNF,DRINKING_CUP,1
B08XNJXDT2,DRINKING_CUP,1
B08XNZQ1QG,DRINKING_CUP,2
B08XQ59LJX,DRINKING_CUP,1
B08XQG2D3C,PUZZLES,1
B08XQH1D9L,PUZZLES,1
B08XQN6XBQ,DRINKING_CUP,1
B08XQYVXX9,DRINKING_CUP,2
B08XR15BFR,DRINKING_CUP,1
B08XSLLMNS,DRINKING_CUP,1
B08XSMSB8S,DRINKING_CUP,1
B08XTJKPG9,PUZZLES,1
B08XTR4ZWT,PUZZLES,1
B08XTRKWL5,PUZZLES,2
B08XTYMWVZ,DRINKING_CUP,1
B08XV36R5H,PUZZLES,2
B08XVTZ72N,PUZZLES,1
B08XVW4HXW,DRINKING_CUP,1
B08XW15K5Y,PUZZLES,1
B08XW17XJK,BLANKET,1
B08XW2XSSD,DRINKING_CUP,2
B08XWNSSJ2,PUZZLES,1
B08XWQFRCH,DRINKING_CUP,1
B08XWZX458,BLANKET,1
B08XXJSJ34,PUZZLES,1
B08XY8RFKD,DRINKING_CUP,1
B08XYNTDW6,DRINKING_CUP,1
B08XYQXWRX,DRINKING_CUP,3
B08XYRHKX9,BLANKET,1
B08XYSL13B,BLANKET,1
B08XYVRXDR,BLANKET,1
B08XYYZP5S,DRINKING_CUP,1
B08XZ1HNP5,DRINKING_CUP,1
B08XZ4PL24,BLANKET,1
B08XZ9JMZM,BLANKET,1
B08XZCHHY7,DRINKING_CUP,1
B08XZVSK77,TOILET_PAPER,13
B08XZZDWNT,DRINKING_CUP,1
B08Y17B3WB,BLANKET,1
B08Y1HQ9K5,PUZZLES,3
B08Y1NXVY3,BAKING_PAN,1
B08Y2N8X8T,BLANKET,1
B08Y2VL1JK,SURFACE_CLEANING_WIPE,4
B08Y4D8KWV,DRINKING_CUP,1
B08Y5G1Y6F,DRINKING_CUP,1
B08Y5HGLNJ,DRINKING_CUP,1
B08Y5MRQ9L,BLANKET,1
B08Y5WWF3F,PUZZLES,1
B08Y5XHHJY,PUZZLES,1
B08Y5Y8TJ6,BLANKET,1
B08Y623K42,PUZZLES,1
B08Y639YGX,DRINKING_CUP,1
B08Y67QPKQ,PUZZLES,1
B08Y6825YM,PUZZLES,1
B08Y932PLP,BLANKET,1
B08Y94G98Q,DRINKING_CUP,1
B08Y953WT8,BLANKET,1
B08Y961PTJ,PUZZLES,1
B08YC11PQX,DRINKING_CUP,1
B08YD9KG6T,DRINKING_CUP,4
B08YDHXPCP,DRINKING_CUP,1
B08YDK5VHN,BAKING_PAN,1
B08YDMX9K3,PUZZLES,1
B08YDW8K4P,DRINKING_CUP,1
B08YDZG5ZK,DRINKING_CUP,1
B08YKB17WQ,DRINKING_CUP,1
B08YKC12Y2,BLANKET,1
B08YMKLL9W,PUZZLES,1
B08YN5BFH9,PUZZLES,1
B08YNDTKTD,PUZZLES,1
B08YNKM9M1,DRINKING_CUP,1
B08YNKXWNG,PUZZLES,1
B08YNQJJ8S,DRINKING_CUP,1
B08YRF69B5,DRINKING_CUP,1
B08YRG8VNK,PUZZLES,1
B08YRXR37Z,BLANKET,1
B08YS688B7,DRINKING_CUP,1
B08YWM345H,DRINKING_CUP,1
B08YXH8TW7,DRINKING_CUP,1
B08YYNXBZJ,DRINKING_CUP,1
B08YYSKG3F,PUZZLES,1
B08Z2BQ3RH,BLANKET,1
B08Z2ZHGBC,BAKING_PAN,2
B08Z2ZPN2P,DRINKING_CUP,1
B08Z32SL8T,BLANKET,1
B08Z37QBV1,BAKING_PAN,1
B08Z37SVVV,DRINKING_CUP,1
B08Z3N8QQ9,BLANKET,1
B08Z3NYBP5,BLANKET,1
B08Z3YK4Z1,DRINKING_CUP,1
B08Z4CB2JD,DRINKING_CUP,1
B08Z4DSFZL,DRINKING_CUP,2
B08Z4GBQMZ,DRINKING_CUP,1
B08Z4JN4M9,DRINKING_CUP,1
B08Z5MNDFC,BLANKET,2
B08Z5W8N7K,BLANKET,1
B08Z7583G9,DRINKING_CUP,2
B08Z79N5QK,BLANKET,1
B08Z7P5BMM,BAKING_PAN,1
B08ZBCBRCV,BLANKET,1
B08ZCKFKFH,DRINKING_CUP,1
B08ZCTX3SP,DRINKING_CUP,1
B08ZCXZPMW,DRINKING_CUP,1
B08ZCZTVLZ,BLANKET,1
B08ZDRBKPB,DRINKING_CUP,1
B08ZFPDDXZ,DRINKING_CUP,1
B08ZGBVX9T,PUZZLES,1
B08ZGYW2ZQ,DRINKING_CUP,1
B08ZH9FZ3S,BLANKET,1
B08ZHDMZ9C,DRINKING_CUP,1
B08ZHR1QCM,PUZZLES,1
B08ZHT2TGY,DRINKING_CUP,1
B08ZJ44ZPW,BAKING_PAN,1
B08ZJ4L9J9,BLANKET,1
B08ZJCLTHV,BLANKET,1
B08ZKGYGJ7,BLANKET,1
B08ZKRL8JN,BLANKET,1
B08ZKTJ8NN,DRINKING_CUP,1
B08ZKZ1FJK,DRINKING_CUP,1
B08ZLXK9HM,DRINKING_CUP,1
B08ZM8SBSN,DRINKING_CUP,1
B08ZND9TDD,PUZZLES,1
B08ZNHM5WP,DRINKING_CUP,1
B08ZNMFQWC,BAKING_PAN,1
B08ZRX32H1,DRINKING_CUP,1
B08ZRYPXSB,DRINKING_CUP,1
B08ZS2ZLDR,BLANKET,1
B08ZSNTH3G,PUZZLES,1
B08ZXVY3MN,DRINKING_CUP,1
B08ZXVZX5M,BLANKET,1
B08ZY86MYF,BLANKET,1
B08ZYJCFB2,BLANKET,1
B08ZYR173Q,PUZZLES,1
B08ZYXWW7Q,SURFACE_CLEANING_WIPE,1
B09129PGXR,PUZZLES,1
B0912BLZFZ,DRINKING_CUP,1
B0912CCQSN,BAKING_PAN,1
B0912CHCXL,PUZZLES,6
B0912DMW3S,BLANKET,1
B0912FV47C,DRINKING_CUP,1
B0912GF352,BLANKET,1
B0912JKXBH,BAKING_PAN,1
B0912NGCY4,DRINKING_CUP,1
B0912RJGYB,DRINKING_CUP,1
B091511YCH,BLANKET,1
B09158614F,SURFACE_CLEANING_WIPE,5
B0915GCNQ9,BLANKET,1
B0915GN1H1,BLANKET,1
B0915GX1H5,BLANKET,1
B0915JHXPM,PUZZLES,1
B0915SL8WQ,BLANKET,1
B091638QYC,BAKING_PAN,1
B09176PFSV,BAKING_PAN,1
B091785SJB,BAKING_PAN,1
B0917P6PB2,PUZZLES,1
B091839SRV,BLANKET,1
B09195FP8T,DRINKING_CUP,1
B0919RGDRV,BLANKET,1
B0919WDKW5,BLANKET,1
B091BBHCJR,DRINKING_CUP,1
B091BDCGNJ,DRINKING_CUP,1
B091BJZBR5,PUZZLES,1
B091BLPL42,DRINKING_CUP,1
B091BSNWNM,PUZZLES,1
B091BYKJ51,DRINKING_CUP,1
B091C2C2Y5,BLANKET,1
B091C6FM1X,BLANKET,1
B091C7JJBG,BLANKET,1
B091C7Y7SX,BLANKET,1
B091CB6FPR,BLANKET,1
B091CL6ML1,DRINKING_CUP,1
B091CVLMCR,BLANKET,1
B091D23SSL,DRINKING_CUP,1
B091D2ML7W,DRINKING_CUP,1
B091DS3GRQ,DRINKING_CUP,1
B091DTBP4C,DRINKING_CUP,1
B091F69DCT,DRINKING_CUP,1
B091F8W191,PUZZLES,1
B091FVLJRK,BLANKET,1
B091G8CPQ4,DRINKING_CUP,1
B091G8YT1J,DRINKING_CUP,1
B091GR3D66,DRINKING_CUP,1
B091H94FG7,BLANKET,1
B091HG37G3,BLANKET,1
B091J8ZMGH,BLANKET,1
B091K4NNV8,BLANKET,1
B091KB5X3W,PUZZLES,1
B091KCGNXD,PUZZLES,1
B091KRWHZY,BAKING_PAN,1
B091KTTJG9,BLANKET,1
B091M9N4FC,PUZZLES,4
B091MD15SW,PUZZLES,1
B091MF5C4W,PUZZLES,3
B091PSM9WW,BLANKET,1
B091PXQVR7,BLANKET,1
B091SK81ZC,DRINKING_CUP,1
B091SR17V2,BAKING_PAN,1
B091T1WQBX,DRINKING_CUP,1
B091T4QXPT,DRINKING_CUP,1
B091TBDPQ2,BLANKET,1
B091TGMZPS,DRINKING_CUP,1
B091XRH1P8,BLANKET,1
B091XT4VP3,DRINKING_CUP,1
B091Y993DN,BLANKET,1
B091YJNKK8,BLANKET,2
B091YRDKBT,DRINKING_CUP,1
B0921LCXMC,DRINKING_CUP,1
B0921XY1XJ,DRINKING_CUP,1
B0922PM75R,BLANKET,1
B0923GRG1X,DRINKING_CUP,1
B0923HG2PH,DRINKING_CUP,1
B0923TGP8F,DRINKING_CUP,1
B0924DZLXV,DRINKING_CUP,1
B0924G4CLF,PUZZLES,1
B0924KV4PS,DRINKING_CUP,1
B09251MPS4,BLANKET,1
B09256GJM4,BLANKET,1
B0925CCVDG,BLANKET,1
B0925CPFG9,BLANKET,2
B0925F7Z52,BLANKET,1
B0925GG1MY,BLANKET,1
B0925HZXWJ,PUZZLES,1
B09282QY2X,BLANKET,1
B09282WJK1,BLANKET,1
B09283P8QL,BLANKET,1
B0929D76LK,PUZZLES,1
B0929G68CW,DRINKING_CUP,1
B0929K1W38,DRINKING_CUP,1
B092BG25PC,DRINKING_CUP,1
B092BH757J,DRINKING_CUP,2
B092CSMG8V,BLANKET,1
B092CSMVHH,BLANKET,1
B092D9V5Y2,DRINKING_CUP,1
B092DFFTBB,PUZZLES,1
B092DH9XXH,DRINKING_CUP,1
B092DZ6PQF,BAKING_PAN,1
B092FK78ZC,DRINKING_CUP,1
B092H9RT7M,DRINKING_CUP,1
B092HWF5Z4,BLANKET,1
B092JMCVNQ,BLANKET,1
B092JNGCVL,PUZZLES,1
B092JNKF4V,BLANKET,1
B092JRDYSY,DRINKING_CUP,1
B092KQDCM1,DRINKING_CUP,2
B092LBXBFW,DRINKING_CUP,1
B092LDVHKW,DRINKING_CUP,1
B092LNCB26,DRINKING_CUP,1
B092LYZPWQ,DRINKING_CUP,1
B092M5297H,PUZZLES,1
B092M6JDFR,BLANKET,1
B092MCFZM1,BLANKET,1
B092MTVXZ9,DRINKING_CUP,1
B092MVLR25,PUZZLES,2
B092NX6ZDB,PUZZLES,2
B092P15NH8,DRINKING_CUP,1
B092PGXVZY,DRINKING_CUP,1
B092Q18RG5,BLANKET,2
B092Q4SFCQ,BLANKET,1
B092Q4V1B2,DRINKING_CUP,1
B092QSFK8H,DRINKING_CUP,2
B092R43DXY,BAKING_PAN,1
B092R5Z3ZK,DRINKING_CUP,1
B092RZZZN1,DRINKING_CUP,1
B092S9S7MQ,DRINKING_CUP,1
B092SR19YD,BAKING_PAN,2
B092TYN7G1,BLANKET,1
B092VTW8QC,BAKING_PAN,1
B092W3QZJK,DRINKING_CUP,1
B092W5G2SG,BLANKET,1
B092YQ6H8R,DRINKING_CUP,1
B092ZDY8HF,BLANKET,1
B092ZGHKJK,BLANKET,1
B092ZMPKM7,DRINKING_CUP,1
B092ZNQG4Q,DRINKING_CUP,1
B0931V43GH,DRINKING_CUP,1
B0931YZSBJ,DRINKING_CUP,1
B09323366W,DRINKING_CUP,1
B09327GY5D,DRINKING_CUP,1
B0932F3CWF,BLANKET,1
B0932S9VHW,DRINKING_CUP,1
B0932XZGJ2,BLANKET,1
B0933FYSFD,BLANKET,1
B0936P6WRL,BLANKET,1
B0936RN2VL,DRINKING_CUP,1
B0936TBV5C,DRINKING_CUP,1
B0937LY4NM,DRINKING_CUP,1
B0937MYL98,PUZZLES,2
B09383YVCC,BLANKET,1
B093B6X57D,BAKING_PAN,1
B093BFH834,BLANKET,1
B093BH3T32,DRINKING_CUP,1
B093BL71CT,BLANKET,1
B093BVSCS6,BLANKET,1
B093CKHPKK,TOILET_PAPER,52
B093CMX3V8,DRINKING_CUP,1
B093D18V1V,PUZZLES,1
B093D7NBZS,PUZZLES,1
B093DHPXKZ,DRINKING_CUP,1
B093DVT1FL,DRINKING_CUP,2
B093F7V8QQ,DRINKING_CUP,1
B093GBYJ1Y,BLANKET,1
B093GFGYVR,PUZZLES,1
B093GKLVRF,DRINKING_CUP,1
B093GP14JR,BLANKET,1
B093GZGWY5,DRINKING_CUP,1
B093H2RT2B,BLANKET,1
B093H4965B,BLANKET,1
B093HG9H52,DRINKING_CUP,1
B093HKJ887,PUZZLES,1
B093HKVWT9,PUZZLES,1
B093HMGHXH,PUZZLES,1
B093KFVLC8,BLANKET,1
B093KV2L75,BLANKET,1
B093L6M7JW,PUZZLES,1
B093L91MNQ,DRINKING_CUP,1
B093LKSH3K,BLANKET,1
B093LNWRVL,BLANKET,1
B093MGDSFG,TOILET_PAPER,1
B093P6S2HH,BLANKET,2
B093PBJSVZ,BLANKET,1
B093PG9JNF,BAKING_PAN,1
B093Q29DC3,BLANKET,2
B093Q546DD,BLANKET,2
B093QFLVNP,BLANKET,2
B093QH5WQD,BLANKET,1
B093R6NJGT,BLANKET,2
B093RX1T5N,BLANKET,1
B093SJC77L,PUZZLES,1
B093SPYT56,DRINKING_CUP,1
B093SW9WQJ,BLANKET,1
B093T64YPW,BLANKET,1
B093TGX5PB,DRINKING_CUP,3
B093TL28P7,DRINKING_CUP,1
B093WD131H,DRINKING_CUP,2
B093X48ZQH,PUZZLES,1
B093XX4M1Z,TOILET_PAPER,2
B093Y2WLFM,TOILET_PAPER,8
B093Z8DQ1X,BLANKET,1
B09428LZM7,BLANKET,1
B0942GXYJP,DRINKING_CUP,3
B0942LQNFZ,DRINKING_CUP,2
B0942NV4V6,BAKING_PAN,1
B0942SNDNB,DRINKING_CUP,1
B09431F71X,PUZZLES,1
B0943J98PV,DRINKING_CUP,1
B0943T1LW2,BLANKET,1
B0945G5XV2,BLANKET,1
B0946MQGBW,BAKING_PAN,1
B0946SPWKF,BLANKET,1
B0947DYSQJ,TOILET_PAPER,7
B09498R8RN,PUZZLES,1
B094994SJT,PUZZLES,1
B0949G47J3,PUZZLES,1
B094C72SZ4,BLANKET,1
B094CQR5SL,PUZZLES,1
B094CTNCYK,BLANKET,1
B094CV1KQ4,BLANKET,2
B094CVQC53,BLANKET,1
B094CVXKHN,BLANKET,2
B094CVZVG1,PUZZLES,1
B094D1K4CD,BLANKET,1
B094DJLMRV,PUZZLES,1
B094DLPM2K,BAKING_PAN,1
B094FCB1BV,DRINKING_CUP,1
B094FJ5P98,DRINKING_CUP,1
B094GH24KH,DRINKING_CUP,1
B094HSL1K2,DRINKING_CUP,1
B094J93RWQ,PUZZLES,1
B094JGT4ND,BAKING_PAN,1
B094N9K2RX,BLANKET,1
B094NHYLYH,TOILET_PAPER,10
B094NJG33Q,DRINKING_CUP,1
B094NZNY1D,DRINKING_CUP,1
B094PFQ39Q,DRINKING_CUP,1
B094QC8LSH,BAKING_PAN,1
B094QG6S6Y,BAKING_PAN,1
B094QY7QVN,BLANKET,1
B094R2869K,BLANKET,1
B094R2JRDT,DRINKING_CUP,1
B094R32SSS,BLANKET,1
B094R65FBT,BLANKET,1
B094R6HM4H,BLANKET,1
B094RVCXFX,DRINKING_CUP,1
B094SBHYRG,DRINKING_CUP,1
B094TYRJY1,BLANKET,1
B094V1VLRR,BLANKET,1
B094VCWM92,DRINKING_CUP,1
B094VWS75X,BLANKET,1
B094VXJBTQ,BLANKET,1
B094VXZKL5,BLANKET,1
B094WBKZ77,DRINKING_CUP,1
B094WC9XV6,PUZZLES,1
B094X6532N,PUZZLES,1
B094XBZ6S5,DRINKING_CUP,1
B094XWRC83,PUZZLES,1
B094YPYFSP,DRINKING_CUP,1
B094ZD2GQW,DRINKING_CUP,1
B0952PS5X4,BLANKET,1
B0952RNF3H,BLANKET,1
B0953FVNR3,BLANKET,1
B0953VX23B,BLANKET,1
B09543C5JT,PUZZLES,1
B0956S3R9B,DRINKING_CUP,1
B0956Y64RR,PUZZLES,2
B09576R226,DRINKING_CUP,1
B0957YGNYL,PUZZLES,1
B0957Z76GY,PUZZLES,1
B09581DTLF,DRINKING_CUP,1
B095BYC77V,DRINKING_CUP,1
B095CN96JS,TOILET_PAPER,79
B095CPF2WF,DRINKING_CUP,1
B095CS7Y3M,DRINKING_CUP,1
B095CW46CS,DRINKING_CUP,1
B095H175GM,BLANKET,1
B095HCDLCG,BAKING_PAN,2
B095HGJ3VW,PUZZLES,1
B095HJY9Q9,DRINKING_CUP,1
B095J96C5D,BLANKET,1
B095JB1GGT,BLANKET,1
B095JQVPHT,DRINKING_CUP,1
B095JR33XR,DRINKING_CUP,1
B095K3W7M3,BAKING_PAN,2
B095K3Y3FS,BLANKET,1
B095K68GX6,BLANKET,1
B095KC3ZMH,PUZZLES,1
B095KDVFQT,BLANKET,1
B095KPHBK9,PUZZLES,3
B095KSW3KV,DRINKING_CUP,1
B095KWL76V,DRINKING_CUP,1
B095N6CM92,BLANKET,1
B095NCD8GK,PUZZLES,1
B095NYZ9M3,BLANKET,1
B095P1TKXV,BLANKET,1
B095PPPVHF,BLANKET,1
B095SQFVBZ,BAKING_PAN,1
B095W4GW6C,BLANKET,1
B095W9DZFP,BLANKET,1
B095WGJJ38,BLANKET,1
B095WH8LV5,BLANKET,1
B095WK8XZM,BLANKET,1
B095WLJQB8,BLANKET,1
B095WPMCVT,PUZZLES,1
B095WZN81P,BAKING_PAN,1
B095XGGCGY,PUZZLES,1
B095XGRRVZ,DRINKING_CUP,1
B095Y66783,DRINKING_CUP,1
B095Y6Z3K5,PUZZLES,2
B095Y72MJQ,PUZZLES,1
B095Y7RXL5,PUZZLES,1
B095Y8JMYK,BLANKET,1
B095Y95DZ2,PUZZLES,1
B095YJJQ6C,BLANKET,1
B095YJYHN7,BLANKET,1
B095YKZL42,BLANKET,1
B0962JQKXB,BLANKET,2
B0962V9R7G,DRINKING_CUP,1
B0963GPDVT,PUZZLES,1
B0963SRKJY,BLANKET,1
B0964199T2,DRINKING_CUP,1
B096484L2P,DRINKING_CUP,1
B0964BQ8BK,DRINKING_CUP,1
B096566XS7,BLANKET,1
B0965NXQDT,DRINKING_CUP,1
B09663WM7P,BLANKET,1
B0967BXXY9,DRINKING_CUP,1
B0968RH7QL,BAKING_PAN,1
B0969QDPS8,DRINKING_CUP,1
B0969W8VV5,DRINKING_CUP,2
B0969WQG67,DRINKING_CUP,1
B096B1PDZG,BLANKET,1
B096B7V9D2,DRINKING_CUP,1
B096BLCM6G,PUZZLES,1
B096CH3XQH,SURFACE_CLEANING_WIPE,1
B096DLYLG3,BLANKET,4
B096DSVS9C,BLANKET,2
B096F758K3,BLANKET,1
B096FN9DZQ,DRINKING_CUP,1
B096FQCNN9,BLANKET,1
B096GBV39S,DRINKING_CUP,1
B096HGXPVC,BLANKET,1
B096JZSJHW,DRINKING_CUP,1
B096KQDT9N,DRINKING_CUP,1
B096KQJZ5D,DRINKING_CUP,1
B096KR3FCC,DRINKING_CUP,1
B096KSD4LK,DRINKING_CUP,1
B096KSJZ1W,DRINKING_CUP,1
B096KSVS3M,DRINKING_CUP,1
B096KZ97SV,DRINKING_CUP,1
B096M3J5MZ,DRINKING_CUP,1
B096M7YHWK,BLANKET,1
B096M8MD1C,DRINKING_CUP,1
B096MCM2QG,DRINKING_CUP,1
B096MCPMFZ,BLANKET,1
B096MRC8QX,DRINKING_CUP,1
B096NH58B9,DRINKING_CUP,1
B096P4DC85,BLANKET,1
B096PSFP3M,PUZZLES,1
B096QTCPJX,DRINKING_CUP,1
B096QWB74L,DRINKING_CUP,1
B096RKWPMM,BLANKET,1
B096RVK56X,DRINKING_CUP,1
B096RZFV67,BLANKET,1
B096SLFRX4,DRINKING_CUP,1
B096SPHK9F,BLANKET,1
B096SXW9SZ,DRINKING_CUP,1
B096T2CHKP,PUZZLES,1
B096T3C61R,BLANKET,1
B096VJRW6G,DRINKING_CUP,1
B096VZSK2Q,BLANKET,1
B096W2QZZ9,BLANKET,1
B096X3CMJ7,BLANKET,1
B096X3GN4S,BLANKET,1
B096XS7595,BLANKET,1
B096XSTL61,DRINKING_CUP,1
B096YC814S,DRINKING_CUP,1
B096Z9H6LZ,DRINKING_CUP,1
B096ZG2X8L,BLANKET,1
B096ZQZCXW,DRINKING_CUP,1
B096ZRTP7F,DRINKING_CUP,1
B096ZWV2C1,DRINKING_CUP,1
B096ZWZP38,DRINKING_CUP,1
B09717M2YL,PUZZLES,1
B0971DYTNG,DRINKING_CUP,1
B0971FCVHN,DRINKING_CUP,1
B0971MC534,BAKING_PAN,1
B0971NWGPM,BAKING_PAN,2
B0971S9D62,BLANKET,1
B09724Q5XV,BLANKET,2
B09725536W,BLANKET,2
B09727SW3Z,BLANKET,1
B0972LPF5W,DRINKING_CUP,1
B0972NFQKY,DRINKING_CUP,1
B0972PM89V,DRINKING_CUP,1
B0972VVZVP,BLANKET,1
B0972Y84MX,DRINKING_CUP,1
B0973JPS6Q,DRINKING_CUP,1
B097652TKK,PUZZLES,1
B09768MQFG,BLANKET,2
B0977L74K7,DRINKING_CUP,1
B09796B7JV,DRINKING_CUP,1
B0979PYQDR,DRINKING_CUP,2
B097B4QNXN,BLANKET,1
B097B63VF3,BLANKET,1
B097B727DZ,BLANKET,1
B097BDL6G8,BLANKET,1
B097BHT1MS,BAKING_PAN,1
B097CCF5MX,DRINKING_CUP,1
B097CMJHV7,BAKING_PAN,1
B097CNSWDN,BLANKET,1
B097CNWQ8K,BLANKET,1
B097CVGY3L,BLANKET,1
B097CVX2KW,DRINKING_CUP,2
B097CZWVCB,DRINKING_CUP,1
B097CZYTC6,DRINKING_CUP,1
B097CZYTC8,DRINKING_CUP,2
B097DK6ZCR,BLANKET,2
B097DZ123Z,BLANKET,1
B097F6PGDT,TOILET_PAPER,3
B097F8YVPM,TOILET_PAPER,1
B097F9DLV6,DRINKING_CUP,1
B097FDW796,BAKING_PAN,2
B097H3PD56,BAKING_PAN,2
B097JLG33M,BAKING_PAN,1
B097LPW5XN,DRINKING_CUP,1
B097MVSQ2X,BLANKET,1
B097NC1971,BLANKET,1
B097NHB7MP,DRINKING_CUP,1
B097NHLL8R,DRINKING_CUP,1
B097PKS52K,BLANKET,1
B097Q85J47,BLANKET,2
B097QCKXK9,DRINKING_CUP,1
B097QF6MVP,SURFACE_CLEANING_WIPE,1
B097QF8Q4W,DRINKING_CUP,1
B097QGXSZQ,SURFACE_CLEANING_WIPE,1
B097QH33NC,SURFACE_CLEANING_WIPE,2
B097QHQCL6,SURFACE_CLEANING_WIPE,1
B097QRBX5S,BLANKET,1
B097QSKS4Z,BLANKET,3
B097R14W12,DRINKING_CUP,1
B097RHTG8N,BLANKET,1
B097RLPCW8,BLANKET,1
B097RRG9C2,DRINKING_CUP,1
B097RSML8T,DRINKING_CUP,1
B097SSNL5P,DRINKING_CUP,2
B097SVQGWZ,DRINKING_CUP,1
B097SYX6QL,BLANKET,2
B097SZJ17N,DRINKING_CUP,1
B097TDR6XT,DRINKING_CUP,1
B097TK62V9,BLANKET,1
B097TW79J8,DRINKING_CUP,1
B097YV4KQ1,BLANKET,1
B097ZLKGGX,DRINKING_CUP,1
B097ZS1BCR,BLANKET,1
B0981T1F2C,BLANKET,1
B0982QZ1MK,PUZZLES,1
B09835Q43Z,BLANKET,1
B0983GRB33,BLANKET,1
B0983GRCX4,BLANKET,1
B0983GWHVT,BAKING_PAN,1
B0983GXB83,BLANKET,1
B0983RH1PS,BLANKET,2
B0983Z2G27,DRINKING_CUP,1
B09842P125,DRINKING_CUP,1
B0984JHV8S,PUZZLES,1
B0984RZLBY,PUZZLES,1
B09851XG1T,PUZZLES,1
B09855TBW1,PUZZLES,1
B0986TCNW7,DRINKING_CUP,1
B0986ZM5GJ,BLANKET,1
B0987B2T86,PUZZLES,2
B0987JCB8R,DRINKING_CUP,1
B0987YPYD6,DRINKING_CUP,1
B0988WJTH8,DRINKING_CUP,1
B0988WKVN1,BLANKET,1
B0989HVQ82,BLANKET,1
B0989L5WN8,DRINKING_CUP,1
B098B3X84V,BLANKET,1
B098BLYWFQ,DRINKING_CUP,1
B098DD7W6V,BLANKET,1
B098DHPDWV,PUZZLES,1
B098DR8G36,DRINKING_CUP,1
B098DV2JLC,BAKING_PAN,1
B098F4JY34,BLANKET,1
B098FFFH63,BLANKET,1
B098JW2RRC,BLANKET,1
B098JX3Y8J,BLANKET,1
B098K2CFJ7,BLANKET,1
B098KB2Q2V,PUZZLES,1
B098KD7G8D,BLANKET,2
B098KJMMGC,BLANKET,4
B098LHNLDP,BLANKET,1
B098NR8VR1,BLANKET,1
B098NY9KW8,BLANKET,2
B098P1MJ98,BLANKET,1
B098PXRNW5,BLANKET,1
B098Q2KCYQ,BLANKET,1
B098QFKMX6,BLANKET,1
B098QP2YXW,BLANKET,1
B098SJYRSB,BLANKET,1
B098SS9GPM,DRINKING_CUP,1
B098T9K7QW,PUZZLES,1
B098TBNMK7,DRINKING_CUP,1
B098TJ9K75,BLANKET,1
B098V1DPS4,PUZZLES,1
B098X1MXPY,PUZZLES,1
B098X6SYX3,BLANKET,1
B098XNSVG3,BLANKET,1
B098YP7M5L,DRINKING_CUP,1
B098YRKBK2,PUZZLES,1
B098YW241V,DRINKING_CUP,1
B098Z1WH2V,DRINKING_CUP,1
B098Z2XFGT,DRINKING_CUP,1
B098Z3JRPC,DRINKING_CUP,1
B098Z5HFTK,DRINKING_CUP,2
B098Z734DL,DRINKING_CUP,1
B098ZBXNWQ,DRINKING_CUP,1
B098ZC82SB,DRINKING_CUP,1
B0991J45K9,BLANKET,1
B099255748,BLANKET,1
B0992MY5HP,DRINKING_CUP,2
B0992SQSGF,BLANKET,1
B0992ST637,BLANKET,1
B0993P8PT7,BLANKET,1
B0994HLGGR,DRINKING_CUP,1
B0995F2W86,PUZZLES,1
B0995HGHRF,DRINKING_CUP,1
B0998BG4N3,BLANKET,1
B0999TVZCG,BLANKET,1
B099F1Q7PY,DRINKING_CUP,1
B099F6GPFD,BLANKET,1
B099FK72PW,DRINKING_CUP,4
B099JKPBF1,SURFACE_CLEANING_WIPE,1
B099JTWZXZ,DRINKING_CUP,1
B099JZ9LRM,BLANKET,1
B099JZTS4L,BLANKET,1
B099K93RSC,BLANKET,1
B099KSZRM6,BLANKET,1
B099MRQJXB,SURFACE_CLEANING_WIPE,1
B099N8YBBM,DRINKING_CUP,1
B099N9PY5T,DRINKING_CUP,1
B099NGHF43,DRINKING_CUP,1
B099NYXZWT,DRINKING_CUP,1
B099PSDTQD,DRINKING_CUP,1
B099PZ1ZLG,BAKING_PAN,1
B099R8DSNB,BLANKET,1
B099RCSLCJ,PUZZLES,1
B099RPW254,PUZZLES,1
B099RSL1MM,DRINKING_CUP,1
B099RY5TDR,DRINKING_CUP,1
B099S1NLRL,DRINKING_CUP,1
B099VBWKD9,DRINKING_CUP,1
B099VDJRMH,BLANKET,1
B099W5QKYW,BLANKET,1
B099WC8J2Q,BLANKET,1
B099WFZYQ2,PUZZLES,1
B099WTSWV3,BLANKET,1
B099WX166Q,BLANKET,1
B099XBT5MB,DRINKING_CUP,1
B099XDMCJ9,DRINKING_CUP,1
B099YHN647,BAKING_PAN,1
B099YQ9P67,BLANKET,1
B099Z1Q7TX,PUZZLES,1
B099Z6S5H1,PUZZLES,1
B099Z7Q13S,DRINKING_CUP,1
B099ZCZZVL,BLANKET,1
B099ZHYF94,BAKING_PAN,1
B099ZPXFJ2,BLANKET,1
B09B167Q8L,DRINKING_CUP,1
B09B167S86,DRINKING_CUP,1
B09B1TX7L2,DRINKING_CUP,1
B09B24TTBD,BLANKET,1
B09B2KFDCQ,DRINKING_CUP,1
B09B3Q4VZ1,DRINKING_CUP,1
B09B43X65P,DRINKING_CUP,1
B09B44R9CH,TOILET_PAPER,18
B09B4R439D,DRINKING_CUP,1
B09B4Y2779,BLANKET,2
B09B51QTQW,PUZZLES,1
B09B6B67KF,PUZZLES,1
B09B6Y8YZ2,BAKING_PAN,1
B09B75RW6D,BAKING_PAN,1
B09B7LC9HF,BLANKET,1
B09B7LQK93,PUZZLES,1
B09B7VM8LR,BLANKET,1
B09B7XHVYV,PUZZLES,1
B09B8TQ22Y,DRINKING_CUP,1
B09B8XQ5JB,BLANKET,1
B09B93LDRN,BLANKET,1
B09B96SR1V,DRINKING_CUP,1
B09B99Z3P1,DRINKING_CUP,1
B09B9RVQ58,BLANKET,1
B09B9TMK22,BLANKET,1
B09BB3GSDT,BLANKET,1
B09BB8N5YH,BLANKET,1
B09BBN7GZ5,DRINKING_CUP,1
B09BC4CT3C,BLANKET,1
B09BC4R2TV,DRINKING_CUP,1
B09BCCL1Z9,BLANKET,1
B09BCHFGDC,PUZZLES,1
B09BCPMJY4,DRINKING_CUP,1
B09BDCWXDF,DRINKING_CUP,1
B09BDKT8KZ,DRINKING_CUP,1
B09BDVWLQF,BLANKET,2
B09BDW7367,BLANKET,1
B09BF1QGKS,DRINKING_CUP,1
B09BF654F5,BLANKET,2
B09BFB7896,PUZZLES,1
B09BFW8Q9T,DRINKING_CUP,1
B09BFZXSXG,DRINKING_CUP,1
B09BG1GFR8,DRINKING_CUP,1
B09BG235G4,DRINKING_CUP,1
B09BG24LN7,DRINKING_CUP,1
B09BG2HM62,DRINKING_CUP,1
B09BGZXMZ7,BLANKET,1
B09BJ4DX2Z,BAKING_PAN,1
B09BJDTPBK,BLANKET,1
B09BKPFBYT,DRINKING_CUP,1
B09BKVC56D,BLANKET,1
B09BL4139S,BLANKET,1
B09BM2H2YN,BLANKET,1
B09BM4LMRF,DRINKING_CUP,1
B09BMYQ53P,BLANKET,1
B09BN2QPLH,DRINKING_CUP,1
B09BNV85ST,BLANKET,1
B09BNYLJ6W,PUZZLES,1
B09BPW3QQ1,DRINKING_CUP,1
B09BQTMJ7Y,BLANKET,1
B09BQVL3Q9,DRINKING_CUP,1
B09BTD6QMQ,BLANKET,1
B09BTQ83R5,DRINKING_CUP,1
B09BVH9139,DRINKING_CUP,1
B09BW46154,DRINKING_CUP,1
B09BX4DMXR,DRINKING_CUP,1
B09BYJBZWW,DRINKING_CUP,1
B09BZ78K9L,DRINKING_CUP,1
B09C17WT2K,BLANKET,1
B09C2Q4455,PUZZLES,1
B09C2RRR9W,PUZZLES,1
B09C31MM7S,PUZZLES,2
B09C33YMT6,BLANKET,1
B09C3GD19F,BLANKET,1
B09C3LWD6N,BLANKET,1
B09C44JVK9,BLANKET,1
B09C5PMG88,DRINKING_CUP,1
B09C5RK25H,BLANKET,1
B09C5X2K4H,PUZZLES,1
B09C62GW12,BLANKET,1
B09C63ZXXH,BLANKET,1
B09C65MZKP,DRINKING_CUP,2
B09C7K8FWR,PUZZLES,1
B09C7NYLRV,BLANKET,1
B09C86XCPV,BAKING_PAN,1
B09C8R8ZGQ,PUZZLES,1
B09C8XLQQV,DRINKING_CUP,1
B09C9RBCN7,BLANKET,1
B09CCXVSZD,DRINKING_CUP,1
B09CD7FHR2,DRINKING_CUP,1
B09CD7ZGCS,DRINKING_CUP,1
B09CF2LMLX,DRINKING_CUP,1
B09CF2PFBQ,DRINKING_CUP,1
B09CF2QJS5,DRINKING_CUP,1
B09CF2VH8R,PUZZLES,1
B09CF38D2Y,DRINKING_CUP,1
B09CF4369D,DRINKING_CUP,1
B09CF45Q35,DRINKING_CUP,1
B09CF4KD5R,DRINKING_CUP,1
B09CFM28M1,DRINKING_CUP,1
B09CG27XNS,BLANKET,1
B09CGDJJS4,BLANKET,1
B09CGPKVT2,DRINKING_CUP,3
B09CGSPZ7M,BAKING_PAN,1
B09CGTJBXG,BAKING_PAN,1
B09CHFK2WP,DRINKING_CUP,1
B09CHJ8BBS,DRINKING_CUP,1
B09CKBGD6V,PUZZLES,1
B09CKT9V4X,DRINKING_CUP,1
B09CKV3D98,DRINKING_CUP,1
B09CM8FJG6,BLANKET,1
B09CPS857H,PUZZLES,1
B09CQ248W9,DRINKING_CUP,1
B09CS96ZRV,DRINKING_CUP,2
B09CSZDT15,BLANKET,1
B09CT75MN5,DRINKING_CUP,1
B09CTSH6QJ,DRINKING_CUP,1
B09CV4L2WX,DRINKING_CUP,1
B09CVW3Q21,DRINKING_CUP,1
B09CW6L23D,SURFACE_CLEANING_WIPE,5
B09CYTBM4M,BLANKET,1
B09CYXHMDD,BLANKET,1
B09CYZDWPX,BLANKET,1
B09CZDYSM3,BLANKET,1
B09CZJYYMT,BLANKET,1
B09D1H37C3,BLANKET,1
B09D25RC8N,BAKING_PAN,1
B09D2NCXT7,DRINKING_CUP,1
B09D3H3KJ9,DRINKING_CUP,1
B09D7PKDHF,BLANKET,1
B09D7R9BN8,DRINKING_CUP,1
B09D8KKXHC,DRINKING_CUP,1
B09D8WDLCC,BLANKET,1
B09D8XWP3V,PUZZLES,1
B09D9S4GFR,DRINKING_CUP,1
B09DBW33L9,PUZZLES,2
B09DBWG9ML,PUZZLES,1
B09DC3SLCL,DRINKING_CUP,1
B09DC4H2CK,DRINKING_CUP,1
B09DC9BQ7V,PUZZLES,1
B09DCF8R27,BLANKET,1
B09DCG65MX,BLANKET,1
B09DCL29BX,DRINKING_CUP,1
B09DD6Z6RJ,PUZZLES,1
B09DDCPM6H,BLANKET,1
B09DDF7FSM,PUZZLES,1
B09DFBRW61,BLANKET,1
B09DFQM274,BLANKET,1
B09DG1V81F,BLANKET,1
B09DGVCPF5,PUZZLES,1
B09DJ66TBT,DRINKING_CUP,1
B09DKQ8949,PUZZLES,1
B09DL7CP5C,BLANKET,2
B09DL97CZ6,DRINKING_CUP,2
B09DMWQZ65,DRINKING_CUP,1
B09DMZP95B,DRINKING_CUP,1
B09DN4ZJLT,DRINKING_CUP,1
B09DN5C55J,DRINKING_CUP,1
B09DP24W1B,PUZZLES,1
B09DRG78M6,DRINKING_CUP,1
B09DT176HJ,BLANKET,1
B09DT1SY5F,DRINKING_CUP,1
B09DTL8BJC,DRINKING_CUP,1
B09DTXKS2K,DRINKING_CUP,1
B09DV7Y1DM,DRINKING_CUP,1
B09DVSYMWC,BLANKET,1
B09DW8XTCG,DRINKING_CUP,1
B09DX3XM9D,DRINKING_CUP,1
B09DX4VHYZ,DRINKING_CUP,2
B09DY4VJW4,DRINKING_CUP,1
B09DYBGYC9,PUZZLES,1
B09DYCGXQB,DRINKING_CUP,1
B09F1ZY8VC,BLANKET,1
B09F2VXFT2,DRINKING_CUP,1
B09F3KY48N,BLANKET,1
B09F3W7P2V,BLANKET,1
B09F5YN58Z,BLANKET,1
B09F6CS4N8,PUZZLES,1
B09F6FJPZT,BLANKET,1
B09F71KVFB,PUZZLES,1
B09F73CFRM,PUZZLES,1
B09F73WNWY,PUZZLES,1
B09F827QMG,DRINKING_CUP,1
B09FDP9BKJ,PUZZLES,1
B09FDTD11R,BLANKET,1
B09FDXJ83V,DRINKING_CUP,1
B09FF9VHG9,DRINKING_CUP,1
B09FFSB97Z,DRINKING_CUP,1
B09FJ828SG,BLANKET,1
B09FJRR1P2,BLANKET,1
B09FJS4V69,BLANKET,1
B09FJTQS4C,BLANKET,1
B09FJV7DQ8,BLANKET,1
B09FK7TKSW,BLANKET,1
B09FKZCZPP,PUZZLES,1
B09FL93R7K,BLANKET,1
B09FLCYL3Z,BLANKET,1
B09FLJRSTL,DRINKING_CUP,1
B09FLK56X4,DRINKING_CUP,2
B09FLWGKH7,PUZZLES,1
B09FPNQ33H,PUZZLES,1
B09FPQ45B4,PUZZLES,1
B09FSNMWKD,DRINKING_CUP,1
B09FSXFPD4,BLANKET,1
B09FTK41QW,PUZZLES,1
B09FXXYDH5,BLANKET,1
B09FYBJBFD,PUZZLES,1
B09FYC3X23,PUZZLES,2
B09FYC5PZS,PUZZLES,1
B09FYC7HTB,BLANKET,1
B09FYD52SB,PUZZLES,1
B09FYD7MHK,PUZZLES,1
B09FYHH3WG,SURFACE_CLEANING_WIPE,1
B09FYLYNVT,PUZZLES,1
B09FYWCGF4,BLANKET,1
B09FZ4D4RZ,BLANKET,1
B09FZ5VHGM,BLANKET,1
B09FZ7VHHH,BLANKET,1
B09G1WGJNM,PUZZLES,2
B09G29NM7C,PUZZLES,1
B09G2DLV32,BLANKET,1
B09G2WNN61,DRINKING_CUP,1
B09G5TC7HW,DRINKING_CUP,1
B09G68MJTK,DRINKING_CUP,1
B09G6KXBSG,DRINKING_CUP,1
B09G6Z3LQ4,BLANKET,1
B09GCBVQGL,BLANKET,1
B09GDL1HSL,DRINKING_CUP,1
B09GFLYTGV,BLANKET,1
B09GFVMGZL,BLANKET,1
B09GH6TP49,PUZZLES,1
B09GJRK3KX,BLANKET,1
B09GM3D4GL,BLANKET,1
B09GM6Q61L,BLANKET,1
B09GNQ7S4V,BLANKET,1
B09GPXSWL2,DRINKING_CUP,1
B09GS8DKZ4,DRINKING_CUP,1
B09GV5CP67,DRINKING_CUP,1
B09GW649SS,PUZZLES,1
B09GW77MQ3,PUZZLES,1
B09GW7HFY2,PUZZLES,1
B09GW7WSR9,PUZZLES,1
B09GW8S12F,DRINKING_CUP,1
B09GW96XLK,PUZZLES,1
B09GXM1L8L,DRINKING_CUP,1
B09GY6YV3B,PUZZLES,1
B09H37QBRK,DRINKING_CUP,1
B09H3BS1Y1,BAKING_PAN,1
B09H3DZMND,BLANKET,1
B09H3GC192,DRINKING_CUP,1
B09H3TWQLN,DRINKING_CUP,1
B09H428C1R,BAKING_PAN,1
B09H4SD49Z,BLANKET,1
B09H4YZR8M,DRINKING_CUP,1
B09H6XV96Z,DRINKING_CUP,1
B09H78YSNP,DRINKING_CUP,1
B09H7BM8Y4,BLANKET,1
B09H7GWZYR,BLANKET,1
B09H7HBCWY,TOILET_PAPER,1
B09H9XDZCB,BAKING_PAN,1
B09H9ZPGXP,DRINKING_CUP,1
B09HCSK127,BLANKET,1
B09HCT5MJG,BLANKET,1
B09HCXV7D4,DRINKING_CUP,1
B09HCYT67V,DRINKING_CUP,1
B09HGYK7WG,DRINKING_CUP,1
B09HH79611,BLANKET,2
B09HHLPKWL,PUZZLES,1
B09HJJC2JD,DRINKING_CUP,1
B09HJTHTDW,DRINKING_CUP,1
B09HK1YV9V,PUZZLES,1
B09HKHHRQD,BLANKET,1
B09HKJNHRD,PUZZLES,1
B09HL35JLG,PUZZLES,1
B09HL7C2FP,SURFACE_CLEANING_WIPE,2
B09HM4LY3B,BLANKET,1
B09HMNFLGK,BLANKET,1
B09HN1C91Y,PUZZLES,1
B09HP1HPZ6,DRINKING_CUP,1
B09HPGBLBX,DRINKING_CUP,1
B09HQH2SBT,DRINKING_CUP,1
B09HQZVG7R,DRINKING_CUP,1
B09HSMV59H,BLANKET,1
B09HSQZW54,DRINKING_CUP,2
B09HSRX489,DRINKING_CUP,1
B09HSS61ZS,BLANKET,1
B09HSSGP9G,DRINKING_CUP,1
B09HST5JWC,DRINKING_CUP,2
B09HSVN85X,DRINKING_CUP,3
B09HT84N3Z,SURFACE_CLEANING_WIPE,1
B09HV3L2XG,BLANKET,1
B09HVCVSCG,BLANKET,1
B09HY44KMN,DRINKING_CUP,1
B09HZ6TX2J,BLANKET,1
B09HZMTBR4,DRINKING_CUP,1
B09J14LFV2,BLANKET,1
B09J175Z8R,DRINKING_CUP,1
B09J177C4T,DRINKING_CUP,1
B09J17HW1D,DRINKING_CUP,1
B09J1LYNPT,BLANKET,1
B09J1M7452,BLANKET,1
B09J1N421J,DRINKING_CUP,1
B09J2Y4SYF,DRINKING_CUP,1
B09J36T8HJ,DRINKING_CUP,1
B09J4RJ6RL,BLANKET,1
B09J535KCW,BLANKET,1
B09J56XRR4,BLANKET,1
B09J6PRLY6,DRINKING_CUP,1
B09J8CFFRB,BLANKET,1
B09J8MG18R,BLANKET,1
B09J963LNL,DRINKING_CUP,1
B09JCCP149,DRINKING_CUP,1
B09JCLK93K,DRINKING_CUP,1
B09JDNMNSQ,BLANKET,1
B09JGKRH2W,BLANKET,1
B09JGKXF76,BAKING_PAN,1
B09JHNMYS5,DRINKING_CUP,1
B09JJM3CG8,DRINKING_CUP,1
B09JK35MM2,DRINKING_CUP,1
B09JKJTG9P,BLANKET,1
B09JLVNYZF,BLANKET,1
B09JN5ZMLK,DRINKING_CUP,1
B09JNLCP4G,DRINKING_CUP,1
B09JNML2XZ,DRINKING_CUP,1
B09JNR3F4G,DRINKING_CUP,1
B09JNRXJD6,DRINKING_CUP,1
B09JP6GF13,DRINKING_CUP,1
B09JPG4S6F,DRINKING_CUP,1
B09JW996Y4,BLANKET,1
B09JWJZRSM,BLANKET,1
B09JYMSMCQ,BLANKET,1
B09JZY1V1C,DRINKING_CUP,1
B09K4R2VJG,PUZZLES,1
B09K6YJQVT,BLANKET,1
B09K734BHF,BLANKET,1
B09K74LZXH,BLANKET,1
B09KBRZPHL,DRINKING_CUP,1
B09KBX8F8X,BLANKET,1
B09KC6MYC9,BLANKET,1
B09KKV79SR,BLANKET,1
B09KM9H7J7,DRINKING_CUP,1
B09KMHLD3P,PUZZLES,1
B09KMNXP2Z,BLANKET,1
B09KMV9H4B,PUZZLES,1
B09KMYH4BV,BAKING_PAN,1
B09KNC5FMP,BLANKET,1
B09KNLQ491,BLANKET,1
B09KP1N733,DRINKING_CUP,1
B09KPK9HVT,BLANKET,1
B09KQRZL1P,DRINKING_CUP,1
B09KR5716Y,DRINKING_CUP,1
B09KRCNGNS,BLANKET,1
B09KRR988K,BLANKET,1
B09KRWTLYL,DRINKING_CUP,1
B09KS32WL3,BLANKET,1
B09KSYNNFW,TOILET_PAPER,5
B09KT33XHC,TOILET_PAPER,2
B09KT9M4K2,TOILET_PAPER,1
B09KTH91ZB,DRINKING_CUP,1
B09KTX51JG,BLANKET,1
B09KW8DM65,BLANKET,1
B09KXX7KH2,BLANKET,1
B09KZ5SX2H,DRINKING_CUP,1
B09KZ79BMH,DRINKING_CUP,2
B09KZ79S7G,PUZZLES,1
B09KZK9K7Z,DRINKING_CUP,1
B09L13V44D,DRINKING_CUP,1
B09L172H6X,BLANKET,1
B09L1DZN4Q,BLANKET,1
B09L2T4CWQ,DRINKING_CUP,1
B09L2YBM6N,DRINKING_CUP,1
B09L4256N8,BLANKET,1
B09L4KVX9N,DRINKING_CUP,1
B09L4NKDK7,PUZZLES,1
B09L533P4K,TOILET_PAPER,36
B09L7SDQPG,DRINKING_CUP,1
B09L888H7D,BLANKET,1
B09L9XQQKR,DRINKING_CUP,1
B09LCDDY33,DRINKING_CUP,1
B09LCFJY36,PUZZLES,1
B09LCSTKZX,DRINKING_CUP,1
B09LCVNF14,BLANKET,1
B09LDJRSQL,DRINKING_CUP,1
B09LF4QWY2,BLANKET,1
B09LGVMG5B,PUZZLES,1
B09LHJJGPB,BLANKET,1
B09LJ3VJGS,PUZZLES,1
B09LJRHW7Q,PUZZLES,1
B09LLV94QX,DRINKING_CUP,1
B09LLZ1PZ1,BAKING_PAN,1
B09LM9S5HL,DRINKING_CUP,1
B09LQTXSB4,DRINKING_CUP,1
B09LT7CKW8,BLANKET,1
B09LVHF9DD,PUZZLES,1
B09LYDK355,DRINKING_CUP,1
B09M2DGGJW,TOILET_PAPER,1
B09M2S1M44,BLANKET,1
B09M2X1H9Z,TOILET_PAPER,1
B09M2XKKD1,BLANKET,1
B09M5YL82S,BLANKET,1
B09M73TVLT,DRINKING_CUP,1
B09M7PYDCC,DRINKING_CUP,1
B09M8JS8PY,BLANKET,1
B09MCB8T1G,PUZZLES,1
B09MCG8XGL,PUZZLES,1
B09MDFV73Q,BLANKET,2
B09MDG5G4L,BLANKET,1
B09MF6Y9Q5,DRINKING_CUP,1
B09MFBP8Z3,BLANKET,1
B09MG3H2S6,BLANKET,1
B09MG3MW3H,BLANKET,1
B09MG8GZP3,DRINKING_CUP,1
B09MH87JGX,DRINKING_CUP,1
B09MH9X4XV,DRINKING_CUP,1
B09MHFS2ZX,DRINKING_CUP,1
B09MHQXWZM,BLANKET,1
B09MK8CTKD,BLANKET,1
B09MLJ5DN2,DRINKING_CUP,1
B09MMC2FG4,BLANKET,1
B09MN5B2YR,DRINKING_CUP,1
B09MP2GXFQ,TOILET_PAPER,1
B09MQ6BWMX,BLANKET,1
B09MRSBKQ8,BLANKET,1
B09MSWWPKS,PUZZLES,1
B09MT4JZQ3,DRINKING_CUP,1
B09MT81DX6,DRINKING_CUP,1
B09MTF8KFF,DRINKING_CUP,1
B09MTRJXRM,DRINKING_CUP,1
B09MV2ZTCN,DRINKING_CUP,1
B09MVDMHK8,DRINKING_CUP,1
B09MVH9FSK,BAKING_PAN,1
B09MW7ZK8B,DRINKING_CUP,1
B09MXG1KVN,BLANKET,1
B09MY13GPP,BLANKET,1
B09MY8FDD4,DRINKING_CUP,1
B09MYC53H9,BLANKET,1
B09MYNY6GP,BLANKET,1
B09MZ2PJ7Z,DRINKING_CUP,2
B09MZ68FSM,BLANKET,1
B09MZVVKDT,SURFACE_CLEANING_WIPE,1
B09N3JV963,BLANKET,2
B09N4V3SCC,BLANKET,1
B09N6JGPDM,DRINKING_CUP,1
B09N6TBYWP,PUZZLES,1
B09N79KVLH,DRINKING_CUP,1
B09N8TYM63,PUZZLES,1
B09N938DN4,BLANKET,1
B09NB1R4ZV,DRINKING_CUP,1
B09NB1TNL6,DRINKING_CUP,1
B09NCJSDB2,BLANKET,1
B09NCNKQTV,DRINKING_CUP,1
B09NHWMJH2,PUZZLES,1
B09NJQ8TZC,PUZZLES,1
B09NK14T8R,BLANKET,1
B09NKSLGLZ,BLANKET,1
B09NKWNWXL,BLANKET,1
B09NL9ZWGL,DRINKING_CUP,1
B09NLSQKR7,BLANKET,1
B09NLWF2Y8,DRINKING_CUP,1
B09NLZ9CBD,BLANKET,1
B09NLZHSFD,DRINKING_CUP,1
B09NMQZZ96,DRINKING_CUP,1
B09NN4135Z,DRINKING_CUP,1
B09NN41DP1,DRINKING_CUP,1
B09NP458XH,DRINKING_CUP,1
B09NQ5NMNX,BLANKET,1
B09NQKV69G,SURFACE_CLEANING_WIPE,1
B09NQRCWY8,DRINKING_CUP,1
B09NR5PZS4,DRINKING_CUP,1
B09NRH5MT9,DRINKING_CUP,1
B09NRNLV35,PUZZLES,1
B09NSG2X4P,BLANKET,1
B09NVH33FF,DRINKING_CUP,1
B09NVNMKHH,DRINKING_CUP,1
B09NVSNKNZ,BLANKET,1
B09NW7SKPJ,TOILET_PAPER,11
B09NW7ZP8H,TOILET_PAPER,59
B09NW81TH8,TOILET_PAPER,2
B09NW8PNH8,TOILET_PAPER,16
B09NW8QRSK,TOILET_PAPER,1
B09NW8WH68,TOILET_PAPER,11
B09NW9JQNC,TOILET_PAPER,11
B09NXV4F5B,BLANKET,1
B09NY5B3B9,DRINKING_CUP,1
B09NYK8GDZ,DRINKING_CUP,1
B09P1C5ZWW,DRINKING_CUP,1
B09P3FF3BX,DRINKING_CUP,1
B09P4Q1574,BLANKET,1
B09P54WBQG,BLANKET,1
B09P5V69PD,PUZZLES,1
B09P6N6MYZ,PUZZLES,1
B09P7VNMKJ,PUZZLES,1
B09P7Z51LC,BLANKET,2
B09P8CX6R2,DRINKING_CUP,1
B09P8PZMXX,DRINKING_CUP,1
B09P8SBR37,TOILET_PAPER,2
B09PBHM38Z,BLANKET,1
B09PBP8H4G,DRINKING_CUP,1
B09PBQ9WHS,DRINKING_CUP,1
B09PC2R7QN,DRINKING_CUP,1
B09PC4KLV7,DRINKING_CUP,1
B09PCM6RG7,DRINKING_CUP,1
B09PD2B473,BLANKET,1
B09PDB23BH,DRINKING_CUP,1
B09PG6K42Q,BLANKET,1
B09PJ9KXMG,BLANKET,2
B09PJ9VYKX,BLANKET,1
B09PL6SRFM,DRINKING_CUP,2
B09PLJ4JG7,DRINKING_CUP,1
B09PLJFVTN,DRINKING_CUP,1
B09PM635JQ,PUZZLES,1
B09PMST145,DRINKING_CUP,1
B09PRGXCL2,BLANKET,1
B09PTL9Y4H,BLANKET,1
B09PTMGRQP,DRINKING_CUP,2
B09PTNHSNV,DRINKING_CUP,1
B09PTZ8ZVY,DRINKING_CUP,1
B09PXLDWD7,PUZZLES,1
B09PXX42TY,BLANKET,1
B09PYQYZ6N,DRINKING_CUP,1
B09PYSKTKM,DRINKING_CUP,1
B09PYZTQDV,DRINKING_CUP,1
B09Q3NJFG5,PUZZLES,1
B09Q5DD15N,DRINKING_CUP,1
B09Q5SQZLK,DRINKING_CUP,1
B09Q6DJPHT,PUZZLES,1
B09Q97NZYM,DRINKING_CUP,1
B09QF42DK7,PUZZLES,1
B09QFZVVDZ,DRINKING_CUP,1
B09QKTQ9TB,DRINKING_CUP,4
B09QKV561Y,DRINKING_CUP,1
B09QKVLL45,BLANKET,1
B09QKYCPJF,BAKING_PAN,1
B09QL17PLS,BLANKET,1
B09QLP8B45,TOILET_PAPER,1
B09QLWB2W9,BAKING_PAN,1
B09QM4HXKC,DRINKING_CUP,1
B09QMB8F1R,DRINKING_CUP,1
B09QPC282D,DRINKING_CUP,1
B09QPK9VKX,DRINKING_CUP,1
B09QPQ7MZF,PUZZLES,1
B09QPT37HH,DRINKING_CUP,1
B09QQLJ8FB,SURFACE_CLEANING_WIPE,1
B09QRH2F2K,DRINKING_CUP,1
B09QRRHRZF,DRINKING_CUP,1
B09QRY99GC,DRINKING_CUP,1
B09QT7GM7R,PUZZLES,1
B09QVGK1GV,DRINKING_CUP,1
B09QW3ZYS6,DRINKING_CUP,1
B09R1895XD,DRINKING_CUP,1
B09R1GJDSF,DRINKING_CUP,1
B09R1WPDM4,PUZZLES,1
B09R3R9Y81,PUZZLES,1
B09R3T76Q8,PUZZLES,1
B09R4T7L6B,TOILET_PAPER,1
B09R4TPJRZ,TOILET_PAPER,14
B09R4VBGX2,TOILET_PAPER,2
B09R4VHZ55,TOILET_PAPER,12
B09R4W3HBX,TOILET_PAPER,1
B09R51JQ8M,DRINKING_CUP,1
B09R6JKY9K,DRINKING_CUP,1
B09R7P6MDS,DRINKING_CUP,1
B09R8K6MB9,DRINKING_CUP,1
B09RB3GXNP,BLANKET,1
B09RBB8XCP,DRINKING_CUP,1
B09RDBPNNT,BLANKET,1
B09RG2ZM9R,DRINKING_CUP,1
B09RKNFKKT,DRINKING_CUP,1
B09RLQCSKB,DRINKING_CUP,3
B09RLST3Q5,DRINKING_CUP,1
B09RLT8K67,DRINKING_CUP,2
B09RLVNNX9,DRINKING_CUP,1
B09RLW4YS2,DRINKING_CUP,1
B09RM1NL7V,DRINKING_CUP,2
B09RM1YQ9Z,DRINKING_CUP,1
B09RM3CR7N,DRINKING_CUP,1
B09RNC6BB9,DRINKING_CUP,1
B09RQY7MPY,PUZZLES,1
B09RSJQ7MS,DRINKING_CUP,1
B09RTNGRWQ,DRINKING_CUP,1
B09RWPQ6TR,BLANKET,1
B09RWQPDCC,BLANKET,1
B09RX3P5QY,DRINKING_CUP,1
B09RZHBGNX,BLANKET,1
B09RZMMBCX,BLANKET,1
B09RZS76W1,DRINKING_CUP,1
B09S143YCS,PUZZLES,1
B09S31911Y,PUZZLES,1
B09S529GF3,DRINKING_CUP,1
B09S53W68S,DRINKING_CUP,1
B09S7H2GWW,DRINKING_CUP,1
B09S9PFJJ1,DRINKING_CUP,1
B09SBNV1L6,PUZZLES,1
B09SBP32XC,DRINKING_CUP,1
B09SFLR7D1,BLANKET,1
B09SGM5YSD,DRINKING_CUP,1
B09SJ612MG,DRINKING_CUP,1
B09SLMNC55,BLANKET,1
B09SM18KV1,BLANKET,1
B09SNS6N26,DRINKING_CUP,1
B09SRC2PDK,PUZZLES,1
B09SS6QLH3,TOILET_PAPER,5
B09ST9MLWB,BLANKET,1
B09SVDTB9Z,DRINKING_CUP,1
B09SVGMYGR,PUZZLES,1
B09SVL2H2Z,PUZZLES,1
B09SVN35V2,BLANKET,1
B09SYR872L,BLANKET,1
B09T28GWJS,BLANKET,1
B09T35ZDFC,BLANKET,1
B09T37L59V,DRINKING_CUP,1
B09T4WC7NK,DRINKING_CUP,1
B09T5K5GL9,BLANKET,1
B09T6M13PR,BLANKET,1
B09T7Z8TK3,TOILET_PAPER,2
B09T9282GK,DRINKING_CUP,1
B09T9BT7G4,PUZZLES,1
B09T9KJ8Z7,DRINKING_CUP,1
B09TBGNNL6,PUZZLES,1
B09TCFLK41,SURFACE_CLEANING_WIPE,1
B09TDCGLPN,DRINKING_CUP,1
B09TGMVX1J,PUZZLES,1
B09TGRWXX5,DRINKING_CUP,1
B09TK6SFJN,DRINKING_CUP,1
B09TKX4KXK,DRINKING_CUP,1
B09TKX8YRV,BLANKET,1
B09TKXRJ2Z,BAKING_PAN,1
B09TMJB1TZ,BAKING_PAN,1
B09TN7JZHJ,BAKING_PAN,1
B09TNRKK7N,DRINKING_CUP,1
B09TR5XMK6,DRINKING_CUP,1
B09TRLBHW8,DRINKING_CUP,1
B09TS3NVPC,DRINKING_CUP,1
B09TTN53GM,DRINKING_CUP,1
B09TTS59MG,PUZZLES,1
B09TWBF76V,DRINKING_CUP,1
B09TWSWYJ7,PUZZLES,3
B09TXHMVRL,BAKING_PAN,1
B09TYMK6T6,BLANKET,1
B09TZMNGTZ,BLANKET,1
B09V14BBMV,DRINKING_CUP,1
B09V1PNV5L,TOILET_PAPER,3
B09V28BKTS,BLANKET,1
B09V45QJYF,BLANKET,1
B09V4HTGH8,DRINKING_CUP,1
B09V53KM17,DRINKING_CUP,1
B09V554HZV,BLANKET,1
B09V5C8558,DRINKING_CUP,1
B09V5MN1H9,DRINKING_CUP,1
B09V5NKR9B,DRINKING_CUP,1
B09V5PN7G4,DRINKING_CUP,1
B09V5PS6BZ,DRINKING_CUP,1
B09V5PYKMH,DRINKING_CUP,1
B09V5PZVBV,DRINKING_CUP,1
B09V5QBCRS,DRINKING_CUP,1
B09V6SYMPY,BLANKET,1
B09V6ZBDNF,DRINKING_CUP,1
B09V7L2R78,BLANKET,1
B09V9M3JB7,DRINKING_CUP,1
B09VBC5V4D,DRINKING_CUP,1
B09VBMS2X7,BLANKET,1
B09VGND63Z,DRINKING_CUP,1
B09VKVNZFZ,DRINKING_CUP,1
B09VNWBGZ9,DRINKING_CUP,1
B09VR7X67N,PUZZLES,1
B09VS824B2,BLANKET,1
B09VSM2XC9,DRINKING_CUP,1
B09VSXQV6W,BLANKET,1
B09VSYKXVS,BLANKET,1
B09VYNSYQ7,DRINKING_CUP,1
B09VYZD4ZG,BAKING_PAN,1
B09W294ZF3,DRINKING_CUP,2
B09W2J57BQ,BLANKET,1
B09W2LTW2G,BAKING_PAN,1
B09W4ZG3SD,DRINKING_CUP,1
B09W568LY6,BLANKET,1
B09W8F6M35,DRINKING_CUP,1
B09W8NCLQX,DRINKING_CUP,1
B09W9RGKPS,DRINKING_CUP,1
B09WDDBCKW,DRINKING_CUP,1
B09WGCFCPX,PUZZLES,1
B09WGX2B1J,DRINKING_CUP,1
B09WH7NBW1,BAKING_PAN,1
B09WHPBXZ5,DRINKING_CUP,1
B09WMR2SK6,BLANKET,1
B09WQ2W488,PUZZLES,1
B09WQYW5BC,BLANKET,1
B09WTG2XFT,DRINKING_CUP,1
B09WTH1P3H,DRINKING_CUP,1
B09WTSKMVW,PUZZLES,1
B09WZ4NXGS,PUZZLES,1
B09X1RLBXF,BLANKET,1
B09X24ZDMC,TOILET_PAPER,1
B09X26GRX2,TOILET_PAPER,1
B09X2VV1XK,BLANKET,1
B09X5S44H7,DRINKING_CUP,1
B09X67PQSG,DRINKING_CUP,1
B09X6LNST3,DRINKING_CUP,1
B09X9ZQNCY,DRINKING_CUP,1
B09XDHV2B5,DRINKING_CUP,1
B09XF13T3Q,PUZZLES,2
B09XHVCG6H,DRINKING_CUP,2
B09XJH38JB,PUZZLES,2
B09XJM4B1V,DRINKING_CUP,1
B09XLHF72K,DRINKING_CUP,1
B09XMCKYFY,BLANKET,1
B09XMF7XPD,BLANKET,1
B09XMFYSDM,BLANKET,1
B09XMGNB6R,BAKING_PAN,1
B09XQG1H7C,BLANKET,1
B09XRBK154,PUZZLES,1
B09XRFSLKK,BLANKET,1
B09XTV1C8R,BLANKET,1
B09XWZVS5D,BLANKET,1
B09XXKFL5D,DRINKING_CUP,1
B09XZ725MR,DRINKING_CUP,1
B09Y1DTR3F,BLANKET,1
B09Y31GSN9,BLANKET,2
B09Y5NQ4HW,BLANKET,1
B09Y6BF4WR,BLANKET,1
B09YDP7YFD,DRINKING_CUP,1
B09YGBBP1X,DRINKING_CUP,1
B09YGZV481,DRINKING_CUP,1
B09YH4YYSM,DRINKING_CUP,1
B09YKBMWM7,BLANKET,1
B09YKY1XQY,BLANKET,1
B09YKYG6W8,TOILET_PAPER,6
B09YKYV9N9,TOILET_PAPER,9
B09YL64132,DRINKING_CUP,1
B09YLQWZ7B,DRINKING_CUP,1
B09YMZ4QJ7,PUZZLES,1
B09YNY3ZX9,DRINKING_CUP,2
B09YQ2SPCQ,BLANKET,1
B09YRZ24QJ,PUZZLES,1
B09YSZ26TY,TOILET_PAPER,1
B09YT7F8DY,BLANKET,1
B09YTYX686,BLANKET,1
B09YY26K3J,BLANKET,1
B09YY6JXRQ,DRINKING_CUP,1
B09YYRXJZ5,BLANKET,1
B09YYZBPFT,DRINKING_CUP,1
B09Z1Q4WPY,DRINKING_CUP,1
B09Z1W3QPQ,BLANKET,1
B09Z286131,BLANKET,1
B09Z2N1P4K,DRINKING_CUP,1
B09Z31DQ1X,PUZZLES,1
B09Z3246NJ,BLANKET,1
B09Z388WGB,DRINKING_CUP,1
B09Z6LRTP1,BLANKET,1
B09Z6WJHTQ,BLANKET,1
B09ZB73WSH,BLANKET,1
B09ZBPFN9H,DRINKING_CUP,1
B09ZD4DJY5,DRINKING_CUP,1
B09ZFBMZBH,PUZZLES,1
B09ZJ5T4DL,PUZZLES,1
B09ZLFTTSK,BLANKET,1
B09ZNYP22P,BLANKET,1
B09ZPF1WKL,BLANKET,1
B09ZPFGLYH,BLANKET,1
B09ZQR3TKZ,DRINKING_CUP,1
B09ZSJB9R8,DRINKING_CUP,1
B09ZTMNNQZ,DRINKING_CUP,1
B09ZXKP86N,DRINKING_CUP,1
B09ZXVZRX1,DRINKING_CUP,1
B09ZXZMT6L,DRINKING_CUP,1
B09ZYBDMZ1,DRINKING_CUP,1
B09ZZRBZGV,PUZZLES,1
B09ZZZS16K,PUZZLES,1
B0B11QZJKZ,DRINKING_CUP,1
B0B145DG3H,PUZZLES,1
B0B17JN5VQ,BLANKET,1
B0B194CY2M,PUZZLES,1
B0B19SYKNJ,BLANKET,1
B0B1B26VR6,DRINKING_CUP,1
B0B1C63R55,DRINKING_CUP,1
B0B1C8FMKN,BAKING_PAN,1
B0B1CZ5KTY,BLANKET,1
B0B1D89BFZ,BLANKET,1
B0B1D8T9M2,BLANKET,1
B0B1D9LWMG,BLANKET,1
B0B1DBTQLX,BLANKET,1
B0B1GZCCR2,DRINKING_CUP,1
B0B1H214FR,BLANKET,1
B0B1LHNJB1,DRINKING_CUP,1
B0B1LW25YF,BAKING_PAN,1
B0B1N6T6MK,DRINKING_CUP,1
B0B1P3FQQ1,DRINKING_CUP,1
B0B1PLLT95,DRINKING_CUP,1
B0B1S5YMJJ,DRINKING_CUP,1
B0B1V6D8V6,BLANKET,1
B0B1V8JCHH,BLANKET,1
B0B1V8JCQJ,DRINKING_CUP,1
B0B1VFJ6S1,BLANKET,1
B0B1VHCPS2,BLANKET,1
B0B1VR5KKM,DRINKING_CUP,1
B0B1WB8Q6F,BLANKET,1
B0B1WCQ3TZ,BLANKET,1
B0B1ZYBQ7X,BLANKET,1
B0B21GM9DC,BLANKET,1
B0B23RBHCR,BLANKET,1
B0B24F981S,BLANKET,1
B0B255M9H7,BLANKET,1
B0B28DKKBJ,BLANKET,1
B0B28YYYHH,DRINKING_CUP,1
B0B2959TM3,DRINKING_CUP,1
B0B2CYTKT4,BLANKET,1
B0B2D1JSKL,BLANKET,1
B0B2F7ZCLR,DRINKING_CUP,1
B0B2G6XTN4,DRINKING_CUP,1
B0B2K25ZM9,BLANKET,1
B0B2K3MRFV,BLANKET,1
B0B2K3PR6B,BLANKET,1
B0B2LP6L6H,DRINKING_CUP,1
B0B2M4SP71,DRINKING_CUP,1
B0B2MPDWPS,DRINKING_CUP,1
B0B2MPFYT1,DRINKING_CUP,1
B0B2NKZQZS,BAKING_PAN,1
B0B2P3CFCN,BLANKET,1
B0B2P819M9,DRINKING_CUP,1
B0B2PDJZ3L,BLANKET,1
B0B2PKDWWJ,BLANKET,1
B0B2QRJX9R,BLANKET,1
B0B2SFXMWJ,BLANKET,1
B0B2SHBD8B,BLANKET,1
B0B2W7GSGJ,BLANKET,1
B0B31398YP,BLANKET,1
B0B313GFHV,BLANKET,1
B0B31752GN,BLANKET,1
B0B33K45BB,DRINKING_CUP,1
B0B38KN439,DRINKING_CUP,1
B0B3DFSNLD,BLANKET,1
B0B3F512R3,BLANKET,1
B0B3H86YTH,BLANKET,1
B0B3HFSZ4F,DRINKING_CUP,1
B0B3HPQ6JB,DRINKING_CUP,1
B0B3LPYGFJ,DRINKING_CUP,1
B0B3M1Q183,DRINKING_CUP,1
B0B3M2DMN1,DRINKING_CUP,1
B0B3MQMNXN,DRINKING_CUP,1
B0B3MQQF8W,BLANKET,1
B0B3MTHL33,BLANKET,1
B0B3RLG18B,BLANKET,1
B0B3SF2BL6,DRINKING_CUP,1
B0B3SFKM28,DRINKING_CUP,1
B0B3SG1TSS,DRINKING_CUP,3
B0B3SGGC3Z,DRINKING_CUP,2
B0B3SHFPB6,DRINKING_CUP,1
B0B3SHVJ89,DRINKING_CUP,1
B0B3SJHSB4,DRINKING_CUP,3
B0B3SJNP5S,DRINKING_CUP,1
B0B433T25C,PUZZLES,1
B0B4358GZZ,PUZZLES,1
B0B43SSVQV,SURFACE_CLEANING_WIPE,1
B0B46CF9D5,BLANKET,1
B0B46THFWG,DRINKING_CUP,1
B0B48GGQKV,BLANKET,1
B0B4CS57L5,DRINKING_CUP,2
B0B4H6C4ND,BLANKET,1
B0B4JMFPVX,BLANKET,1
B0B4JYHZ1P,DRINKING_CUP,1
B0B4K32GJC,PUZZLES,1
B0B4KPB9G2,PUZZLES,1
B0B4MMWYF6,PUZZLES,1
B0B4RXCW96,BAKING_PAN,1
B0B4SCJ4F2,BLANKET,1
B0B4W967X7,BLANKET,2
B0B4YL7SB1,DRINKING_CUP,1
B0B4ZC4PBY,BLANKET,1
B0B517RMH7,BLANKET,1
B0B51BWW1C,BLANKET,1
B0B51CFMPJ,DRINKING_CUP,1
B0B52DHGMF,DRINKING_CUP,1
B0B5642MBT,DRINKING_CUP,1
B0B56VQ1BD,PUZZLES,1
B0B57RDN5C,DRINKING_CUP,1
B0B5896NLC,BLANKET,1
B0B58RXCZR,BLANKET,2
B0B58TYN69,BLANKET,1
B0B5DBV46L,DRINKING_CUP,1
B0B5GJMH2N,BLANKET,1
B0B5GJXRWY,BLANKET,1
B0B5GKV9XN,BLANKET,1
B0B5GMPBTG,BLANKET,2
B0B5GNWGGN,BLANKET,1
B0B5GTFNV5,BLANKET,1
B0B5MB7BXZ,DRINKING_CUP,1
B0B5NDYBFK,DRINKING_CUP,1
B0B5XC4LKS,BLANKET,1
B0B5YHHQ91,DRINKING_CUP,1
B0B5Z2S7ST,DRINKING_CUP,1
B0B5ZW6ZXP,BLANKET,1
B0B62RK55W,BLANKET,1
B0B648RQQQ,PUZZLES,1
B0B64DQ3P5,DRINKING_CUP,1
B0B64FXNLV,DRINKING_CUP,1
B0B68L8GJ1,DRINKING_CUP,1
B0B6DNKFC4,PUZZLES,1
B0B6G231KP,BLANKET,1
B0B6GTTZXY,BLANKET,1
B0B6H261Z7,BLANKET,1
B0B6P5CSY3,BLANKET,1
B0B6P9G3JW,BLANKET,1
B0B6Q3GY3Q,BLANKET,1
B0B6RD455S,PUZZLES,1
B0B6VJVBN4,DRINKING_CUP,1
B0B6XWLRXT,PUZZLES,1
B0B6XWPCXF,BAKING_PAN,1
B0B6Y1JLTS,DRINKING_CUP,1
B0B6ZVL4N8,BLANKET,1
B0B729R52N,PUZZLES,1
B0B72G4PML,PUZZLES,1
B0B75L92P2,DRINKING_CUP,1
B0B76P2SY8,BLANKET,1
B0B771HS1Q,DRINKING_CUP,1
B0B79ZFGST,BLANKET,1
B0B7B6V7PD,DRINKING_CUP,1
B0B7BBXK66,BLANKET,1
B0B7BCW6J2,BLANKET,1
B0B7BRYM8C,DRINKING_CUP,1
B0B7DSBHYY,BLANKET,1
B0B7DZZVZS,DRINKING_CUP,1
B0B7HMJLXM,BLANKET,2
B0B7K5MXK3,BLANKET,1
B0B7N3NMP5,BLANKET,1
B0B7N53JNH,BLANKET,1
B0B7NFY73X,BLANKET,1
B0B7NGFFX8,PUZZLES,2
B0B7NYPSVB,DRINKING_CUP,1
B0B7P58JTV,PUZZLES,1
B0B7QJ4SWJ,DRINKING_CUP,1
B0B7WDGG2C,BLANKET,1
B0B7WL9375,DRINKING_CUP,1
B0B7WXL6W2,SURFACE_CLEANING_WIPE,1
B0B7XD1JT1,DRINKING_CUP,1
B0B7XG4GSJ,DRINKING_CUP,1
B0B818M4PL,BLANKET,1
B0B826C581,DRINKING_CUP,1
B0B82F6S8C,DRINKING_CUP,1
B0B8529G6J,BLANKET,1
B0B87BRYTP,BLANKET,1
B0B8HG5MKY,BLANKET,1
B0B8J38PYC,BLANKET,1
B0B8MLSQWW,BLANKET,1
B0B8RL1VDH,DRINKING_CUP,1
B0B8T2TNJ4,PUZZLES,1
B0B8W62DN9,BLANKET,1
B0B8Z7NTN2,PUZZLES,1
B0B8Z8PS7H,BLANKET,1
B0B8ZJVZCT,DRINKING_CUP,1
B0B8ZL9ZSC,DRINKING_CUP,1
B0B93CMGS8,DRINKING_CUP,1
B0B93GMP2Z,DRINKING_CUP,1
B0B99B7VBB,DRINKING_CUP,1
B0B99GKDB9,DRINKING_CUP,1
B0B9GNC7WK,DRINKING_CUP,1
B0B9M457ZL,BLANKET,1
B0B9MJK1RS,BLANKET,1
B0B9MMF512,BLANKET,1
B0B9MQK7MX,BLANKET,1
B0B9RQ5NNZ,DRINKING_CUP,1
B0B9RVM6V3,BLANKET,1
B0B9YS1PS1,PUZZLES,1
B0BB26GQZT,BLANKET,1
B0BB3BFKJ4,BAKING_PAN,1
B0BB9WYH3S,DRINKING_CUP,1
B0BBH87XDS,DRINKING_CUP,1
B0BBLST586,DRINKING_CUP,1
B0BBPK5C7Z,DRINKING_CUP,1
B0BBQXFXNW,BLANKET,1
B0BBRBFBB9,DRINKING_CUP,1
B0BBRD12Z2,BLANKET,1
B0BBZHL98S,BLANKET,1
B0BC2D111J,DRINKING_CUP,1
B0BC6GVVKG,DRINKING_CUP,1
B0BC6GWDSH,BLANKET,1
B0BC845HPM,DRINKING_CUP,1
B0BC899NGC,DRINKING_CUP,1
B0BC8LF86C,DRINKING_CUP,1
B0BCFV51TP,BLANKET,1
B0BCFW53BL,DRINKING_CUP,1
B0BCWNXL9N,BLANKET,1
B0BD4TXL94,DRINKING_CUP,1
B0BDCXXXVF,DRINKING_CUP,1
B0BDFJFFWP,BLANKET,1
B0BDFVGV3W,DRINKING_CUP,1
B0BDLTHCHN,BLANKET,1
B0BDQXM12G,DRINKING_CUP,1
B0BDWGP94B,BLANKET,1
B0BDZ2JNWM,BLANKET,1
B0BF3RZTCZ,DRINKING_CUP,1
B0BFDPGMDV,BLANKET,1
B0BFGHHM63,BLANKET,1
B0BFWG8WV6,DRINKING_CUP,1
B0BG28RVD2,BLANKET,1
B0BG82GT8G,BLANKET,1
B0BGC3TL4K,PUZZLES,1
B0BGCSC3LQ,PUZZLES,1
B0BGJQPXWQ,DRINKING_CUP,1
B0BGK36XNG,BLANKET,1
B0BGLK7FN4,BLANKET,1
B0BGXQ4YG8,BLANKET,1
B0BHBVWJWX,DRINKING_CUP,1
B0BHP71RVG,BLANKET,1
B0BHZZ2L61,BLANKET,1
B0BJ7TZWWX,BLANKET,1
B0BJ8FK47X,BLANKET,1
B0BJJFFF9G,PUZZLES,1
B0BJP4T926,BLANKET,1
B0BJZ28TRW,DRINKING_CUP,1
B0BLBW4HYW,DRINKING_CUP,1
B0BLCCS9HD,DRINKING_CUP,1
B0BLCJBQV6,BLANKET,1
B0BLND4FBJ,BLANKET,1
B0BLNQBJ47,BLANKET,1
B0BMLXJ744,DRINKING_CUP,1
B0BMND581P,BLANKET,1
B0BMWHS9SQ,DRINKING_CUP,1
B0BNTSYFZH,BLANKET,1
